,t_statistic,p_value,statistically significant,count,delta_ratio
0,-3.5206230030270085,0.00048074905575587245,True,396,38.443428957455225
1,-2.140724515428322,0.033680558981130086,True,176,43.13126146432072
All,-4.080518167131121,5.1335414059409496e-05,True,572,39.885838959567685
