,t_statistic,p_value,statistically significant,count,delta_ratio
0,-4.522845138598765,8.096481010932875e-06,True,393,32.8960575876146
1,-3.3855273556726733,0.000876083069393234,True,177,33.09672521764349
All,-5.650374592478583,2.5328400383949227e-08,True,570,32.95837016746568
