,t_statistic,p_value,statistically significant,count,delta_ratio
0,-3.1183427144129765,0.0019544139876916462,True,389,35.99926854501121
1,-1.850547267368733,0.06592046933943772,False,176,40.13666574363391
All,-3.59906509780381,0.0003474663555347488,True,565,37.28808607944943
