,t_statistic,p_value,statistically significant,count,delta_ratio
0,-4.342412862155735,1.7943899319780508e-05,True,395,44.34883810457435
1,-3.350836453903908,0.0009859476644044772,True,177,46.33952283158182
All,-5.461929540541496,7.038392764946516e-08,True,572,44.96483670016932
