,t_statistic,p_value,statistically significant,count,delta_ratio
0,-3.7153237477619263,0.00023250514758405824,True,392,36.15792850245929
1,-1.985281280755833,0.04866645041417175,True,177,34.01750483699769
All,-4.21081169877225,2.9582029079086072e-05,True,569,35.492102511621496
