,t_statistic,p_value,statistically significant,count,delta_ratio
0,-4.059969743872052,5.924633774831469e-05,True,394,37.672516091600336
1,-1.490625538845551,0.13786007125770708,False,176,33.75443436441679
All,-4.2135864398836045,2.9224091478533783e-05,True,570,36.46272243548752
