,t_statistic,p_value,statistically significant,count,delta_ratio
0,-2.211180013902292,0.02760432330584232,True,390,35.36283162635027
1,-1.9280627563678494,0.05547548212564969,False,175,37.6698855092913
All,-2.9344689470360605,0.003477179193955888,True,565,36.07740583788068
