,t_statistic,p_value,statistically significant,count,delta_ratio
0,-4.858134007165671,1.7161448510541787e-06,True,393,37.583096371541615
1,-1.9990178737634463,0.047136629151382635,True,178,38.810123797684405
All,-4.396896349410601,1.3103054419383562e-05,True,571,37.96560229422711
