,t_statistic,p_value,statistically significant,count,delta_ratio
0,-3.7148697954024406,0.00023275108472838472,True,394,36.68393698689325
1,-2.999960740627139,0.0030919116745981652,True,177,38.92971567385309
All,-4.684716058783351,3.5092868562044617e-06,True,571,37.38008904922581
