,t_statistic,p_value,statistically significant,count,delta_ratio
0,-2.841642510330987,0.004723819057927513,True,391,24.497254722575125
1,-3.614395328834894,0.00039570867630665964,True,172,26.138984548864535
All,-4.477425567314009,9.15259765432436e-06,True,563,24.998813390642223
