,t_statistic,p_value,statistically significant,count,delta_ratio
0,-2.2612075207364377,0.02429243748313682,True,394,32.32814797781315
1,-1.283500291617308,0.20101382113431754,False,176,34.45783468059123
All,-2.598224865285179,0.009613478600178986,True,570,32.98573545095165
