,t_statistic,p_value,statistically significant,count,delta_ratio
0,-3.9531930450427306,9.144538778890176e-05,True,394,35.7393237852297
1,-1.9240266881539478,0.05595549276831885,False,178,41.70465739164727
All,-3.867555307076243,0.00012258336557806034,True,572,37.59566885855544
