,t_statistic,p_value,statistically significant,count,delta_ratio
0,-2.7972698283824347,0.005853767225002561,True,146,400.628285450246
1,-1.5462507579826954,0.12730267693593472,False,61,130.15523658512066
All,-2.9383712104498803,0.003675499754821127,True,207,320.9236671856438
