,t_statistic,p_value,statistically significant,count,delta_ratio
0,-3.223572390060913,0.0015640372079136215,True,146,364.76755891752833
1,-2.291799172395493,0.025502914659561195,True,60,135.93812873473607
All,-3.4654802660120474,0.0006445702826149211,True,206,298.1182103205986
