,t_statistic,p_value,statistically significant,count,delta_ratio
0,-3.8133868580717696,0.0002016700514164848,True,147,384.4619635300001
1,-2.273833517151054,0.0266295711068283,True,60,137.7986447958995
All,-4.119250548536243,5.50349052710899e-05,True,207,312.9653494041738
