,t_statistic,p_value,statistically significant,count,delta_ratio
0,-4.6105261096986085,8.783911862424919e-06,True,145,182.69901179072647
1,-3.77954487693554,0.00036835017441708454,True,60,108.74923104329979
All,-5.248418699816059,3.834913397409301e-07,True,205,161.0551735231869
