,t_statistic,p_value,statistically significant,count,delta_ratio
0,-2.7826018485818427,0.006100646902142706,True,148,364.83498211015075
1,-1.5690526091639425,0.121894884677187,False,61,125.58732863023208
All,-2.929691360490994,0.003771660602241385,True,209,295.0067196112271
