Category,t_statistic,p_value,statistically significant,count,delta_ratio
Ideology/Politics,-5.381200517126325,4.003088487705462e-07,True,115,86.3308275558323
Institutions,-3.0283919565366695,0.00758124193894696,True,18,97.21112142722477
Occupation/Social Status,-3.330262793630308,0.0012905573603824592,True,85,211.52349146849798
Other,-1.1464774615793665,0.28116367628644723,False,10,105.07617765707869
Personality/Behavior,-2.150189630858882,0.039199698455985636,True,33,182.0200478507677
Residential Area,-2.943229694727188,0.005905916792770894,True,34,220.54623023043197
