,t_statistic,p_value,statistically significant,count,delta_ratio
0,-2.7194185497774295,0.007344545130673207,True,145,296.3865462432274
1,-1.5102835204459222,0.13621989687001784,False,61,130.00074598622916
All,-2.91775916213251,0.003918843136044571,True,206,247.1169646137279
