,t_statistic,p_value,statistically significant,count,delta_ratio
0,-3.174311574786619,0.0018296778159259614,True,148,306.65390533213133
1,-1.4606111019583836,0.1493391994801525,False,61,120.91502188468266
All,-3.343306188520391,0.0009817485759083325,True,209,252.44303504364152
