,t_statistic,p_value,statistically significant,count,delta_ratio
0,-3.6085880256350293,0.0004213577498880826,True,148,268.7729171703447
1,-1.5670949003096752,0.12235184058912495,False,61,124.3430337321227
All,-3.8654602136960645,0.00014819091820069042,True,209,226.6187406644522
