,t_statistic,p_value,statistically significant,count,delta_ratio
0,-2.597819948452306,0.010349616104763036,True,146,368.954402094996
1,-1.47122669444093,0.14645539159996795,False,61,125.10326947244737
All,-2.702343616095349,0.007459476579248033,True,207,297.09488958303723
