,t_statistic,p_value,statistically significant,count,delta_ratio
0,-2.9507261479851192,0.0036943044535073556,True,147,338.0692848446552
1,-1.708976977931164,0.0926235773752409,False,61,131.99258682883254
All,-3.122540998088899,0.002049464497284125,True,208,277.6333301380918
