,t_statistic,p_value,statistically significant,count,delta_ratio
0,-3.250745197401778,0.0014291882379283752,True,147,295.45046700111084
1,-1.6870225937511376,0.096879936634981,False,60,125.2776429644711
All,-3.521629454985322,0.0005280686782819657,True,207,246.1250107586066
