,t_statistic,p_value,statistically significant,count,delta_ratio
0,-4.354191893640595,2.5300672919719758e-05,True,144,290.35648917647086
1,-2.835393494835204,0.006259733714255295,True,60,134.15069632398144
All,-4.9169260051635915,1.8109396441742475e-06,True,204,244.41360892573866
