,t_statistic,p_value,statistically significant,count,delta_ratio
0,2.1209762991711503,0.03502800914983072,True,224,-31.165644392079656
1,2.8836920137752315,0.0057429163776509815,True,52,-36.91200507313393
All,2.2244121460940516,0.026932591838542866,True,276,-32.24829205662611
