Category,t_statistic,p_value,statistically significant,count,delta_ratio
Appearance/Impression,1.3576123550242998,0.18721589973033936,False,25,-1.1966686364112715
Athletic Ability,1.9201037509213223,0.09631505434016721,False,8,-9.985618512256986
Culture/Tradition,1.6686955083028252,0.0986149927789484,False,92,-7.214095580174919
Drinking,2.764672909947275,0.008171280177705907,True,47,-34.97248819401197
Ideology/Politics,2.732503673960956,0.011367851098507952,True,26,-53.679127763651714
Institutions,2.5156910433834345,0.01359480215727698,True,94,-33.610225091325965
Personality/Behavior,1.429989004191766,0.16134231895425982,False,37,-41.26008613046062
Residential area,2.2919167019435784,0.04263376173792256,True,12,-18.824995458144436
