,t_statistic,p_value,statistically significant,count,delta_ratio
0,2.410711821965556,0.016724684521828893,True,226,-29.215462433060303
1,1.9038827561073617,0.0625749630243184,False,52,-39.569325906705316
All,2.637004040436782,0.008836485804066303,True,278,-31.152156320216918
