,t_statistic,p_value,statistically significant,count,delta_ratio
0,2.5562612717569073,0.01124505772317886,True,224,-28.633087538367807
1,2.641306075358418,0.010935848346349348,True,52,-39.03224306532601
All,2.7882012571974806,0.005669945555883258,True,276,-30.592348724606317
