,t_statistic,p_value,statistically significant,count,delta_ratio
0,1.910569098660359,0.05735424381310007,False,222,-27.473479947064757
1,2.9279321653261534,0.005088432279019321,True,52,-37.657712570056326
All,2.117244803461268,0.035143385947787244,True,274,-29.40625402150111
