,t_statistic,p_value,statistically significant,count,delta_ratio
0,2.2250932578020777,0.027071924955017392,True,225,-34.34552044416654
1,2.336618080578543,0.02342537475093374,True,52,-44.381307774180634
All,2.4426817241394096,0.015205947496071352,True,277,-36.229494960992284
