,t_statistic,p_value,statistically significant,count,delta_ratio
0,3.2858291117304215,0.0011824912257067896,True,222,-24.22773487864351
1,1.9963583363871202,0.051467018133437056,False,50,-35.58238130967472
All,3.647007902375927,0.0003180929425830462,True,272,-26.31498606081837
