,t_statistic,p_value,statistically significant,count,delta_ratio
0,1.9060691708683073,0.0579328724250238,False,223,-27.63027711462082
1,2.306389061516884,0.02518732364249263,True,52,-39.131968469072795
All,2.078570465869246,0.03858737747299149,True,275,-29.8051423889172
