,t_statistic,p_value,statistically significant,count,delta_ratio
0,2.275728604274138,0.023812000906366218,True,224,-25.943471849859208
1,3.005814959681847,0.004101998729133359,True,52,-36.10482569210207
All,2.423965517950139,0.01599723523381681,True,276,-27.85792982013685
