,t_statistic,p_value,statistically significant,count,delta_ratio
0,4.846279280695675,2.374752529445396e-06,True,221,-19.890114106630765
1,4.018903805457062,0.00019303027926185817,True,52,-32.34299690698193
All,5.705362791582932,3.026994269471687e-08,True,273,-22.262091782888135
