Category,t_statistic,p_value,statistically significant,count,delta_ratio
Appearance/Impression,1.53671530647694,0.1374432333783403,False,25,-4.108353922917743
Athletic Ability,1.7301762477769345,0.1272173726263381,False,8,-16.06922229791848
Culture/Tradition,1.5969346663970447,0.1137472209509678,False,92,-2.4705732291837257
Drinking,2.9578342130332587,0.004878556458236208,True,47,-31.27201065236982
Ideology/Politics,2.41148709190514,0.023248323819669084,True,27,-47.89962189006235
Institutions,2.6461024283843253,0.009561465248521526,True,94,-32.31115372780184
Personality/Behavior,1.7516761095354427,0.08834570263490699,False,37,-43.1831715310082
Residential area,2.2486153650650436,0.04600143626919968,True,12,-14.07041309896597
