Category,t_statistic,p_value,statistically significant,count,delta_ratio
Appearance/Impression,1.6084948184572585,0.12080392771221304,False,25,-0.10186062791492995
Athletic Ability,2.2219580851919214,0.061698713501386296,False,8,-17.649372565215966
Culture/Tradition,1.609055372136911,0.11106814521910852,False,92,-3.6315530233628968
Drinking,2.9332319596005765,0.005215202547297008,True,47,-25.01652258452542
Ideology/Politics,2.938977958323747,0.00698819589943786,True,26,-52.819336635385014
Institutions,2.9914129545771386,0.003554707732337742,True,94,-29.896452534783315
Personality/Behavior,2.497603265757887,0.017505751786199737,True,35,-33.75420745206325
Residential area,2.144762583125559,0.05514690087893406,False,12,-8.151551083042744
