,t_statistic,p_value,statistically significant,count,delta_ratio
0,2.0453106337364932,0.04199826660719542,True,224,-31.744050699973375
1,2.2871010735229667,0.026372375550366676,True,52,-42.5089365575211
All,2.19131934659969,0.029267604783727075,True,276,-33.77221760067078
