,t_statistic,p_value,statistically significant,count,delta_ratio
0,2.0331224461211423,0.04323026075247055,True,223,-22.595972707973196
1,2.0095754608311553,0.04978154125858056,True,52,-34.95872754175607
All,2.2565779241458075,0.024822592621770424,True,275,-24.933657258361233
