Category,t_statistic,p_value,statistically significant,count,delta_ratio
Appearance/Impression,1.805314492531267,0.08358677733408104,False,25,-6.202727226960045
Athletic Ability,2.0840108208190773,0.07563591710886074,False,8,-18.488586949315234
Culture/Tradition,1.5790582475105772,0.11779263716206559,False,92,-14.553863315939614
Drinking,2.7428582528069727,0.008651018362377895,True,47,-42.15194506867477
Ideology/Politics,2.576975830372597,0.015992798558585583,True,27,-58.77076872478535
Institutions,2.2335095643836707,0.027913059595863602,True,94,-39.60467991537877
Personality/Behavior,1.6702301707229634,0.10331363197014964,False,38,-47.350662048527894
Residential area,2.211124828329877,0.04912188472119419,True,12,-21.46181988896162
