Category,t_statistic,p_value,statistically significant,count,delta_ratio
Appearance/Impression,2.0772250736890645,0.04865133614618155,True,25,-9.708328854339271
Athletic Ability,2.8000034412425205,0.026524119804890976,True,8,-21.00889935681448
Culture/Tradition,2.9612680064145787,0.003907306774055349,True,92,-4.515153258779005
Drinking,3.455802430568607,0.001190680559930345,True,47,-20.201915101001305
Ideology/Politics,3.294858060076594,0.002942370477271532,True,26,-49.38408569681298
Institutions,3.9255716517372403,0.0001668855632927545,True,93,-23.97638318648861
Personality/Behavior,2.349896877932257,0.024546725914739397,True,36,-27.938144184620523
Residential area,1.8642230546880918,0.08917779430350793,False,12,-10.068992870834574
