,t_statistic,p_value,statistically significant,count,delta_ratio
0,4.5951633124102935,7.283574860690258e-06,True,221,-22.597214669432862
1,3.5121766956803318,0.0009402252718412395,True,52,-36.08525573479934
All,5.218580740750785,3.581542231125603e-07,True,273,-25.166365348550286
