Category,t_statistic,p_value,statistically significant,count,delta_ratio
Appearance/Impression,1.607296541068393,0.12106731208352076,False,25,-1.0601756705962968
Athletic Ability,1.4956050667290048,0.1784114907565128,False,8,5.826238374391407
Culture/Tradition,1.1846482709698425,0.2392413173154958,False,92,-3.4683152620289217
Drinking,2.742042696297895,0.008669448024092601,True,47,-26.732640615747055
Ideology/Politics,2.8571483957344657,0.00848719726104389,True,26,-47.99589884076087
Institutions,2.3941995913134653,0.01866322750274554,True,94,-30.843875730575697
Personality/Behavior,1.441140433533766,0.15818729512541405,False,37,-31.437759336851816
Residential area,2.395743025722502,0.035498936009368764,True,12,-18.616314201993077
