,t_statistic,p_value,statistically significant,count,delta_ratio
0,-5.967614852617149,9.325420279603442e-09,True,225,105.33184646719207
1,-3.1086118680639925,0.0031569463229842317,True,49,80.17046410029901
All,-6.6392985718409605,1.6952619416399535e-10,True,274,100.83218319720027
