Category,t_statistic,p_value,statistically significant,count,delta_ratio
Appearance/Impression,-2.4599480847018222,0.021156752810855144,True,26,54.19452428268284
Athletic Ability,-3.015588016669998,0.019507498007712547,True,8,39.71987651891693
Culture/Tradition,-7.776184615563507,1.1104480108611707e-11,True,92,59.785034157611726
Drinking,-3.736171826377541,0.0005244152350040024,True,46,65.53526235862522
Ideology/Politics,-2.452686698502387,0.021501930324923046,True,26,117.92996325343901
Institutions,-4.696106319821173,9.459066096490762e-06,True,91,132.31277845758294
Personality/Behavior,-2.589792655761391,0.01354069191176264,True,39,150.5246611089851
Residential area,-2.301526496008674,0.041919194739846156,True,12,73.51718551355587
