,t_statistic,p_value,statistically significant,count,delta_ratio
0,-5.649292553670451,4.8635450043912375e-08,True,225,111.50532269224233
1,-3.2196426446424025,0.0023041051703115907,True,49,82.09751710774069
All,-6.3073700885548964,1.1390058034161415e-09,True,274,106.24626256946648
