Category,t_statistic,p_value,statistically significant,count,delta_ratio
Appearance/Impression,-1.0322793428087822,0.311824797428401,False,26,140.87098607713676
Athletic Ability,-3.0965538440349403,0.017406205949896694,True,8,85.18217763789023
Culture/Tradition,-3.7833958887929455,0.0002766786997746881,True,92,131.31235115014522
Drinking,-1.0895353904461809,0.28171821368628164,False,46,208.355270711194
Ideology/Politics,-3.551637473601606,0.0014873348123480195,True,27,229.29880799283313
Institutions,-1.9357432858174033,0.05593639267171516,False,94,222.95921529524492
Personality/Behavior,-1.960101824625689,0.0573468955876433,False,39,331.77192499514183
Residential area,-2.1121166378016776,0.058362359748295095,False,12,152.59444614501086
