Category,t_statistic,p_value,statistically significant,count,delta_ratio
Appearance/Impression,-2.963832540477444,0.006585217264899352,True,26,47.71767518981468
Athletic Ability,-3.036410912847174,0.018942528781246828,True,8,36.08342385364957
Culture/Tradition,-9.380271815886342,5.051835339644302e-15,True,92,49.55828300675434
Drinking,-3.952250535270494,0.0002705422449314267,True,46,54.57621841926639
Ideology/Politics,-3.061193457084962,0.0052100911272903085,True,26,92.36869074518583
Institutions,-6.266520157425845,1.2859716200896266e-08,True,90,105.39230615098663
Personality/Behavior,-2.6745833789124784,0.01097235939103595,True,39,119.84219236171545
Residential area,-2.3863617612245953,0.036092864909687064,True,12,76.13528138812505
