,t_statistic,p_value,statistically significant,count,delta_ratio
0,-2.8201095118764625,0.005225430509287662,True,228,218.12336399725126
1,-1.922518459015686,0.06036373944602673,False,50,187.54543156896315
All,-3.3918109559009144,0.0007955280426562376,True,278,212.62373586266702
