,t_statistic,p_value,statistically significant,count,delta_ratio
0,-2.4746332262791246,0.014069525193497927,True,228,307.3791468591826
1,-1.6438816730760355,0.10660258283666546,False,50,309.54540310123883
All,-2.830637280945048,0.004985753787574026,True,278,307.7687612912071
