,t_statistic,p_value,statistically significant,count,delta_ratio
0,-2.420886605102495,0.016268585208438015,True,228,193.51546823700227
1,-1.632049499014212,0.10908010022844701,False,50,194.95722902318212
All,-2.7661415671731606,0.006053907774456039,True,278,193.77477773091954
