,t_statistic,p_value,statistically significant,count,delta_ratio
0,-5.2771794140228,3.081946568386353e-07,True,226,120.1462075519907
1,-3.3181409996285756,0.0017343366260726505,True,49,83.35944941157165
All,-5.829142298058993,1.5627896807113855e-08,True,275,113.59147610151601
