,t_statistic,p_value,statistically significant,count,delta_ratio
0,-6.849219473060384,7.133194098230219e-11,True,224,88.54429746208258
1,-3.789927881911132,0.000420665398843262,True,49,70.56431751884816
All,-7.724775447200121,2.1613324262369453e-13,True,273,85.31712157483537
