,t_statistic,p_value,statistically significant,count,delta_ratio
0,-7.796691605854663,2.377646336818192e-13,True,225,91.32018463689737
1,-4.310262229175202,8.050915551409e-05,True,49,75.35499530074847
All,-8.762823592452825,2.0618718196056327e-16,True,274,88.46509603298755
