Category,t_statistic,p_value,statistically significant,count,delta_ratio
Appearance/Impression,-1.034253804777596,0.3109191796938646,False,26,239.93993321243047
Athletic Ability,-3.3525733351905447,0.012207697681880804,True,8,172.02168641949504
Culture/Tradition,-3.8164169643811423,0.00024665023865478393,True,92,170.50983741096616
Drinking,-1.1499225701056535,0.2562504551668501,False,46,284.7495646767584
Ideology/Politics,-3.615180511521163,0.0012644830205595977,True,27,314.50847986875755
Institutions,-2.067502354396908,0.041464842368087174,True,94,292.877049935866
Personality/Behavior,-2.3176556239232617,0.025950609707805068,True,39,509.48798500261535
Residential area,-2.307275021146786,0.04149727334681313,True,12,166.52773719344907
