Category,t_statistic,p_value,statistically significant,count,delta_ratio
Appearance/Impression,-1.0642335178160471,0.2973945662521568,False,26,146.5653725937402
Athletic Ability,-3.3295161885104054,0.012599430934116826,True,8,135.56959145727023
Culture/Tradition,-3.6243277763165014,0.0004769769686370973,True,92,159.02426551488352
Drinking,-1.213938639854809,0.23110393061618664,False,46,229.29821333489642
Ideology/Politics,-3.3756446335780885,0.0023230452746449636,True,27,295.4074908469408
Institutions,-2.263560971553015,0.02592636862774009,True,94,228.2783998165975
Personality/Behavior,-2.468202969379296,0.01819375983108913,True,39,385.134095295317
Residential area,-2.2919962753897574,0.04262779693754284,True,12,164.30973999564722
