,t_statistic,p_value,statistically significant,count,delta_ratio
0,-2.2730706876931803,0.023957513692884715,True,228,210.41058252127428
1,-1.602729412477402,0.11542198689433711,False,50,247.14048760093868
All,-2.6201937500426746,0.009272824708379679,True,278,217.0166805571851
