,t_statistic,p_value,statistically significant,count,delta_ratio
0,-7.892359897083716,1.3265777835782978e-13,True,224,270.78389675047885
1,-3.7139237565310577,0.0005408334992493514,True,48,187.1568609824634
All,-8.718144503499504,2.8904816377196807e-16,True,272,256.02618455612316
