Category,t_statistic,p_value,statistically significant,count,delta_ratio
Appearance/Impression,-2.590605590332164,0.015759167544771992,True,26,50.882135150690374
Athletic Ability,-2.8624807709788085,0.024251379638190313,True,8,34.56561190146462
Culture/Tradition,-7.580701013924665,2.8018154397504433e-11,True,92,55.11848290812582
Drinking,-3.870737691749808,0.0003478820931424008,True,46,61.47821639430664
Ideology/Politics,-2.4641647998915546,0.020958663062918152,True,26,107.48078837772017
Institutions,-4.735521461888287,8.09980397797074e-06,True,91,126.37241610351855
Personality/Behavior,-2.5819394302079317,0.013804591825529948,True,39,141.0887709782496
Residential area,-2.226286924986316,0.04783625481764041,True,12,75.98251114968919
