Category,t_statistic,p_value,statistically significant,count,delta_ratio
Appearance/Impression,-1.0584965842700484,0.29994987392791017,False,26,130.7160641034941
Athletic Ability,-3.1629058302852746,0.01586390584958804,True,8,107.75268370469485
Culture/Tradition,-3.5805508624457265,0.0005526604412735979,True,92,159.83227823181377
Drinking,-1.176093651866776,0.24574196656627825,False,46,239.34819505010702
Ideology/Politics,-3.2692406008706314,0.003032890234410495,True,27,271.5938743499702
Institutions,-2.250892245114033,0.026748227644912838,True,94,218.42397100838298
Personality/Behavior,-2.444998229906305,0.01923234159700487,True,39,350.71741726630756
Residential area,-2.3158669965598295,0.040874273881060144,True,12,169.65068565118403
