,t_statistic,p_value,statistically significant,count,delta_ratio
0,-2.52075360004186,0.012397377465771093,True,228,263.2526598321607
1,-1.7298059268275203,0.0899601659829203,False,50,241.58606990380477
All,-3.0130116485522858,0.002825927320028689,True,278,259.35579114001035
