Category,t_statistic,p_value,statistically significant,count,delta_ratio
Appearance/Impression,-2.6242566633908435,0.014593486830670835,True,26,54.92061334280272
Athletic Ability,-2.956060399188894,0.021223419928862137,True,8,37.551816600105845
Culture/Tradition,-7.11933953829034,2.441037934127667e-10,True,92,55.87022464568322
Drinking,-3.6271849706084085,0.0007279154954216441,True,46,63.32920973576086
Ideology/Politics,-2.4146096380735482,0.023398557952062395,True,26,115.97508744190448
Institutions,-4.788198790527816,6.576099270432142e-06,True,91,126.45452010899685
Personality/Behavior,-2.799981097475283,0.007989117019850554,True,39,135.89919523128543
Residential area,-2.3059952021814634,0.04159085198130718,True,12,84.27906766429115
