,t_statistic,p_value,statistically significant,count,delta_ratio
0,-5.4385173412123295,1.396609888352642e-07,True,226,94.29269342874048
1,-2.9006223701828606,0.005604668771071698,True,49,74.00939316423232
All,-6.04128797373733,4.970424255712916e-09,True,275,90.67857810888268
