,t_statistic,p_value,statistically significant,count,delta_ratio
0,-3.0391237934106283,0.002650819596694477,True,228,237.38816290277853
1,-1.9217095541332168,0.060468064142303886,False,50,220.92230589767564
All,-3.5142067979253526,0.0005149977070526572,True,278,234.42667782991828
