Category,t_statistic,p_value,statistically significant,count,delta_ratio
Appearance/Impression,-1.6183557815763288,0.11813480790393895,False,26,127.87960914256298
Athletic Ability,-4.27656458526442,0.0036708713764660402,True,8,210.2693686361444
Culture/Tradition,-5.364431183281413,6.24727375261677e-07,True,91,215.83908576163026
Drinking,-3.154387453392855,0.002864659460918618,True,46,260.99971823558207
Ideology/Politics,-4.447649057559148,0.00014442177463162232,True,27,279.42755619495074
Institutions,-5.345455424366667,7.02707436021304e-07,True,89,210.53111787469027
Personality/Behavior,-3.914709455710825,0.0003633972985113554,True,39,387.0565893860261
Residential area,-2.488237502813194,0.03012960925923024,True,12,124.35962869179701
