Category,t_statistic,p_value,statistically significant,count,delta_ratio
Appearance/Impression,-3.6325364746267663,0.001264505974147415,True,26,46.49407535982064
Athletic Ability,-3.5453714255094297,0.009401890909836376,True,8,40.308788254410175
Culture/Tradition,-9.75350664036873,8.360996784424087e-16,True,92,57.681049641738525
Drinking,-4.80845425067547,1.7358182446408434e-05,True,46,61.031094107408364
Ideology/Politics,-3.345229818089336,0.002507626960818062,True,27,107.74228691088143
Institutions,-6.390987039571271,7.375515939037825e-09,True,90,109.05976867569689
Personality/Behavior,-3.0840055576120937,0.003794854179077001,True,39,104.70837501715711
Residential area,-2.786653475528276,0.017692118325502545,True,12,88.91718891706599
