,t_statistic,p_value,statistically significant,count,delta_ratio
0,-2.690599434460324,0.007662739182251305,True,228,235.6264095306214
1,-1.7051269508477787,0.09450376569258624,False,50,238.27276725726924
All,-3.118323335538217,0.0020104507690859997,True,278,236.10237315052208
