,t_statistic,p_value,statistically significant,count,delta_ratio
0,-2.7047925809308317,0.007352847253864848,True,228,199.54284426579622
1,-1.7543960451976488,0.08561469347453149,False,50,187.4283390710098
All,-3.163335216486247,0.0017332920236269006,True,278,197.36397642500728
