,t_statistic,p_value,statistically significant,count,delta_ratio
0,-2.6700385583441104,0.00813257910204779,True,228,248.71530485211207
1,-1.7886703397922343,0.07985087243195102,False,50,228.93185852991124
All,-3.151211715767697,0.0018042424519849358,True,278,245.157131053155
