,t_statistic,p_value,statistically significant,count,delta_ratio
0,-4.464656169827807,1.2662709456180716e-05,True,227,189.05672466462678
1,-3.4016369130295447,0.0013952998174777194,True,47,131.6982101066993
All,-5.029333770967238,8.92936034267212e-07,True,274,179.2178553791429
