,t_statistic,p_value,statistically significant,count,delta_ratio
0,-5.6364065900319575,5.192973884192451e-08,True,225,104.19901546122381
1,-3.115697375321117,0.003094668848409883,True,49,79.13722125977083
All,-6.295807498867733,1.2156582112683717e-09,True,274,99.71716175366468
