Category,t_statistic,p_value,statistically significant,count,delta_ratio
Appearance/Impression,-1.099125026425033,0.28218598273436485,False,26,135.4223148342668
Athletic Ability,-3.383761173934774,0.01169851924867455,True,8,123.45203626727661
Culture/Tradition,-3.671393021123168,0.00040661420792380965,True,92,151.40587186639684
Drinking,-1.3719872369397346,0.1768687545897491,False,46,221.65871373776324
Ideology/Politics,-3.3251559402783024,0.002637140526959231,True,27,284.2677111394255
Institutions,-2.4185680167520793,0.017529014699537663,True,94,212.97358518624523
Personality/Behavior,-2.5576900059820904,0.014649544960028965,True,39,387.2028545328091
Residential area,-2.292262661285962,0.04260783457905146,True,12,169.8670782686441
