,t_statistic,p_value,statistically significant,count,delta_ratio
0,-2.53232079444642,0.01200682769434888,True,228,230.3625871081067
1,-1.7575038408259505,0.0850781507078694,False,50,216.76810802242295
All,-3.015497852381969,0.002803601776972044,True,278,227.9175369128399
