,t_statistic,p_value,statistically significant,count,delta_ratio
0,-3.6713695957538466,0.00033918239061707356,True,145,165.06616374555554
1,-2.5463726317848674,0.013515214322207121,True,60,116.81954612934679
All,-4.345638329062666,2.1893456221818945e-05,True,205,150.94520249203103
