,t_statistic,p_value,statistically significant,count,delta_ratio
0,-4.446202494263063,1.7193302494029285e-05,True,147,146.83493472035101
1,-3.091664120122041,0.0030372831048384626,True,60,84.55379166397614
All,-5.06798280721971,8.925849505533965e-07,True,207,128.78242948661915
