,t_statistic,p_value,statistically significant,count,delta_ratio
0,-3.939223895046685,0.00012660207581435072,True,146,193.96264496873746
1,-2.864066395794918,0.005783880039935484,True,60,124.12790041421353
All,-4.6947937065701115,4.878905775024426e-06,True,206,173.62242810819652
