Category,t_statistic,p_value,statistically significant,count,delta_ratio
Ideology/Politics,-2.5972075986860435,0.01060481624120922,True,118,99.23212731904329
Institutions,-2.9186740597996415,0.009575774261705522,True,18,136.1344187333222
Occupation/Social Status,-2.4493656452454,0.0163640551307949,True,86,249.56861967294816
Other,-1.5983484480639414,0.14442983831968575,False,10,86.65448584044493
Personality/Behavior,-1.4441264713070634,0.15842382429142712,False,33,146.92097581150097
Residential Area,-2.2555030592279,0.031072457968691385,True,33,188.72955499142594
