Category,t_statistic,p_value,statistically significant,count,delta_ratio
Ideology/Politics,-2.375594574732446,0.019145701232445207,True,118,103.06595749396669
Institutions,-2.6345494932627576,0.017389731542788063,True,18,111.11227515647901
Occupation/Social Status,-3.0218285696155216,0.0033296857942448307,True,85,242.57335902998497
Other,-1.414966327731068,0.19073302569207873,False,10,70.95416580502129
Personality/Behavior,-1.4451812169154885,0.15812941602566702,False,33,145.43503934701636
Residential Area,-2.295533150773844,0.028628092105091922,True,32,236.34171136392146
