,t_statistic,p_value,statistically significant,count,delta_ratio
0,-3.9030781642444734,0.00014458833061700282,True,147,181.99420209209157
1,-2.2175992758497456,0.03038063181627154,True,61,112.72647991111131
All,-4.3934138601625525,1.7809571765328007e-05,True,208,161.68011049093872
