Category,t_statistic,p_value,statistically significant,count,delta_ratio
Ideology/Politics,-3.8659871709595923,0.00018444118056947146,True,115,90.80020937051324
Institutions,-2.1105994411629356,0.049924063628325945,True,18,97.8278836451262
Occupation/Social Status,-3.649045658368986,0.00046159048689595563,True,83,208.12441692572872
Other,-1.6081476245552453,0.14226431554470187,False,10,169.89404836481182
Personality/Behavior,-1.7929322963605006,0.08244150271379388,False,33,241.04875995666092
Residential Area,-2.2472222828567325,0.03165187196714383,True,33,159.23942277394318
