,t_statistic,p_value,statistically significant,count,delta_ratio
0,-3.4145715887691916,0.0008286698058391767,True,146,192.88678393158654
1,-2.090849168630039,0.04078525762831997,True,61,122.75790434686493
All,-3.9182146090171686,0.00012135134016191549,True,207,172.22078559985695
