,t_statistic,p_value,statistically significant,count,delta_ratio
0,-4.2189059792224,4.33773562355843e-05,True,144,206.74186965832556
1,-1.8316709138770741,0.07196571185920045,False,61,105.5749255571375
All,-4.57591955126693,8.227200097188076e-06,True,205,176.6385350721184
