,t_statistic,p_value,statistically significant,count,delta_ratio
0,-3.2782639450445568,0.0013055739246063643,True,147,149.84815473243452
1,-1.9987159174336226,0.05017572887593225,False,61,100.97852314780671
All,-3.712707525053131,0.00026362336111644723,True,208,135.51619546963502
