,t_statistic,p_value,statistically significant,count,delta_ratio
0,-2.556718075878862,0.01160194332437398,True,145,222.6411591669853
1,-1.6394008744949142,0.106363215991212,False,61,105.01764348107542
All,-2.7856201459403134,0.0058435450772807715,True,206,187.8108948133906
