,t_statistic,p_value,statistically significant,count,delta_ratio
0,-4.6865196997231156,6.445821199281052e-06,True,143,195.480242176303
1,-2.7587563125632717,0.007714506719623074,True,60,109.4349944396124
All,-5.40963786348368,1.776334937623988e-07,True,203,170.04814924920234
