,t_statistic,p_value,statistically significant,count,delta_ratio
0,-3.4578378809249175,0.0007137071633181109,True,147,174.80876479272
1,-1.9092389060481425,0.06101662984446166,False,61,109.84886464743546
All,-3.8220686494990357,0.0001750175769127072,True,208,155.75802484626635
