,t_statistic,p_value,statistically significant,count,delta_ratio
0,-2.6908409880049162,0.0079705349526804,True,145,211.56995841753593
1,-2.2038334487792106,0.03138453983755987,True,61,125.78426328987769
All,-2.9721635746364217,0.0033108409606539334,True,206,186.16739820983133
