,t_statistic,p_value,statistically significant,count,delta_ratio
0,-3.5880556459777218,0.000454859497906668,True,146,189.95127946532867
1,-2.468328271476238,0.01649196370816206,True,60,113.85505876316881
All,-4.164209485295116,4.600874206989213e-05,True,206,167.78733168800056
