Category,Type,t_statistic,p_value,statistically significant,count,delta_ratio
Culture/Tradition,-1,-2.646045785352468,0.02016283962999689,True,14,110.85560700928903
Ideology/Politics,-1,0.697892307313137,0.4966729341296594,False,15,162.43515609572222
Personality/Behavior,-1,0.8139523282726435,0.41839376877647005,False,72,148.04566724644766
Personality/Behavior,0,-3.2095874063045016,0.0016436697597133978,True,143,512.969816216162
Personality/Behavior,1,-1.9592371444374392,0.05254811270143194,False,114,123.31640224769664
Values,-1,-3.200420919613739,0.0023194471366982617,True,54,127.96520245533722
Values,0,-1.0246548840989027,0.4922480561667397,False,2,602.8287415491902
