,t_statistic,p_value,statistically significant,count,delta_ratio
0,-4.015282300332273,7.871970042075715e-05,True,249,392.94495496573745
1,-2.96428866456937,0.004603262672175841,True,52,84.78614143327273
All,-4.061323014777915,6.228950866221856e-05,True,302,338.8935318074618
