Category,t_statistic,p_value,statistically significant,count,delta_ratio
Culture/Tradition,-3.3011633729333445,0.005734869016570952,True,14,104.54046972664142
Ideology/Politics,-3.164899383855718,0.007454704257713195,True,14,173.0845926356396
Personality/Behavior,-3.6558940016319212,0.00029865128341387563,True,327,317.6656555061808
Values,-2.146152880470669,0.036288730869706715,True,56,157.0191775352257
