,t_statistic,p_value,statistically significant,count,delta_ratio
0,-2.338477020633244,0.020148181140361338,True,252,371.9839939867137
1,-3.1342987038671515,0.002855448232535979,True,52,99.94646070474627
All,-2.396071702994634,0.017176117176976917,True,305,324.70544264855164
