Category,t_statistic,p_value,statistically significant,count,delta_ratio
Culture/Tradition,-2.646045785352468,0.02016283962999689,True,14,110.85560700928903
Ideology/Politics,0.697892307313137,0.4966729341296594,False,15,162.43515609572222
Personality/Behavior,-2.661564748158083,0.008160734117972364,True,329,298.09131190544934
Values,-2.1473996959981636,0.03618467561612257,True,56,144.92461456583194
