Category,Type,t_statistic,p_value,statistically significant,count,delta_ratio
Culture/Tradition,-1,-2.654955223422362,0.01982397678986609,True,14,102.3530175724719
Ideology/Politics,-1,-3.2052149118464976,0.006897989292920064,True,14,180.07809752542659
Personality/Behavior,-1,-3.0740675788319685,0.0030383750174543278,True,69,155.73755480886894
Personality/Behavior,0,-3.450080321297353,0.0007395766872601376,True,142,537.7018318731284
Personality/Behavior,1,-2.0651110487581272,0.04120041918571549,True,114,141.02816592929713
Values,-1,-3.944116387937211,0.00023669447646975096,True,54,137.1849720095719
Values,0,-1.0139148095633126,0.4956014515139259,False,2,646.5641431217177
