,t_statistic,p_value,statistically significant,count,delta_ratio
0,-3.750889077482917,0.00021940578629074043,True,249,405.3229893436305
1,-2.7885590762977754,0.007423220096689019,True,52,89.57349334725666
All,-3.793767012477296,0.0001793522716769539,True,302,349.90252585759805
