,t_statistic,p_value,statistically significant,count,delta_ratio
0,-3.7185435547141736,0.0002477832126506259,True,249,346.48941503135006
1,-2.775274008761643,0.007691084624483266,True,52,91.63145654927902
All,-3.7868839982354086,0.00018415785470910298,True,302,301.74257483177047
