Category,t_statistic,p_value,statistically significant,count,delta_ratio
Culture/Tradition,-3.1924579234206765,0.007069495577822983,True,14,119.37112286265761
Ideology/Politics,-2.1255977514249835,0.05327491116210611,False,14,169.41667221496004
Personality/Behavior,-3.2418960331881173,0.0013097284659897275,True,328,323.7153302874223
Values,-1.9907334237916008,0.05148815326780604,False,56,133.59362698220326
