Category,t_statistic,p_value,statistically significant,count,delta_ratio
Culture/Tradition,-2.654955223422362,0.01982397678986609,True,14,102.3530175724719
Ideology/Politics,-3.2052149118464976,0.006897989292920064,True,14,180.07809752542659
Personality/Behavior,-4.396896985189449,1.4909596816879207e-05,True,325,317.466960996111
Values,-2.2878543279139483,0.026014416593563777,True,56,155.37708526357707
