,t_statistic,p_value,statistically significant,count,delta_ratio
0,-3.539028988824737,0.0004790504805203165,True,250,383.04131076798865
1,-2.847490894793692,0.006335723681200433,True,52,91.60875357055635
All,-3.5815417948560566,0.00039795176768834726,True,303,332.0652462405096
