Category,t_statistic,p_value,statistically significant,count,delta_ratio
Culture/Tradition,-3.078731653614752,0.008799725616745963,True,14,105.41062338021594
Ideology/Politics,-2.343390359965257,0.035662626734904564,True,14,144.3924291749306
Personality/Behavior,-3.646312148720923,0.0003095480668905704,True,327,274.1664399002887
Values,-1.8225401547718694,0.0738109031867482,False,56,147.42493151390372
