Category,Type,t_statistic,p_value,statistically significant,count,delta_ratio
Culture/Tradition,-1,-3.3279798864922188,0.005446534486086572,True,14,99.89151858634042
Ideology/Politics,-1,-2.841946767958066,0.013869414195510046,True,14,175.54296470683687
Personality/Behavior,-1,0.07033769715367483,0.9441254398628964,False,71,158.13616486217825
Personality/Behavior,0,-3.0610233677925507,0.0026385181404191913,True,143,493.29808994945176
Personality/Behavior,1,-2.091384237654375,0.038734476292820674,True,114,151.04158624717658
Values,-1,-3.748163566448178,0.00044167949617555604,True,54,137.77859275751837
Values,0,-1.008877834534449,0.4971866043270258,False,2,572.609369265946
