Category,t_statistic,p_value,statistically significant,count,delta_ratio
Culture/Tradition,-3.3710575514781564,0.0050135738200743326,True,14,115.78876645243132
Ideology/Politics,-2.1709240783767125,0.049043727487059936,True,14,161.97439977479152
Personality/Behavior,-3.0712348869541164,0.002311721067256483,True,326,291.6877239522162
Values,-1.9481785284269169,0.05650368698441768,False,56,141.00944196054078
