Category,t_statistic,p_value,statistically significant,count,delta_ratio
Culture/Tradition,-3.089949829903508,0.008611761304934091,True,14,73.03517508199177
Ideology/Politics,-1.0678076061732014,0.305035776210669,False,14,94.44324500510038
Personality/Behavior,-8.54822198541439,5.05778620430526e-16,True,324,109.18735081154733
Values,-2.5033515928953816,0.015300583665804099,True,56,60.79823929439343
