Category,Type,t_statistic,p_value,statistically significant,count,delta_ratio
Culture/Tradition,-1,-3.4419165242334753,0.004375495398587911,True,14,105.77943385521084
Ideology/Politics,-1,-3.3902767320548373,0.0048317583081072335,True,14,158.41404802653804
Personality/Behavior,-1,-1.1852348086285778,0.23999062901895096,False,70,143.82947748984074
Personality/Behavior,0,-3.150426343080937,0.0019884664685463327,True,143,516.8173538426519
Personality/Behavior,1,-2.073997980204733,0.04035163696710317,True,114,143.78108439227614
Values,-1,-3.814266388695921,0.0003584523592321867,True,54,135.98637365266723
Values,0,-1.0130229882253874,0.4958815293276402,False,2,602.8836503430051
