Category,t_statistic,p_value,statistically significant,count,delta_ratio
Culture/Tradition,-3.3279798864922188,0.005446534486086572,True,14,99.89151858634042
Ideology/Politics,-2.841946767958066,0.013869414195510046,True,14,175.54296470683687
Personality/Behavior,-3.466670968972094,0.0005973370020764202,True,328,301.7927908541597
Values,-2.0701785563737714,0.04314388921932128,True,56,153.30826334710505
