Category,Type,t_statistic,p_value,statistically significant,count,delta_ratio
Culture/Tradition,-1,-3.956892063511091,0.0016400702876846118,True,14,94.46987130757589
Ideology/Politics,-1,-1.9902977282604593,0.06801094159791345,False,14,105.7568617501394
Personality/Behavior,-1,-3.5715859531146323,0.0006625900172674062,True,68,96.76741310739362
Personality/Behavior,0,-4.21202324075611,4.490202231943868e-05,True,142,277.3762312621279
Personality/Behavior,1,-2.462580790419756,0.015303295991593245,True,114,95.06442416210703
Values,-1,-3.486593896407515,0.000991488476871435,True,54,84.23119492871908
Values,0,-1.0015998453751842,0.4994911605413849,False,2,289.9423409618808
