Category,Type,t_statistic,p_value,statistically significant,count,delta_ratio
Culture/Tradition,-1,-3.3011633729333445,0.005734869016570952,True,14,104.54046972664142
Ideology/Politics,-1,-3.164899383855718,0.007454704257713195,True,14,173.0845926356396
Personality/Behavior,-1,-0.6106798823164024,0.5433893257927204,False,71,148.28859128290574
Personality/Behavior,0,-3.0356103520602518,0.002859696147138769,True,142,541.5296904718796
Personality/Behavior,1,-2.0075120801052644,0.04708156360314999,True,114,144.30669581077146
Values,-1,-3.925761529131694,0.00025109189841666165,True,54,140.23700852419861
Values,0,-1.0175973131930376,0.4944475969577344,False,2,610.1377408329566
