,t_statistic,p_value,statistically significant,count,delta_ratio
0,-3.975465128143256,9.227820488548943e-05,True,248,391.1298215853398
1,-3.0703383296639037,0.0034232509270014405,True,52,90.65596009258817
All,-4.050408263855979,6.515975556155038e-05,True,301,338.23921536619446
