,t_statistic,p_value,statistically significant,count,delta_ratio
0,-3.1223197342233164,0.002008080764199533,True,248,371.7159438446066
1,-3.0494587325196636,0.0036304419029559555,True,52,88.17590409310174
All,-3.1699182434937203,0.001682376325928956,True,301,321.8561097531803
