,t_statistic,p_value,statistically significant,count,delta_ratio
0,-3.2948120352400316,0.0011280881496180894,True,250,409.7757557462579
1,-2.878597498145226,0.005823108179618385,True,52,94.06550279612517
All,-3.3294452187443193,0.000978058492539992,True,303,354.5385994900582
