Category,t_statistic,p_value,statistically significant,count,delta_ratio
Culture/Tradition,-3.956892063511091,0.0016400702876846118,True,14,94.46987130757589
Ideology/Politics,-1.9902977282604593,0.06801094159791345,False,14,105.7568617501394
Personality/Behavior,-5.620822338049642,4.111475363536914e-08,True,324,175.32392989199113
Values,-1.9950809436764652,0.050997983951527326,False,56,91.57802157276056
