Category,Type,t_statistic,p_value,statistically significant,count,delta_ratio
Culture/Tradition,-1,-3.078731653614752,0.008799725616745963,True,14,105.41062338021594
Ideology/Politics,-1,-2.343390359965257,0.035662626734904564,True,14,144.3924291749306
Personality/Behavior,-1,-0.20777936983926842,0.8360132938192972,False,70,139.1211213558979
Personality/Behavior,0,-3.2216016072954257,0.0015808203281653167,True,143,456.4134925929761
Personality/Behavior,1,-2.206875361802639,0.029344507605777656,True,114,128.48085887443816
Values,-1,-3.7267188002728955,0.0004724570078003905,True,54,126.89767858640215
Values,0,-1.0102603672852044,0.4967507214130965,False,2,701.6607605564451
