,t_statistic,p_value,statistically significant,count,delta_ratio
0,-2.9021911767794735,0.00403761153922074,True,250,371.39990028519037
1,-2.7308944761804113,0.008651869251243408,True,52,84.64829508600015
All,-2.9619395465224834,0.0032998246278628466,True,303,321.2606170320283
