Category,t_statistic,p_value,statistically significant,count,delta_ratio
Culture/Tradition,-3.305100675910161,0.005691592118946147,True,14,106.36608457232497
Ideology/Politics,-2.590443173448691,0.022408546274141964,True,14,156.75887066210802
Personality/Behavior,-2.8403296232079005,0.004789087825587655,True,328,293.5505921946755
Values,-1.8189247499895607,0.07436862434441258,False,56,147.26020783303565
