Category,t_statistic,p_value,statistically significant,count,delta_ratio
Culture/Tradition,-3.4419165242334753,0.004375495398587911,True,14,105.77943385521084
Ideology/Politics,-3.3902767320548373,0.0048317583081072335,True,14,158.41404802653804
Personality/Behavior,-3.9171278329081294,0.00010918497087293923,True,327,306.923512674335
Values,-2.1666551528728326,0.03461054503006473,True,56,152.66127639160783
