Category,Type,t_statistic,p_value,statistically significant,count,delta_ratio
Culture/Tradition,-1,-3.3710575514781564,0.0050135738200743326,True,14,115.78876645243132
Ideology/Politics,-1,-2.1709240783767125,0.049043727487059936,True,14,161.97439977479152
Personality/Behavior,-1,-2.3236412202128585,0.023097283113474972,True,70,137.51101083960017
Personality/Behavior,0,-2.305946732284044,0.02257184480671605,True,142,514.579774721343
Personality/Behavior,1,-2.2243981227246885,0.028108880459965988,True,114,108.72016876508548
Values,-1,-3.810756759049723,0.0003624636163209297,True,54,126.5624700471397
Values,0,-1.016364257225655,0.49483348261173565,False,2,531.0776836223704
