,t_statistic,p_value,statistically significant,count,delta_ratio
0,-7.939652380468284,7.305235869106346e-14,True,246,127.06282912817117
1,-2.9228624472811213,0.005159748658280779,True,52,58.28650911004771
All,-8.221543002535457,6.255373053340733e-15,True,299,114.8852540438228
