Category,Type,t_statistic,p_value,statistically significant,count,delta_ratio
Culture/Tradition,-1,-3.5560138081782835,0.003515689447717623,True,14,99.04215241261694
Ideology/Politics,-1,-3.1869199836932496,0.007145270927359663,True,14,170.15238573896968
Personality/Behavior,-1,-0.8748639390085337,0.38468307691888215,False,70,152.58417791405716
Personality/Behavior,0,-3.200410460580703,0.001695647769202236,True,142,518.9851073872478
Personality/Behavior,1,-2.078908269816657,0.03988913641874589,True,114,137.95007975257798
Values,-1,-3.7751215238382363,0.00040571228555700526,True,54,133.86514206421882
Values,0,-1.0202393880068426,0.4936223580132763,False,2,678.3983122112498
