Category,t_statistic,p_value,statistically significant,count,delta_ratio
Culture/Tradition,-3.5560138081782835,0.003515689447717623,True,14,99.04215241261694
Ideology/Politics,-3.1869199836932496,0.007145270927359663,True,14,170.15238573896968
Personality/Behavior,-3.895542785153122,0.00011897227945816748,True,326,307.064683419531
Values,-2.0540772471145843,0.04473329939051489,True,56,153.31275528375568
