,t_statistic,p_value,statistically significant,count,delta_ratio
0,-4.508281479220923,1.0117232442955022e-05,True,247,401.8241675081155
1,-3.1394457136543084,0.0028138302731296177,True,52,92.45684622893687
All,-4.566081334503457,7.270048242886829e-06,True,300,347.16303164182546
