Category,Type,t_statistic,p_value,statistically significant,count,delta_ratio
Culture/Tradition,-1,-3.1924579234206765,0.007069495577822983,True,14,119.37112286265761
Ideology/Politics,-1,-2.1255977514249835,0.05327491116210611,False,14,169.41667221496004
Personality/Behavior,-1,-0.09076898096165181,0.9279353964475299,False,71,132.8120571019388
Personality/Behavior,0,-2.7910202710212855,0.0059774161460096065,True,143,576.7279103308795
Personality/Behavior,1,-1.9102006504995557,0.058642049503626816,False,114,125.23579914667636
Values,-1,-3.345176077274582,0.0015162073299640978,True,54,122.12181203818116
Values,0,-1.0199001587243754,0.49372819265592893,False,2,443.33263047080055
