Category,Type,t_statistic,p_value,statistically significant,count,delta_ratio
Culture/Tradition,-1,-3.089949829903508,0.008611761304934091,True,14,73.03517508199177
Ideology/Politics,-1,-1.0678076061732014,0.305035776210669,False,14,94.44324500510038
Personality/Behavior,-1,-4.0599110614525245,0.00012925327371327805,True,69,74.84015204812451
Personality/Behavior,0,-6.025461264243425,1.39557095929919e-08,True,142,156.17944395549713
Personality/Behavior,1,-4.957596848121619,2.557357296368035e-06,True,113,71.10840822955893
Values,-1,-3.9306287213084636,0.0002471938870711216,True,54,57.31724145589175
Values,0,-1.0302373587912153,0.49051919851855336,False,2,154.7851809339387
