,t_statistic,p_value,statistically significant,count,delta_ratio
0,-5.545035085024535,7.593166117729034e-08,True,246,211.90627400380407
1,-2.727191829086218,0.008736826602928781,True,52,72.39566384322823
All,-5.779827821783472,1.8841074127317986e-08,True,299,187.18328681258387
