,t_statistic,p_value,statistically significant,count,delta_ratio
0,-7.587055323044863,8.691708908379213e-13,True,225,56.4843677020327
1,-3.2531817342459837,0.0020926960487957008,True,49,43.95241631391495
All,-8.263730087262104,6.190325427143403e-15,True,274,54.24325230780727
