,t_statistic,p_value,statistically significant,count,delta_ratio
0,-7.008788319563267,2.820489532862048e-11,True,224,58.50937804937065
1,-2.8663809015121564,0.006147356973827007,True,49,45.790065183211745
All,-7.573254404748222,5.69855705402477e-13,True,273,56.22642445800879
