,t_statistic,p_value,statistically significant,count,delta_ratio
0,-10.310843119365849,1.1928140042631518e-20,True,225,48.59615386995061
1,-4.007285941775911,0.00021304280511941204,True,49,35.906729023705715
All,-11.051125492652478,1.0388334321361302e-23,True,274,46.32687716387033
