,t_statistic,p_value,statistically significant,count,delta_ratio
0,-6.59309483561842,3.0524652646827793e-10,True,225,58.28870161856033
1,-3.1276732126536615,0.0029920271824235324,True,49,45.166824851973345
All,-7.262067391269753,3.9878605505130925e-12,True,274,55.942088620156085
