,t_statistic,p_value,statistically significant,count,delta_ratio
0,-6.967880640647275,3.548625115192183e-11,True,225,63.70968734001767
1,-3.2339786738505976,0.002211382505196248,True,49,47.25538015560332
All,-7.642496951680971,3.630864256359139e-13,True,274,60.76712875594357
