,t_statistic,p_value,statistically significant,count,delta_ratio
0,-6.9521239859343,3.890369751712253e-11,True,225,58.951967979690636
1,-3.1592638520258034,0.0027364278716840882,True,49,45.512139702228424
All,-7.636310294811583,3.777456013714724e-13,True,274,56.54849503956053
