,t_statistic,p_value,statistically significant,count,delta_ratio
0,-3.6428969896215797,0.00042944165518862853,True,101,105.47218499515971
1,0.002261492008875724,0.9982000527555821,False,102,61.53412653711825
All,-2.4171032937532955,0.01653293138134494,True,203,83.39493394727681
