Category,t_statistic,p_value,statistically significant,count,delta_ratio
Culture/Tradition,-2.134630160395447,0.05240544386991604,False,14,152.75281614052966
Ethnic/Racial Prejudice,-1.4954987736586645,0.16061215862428738,False,13,130.34136008405034
Ideology/Politics,-0.16604162507391648,0.8688848255452954,False,45,41.447876795576654
Other,-2.9235111990499716,0.03287940872900495,True,6,123.14851925563852
Personality/Behavior,-3.502690784961435,0.0006550325672563603,True,117,126.99414955000003
Residential area,0.10597878561417122,0.916444988889642,False,26,32.85071129489317
Values,-0.004773192136619004,0.9962254041008525,False,29,10.560146118344276
