,t_statistic,p_value,statistically significant,count,delta_ratio
0,-2.73563022424178,0.007379521938807916,True,100,84.49096675691091
1,0.42209057947708345,0.673856028205217,False,102,53.58856092077041
All,-1.3654138064424841,0.17364916398294056,False,202,68.88678163173104
