Category,t_statistic,p_value,statistically significant,count,delta_ratio
Culture/Tradition,-2.0948820707693985,0.05633329527589363,False,14,132.49962119547143
Ethnic/Racial Prejudice,-3.319375512902596,0.006838863030860333,True,12,142.10157759062963
Ideology/Politics,-0.7579187244079115,0.45254004882042964,False,45,59.03848099390785
Other,-2.328506627039358,0.06733634504020414,False,6,137.83995859368508
Personality/Behavior,-4.505644235809627,1.577665994398285e-05,True,118,128.7900063379903
Residential area,-0.12028865573817521,0.9052991086671681,False,24,27.070984584797692
Values,1.3388402573898965,0.19139188549759412,False,29,7.478277858364205
