,t_statistic,p_value,statistically significant,count,delta_ratio
0,-5.050350340796558,1.9873723416468483e-06,True,101,73.06987765769377
1,-2.0951480452189477,0.038684226762761995,True,101,53.822134170771776
All,-4.752486611602615,3.8219309063931816e-06,True,202,63.44600591423277
