,t_statistic,p_value,statistically significant,count,delta_ratio
0,-2.4233998842642426,0.01719201003559394,True,100,66.05395794697216
1,1.0961455696836446,0.275621875712337,False,102,38.650035260333354
All,-0.3648899585043512,0.7155771842874603,False,202,52.216333620055536
