,t_statistic,p_value,statistically significant,count,delta_ratio
0,-3.8273677858896726,0.00022583810824149928,True,101,105.16799445055295
1,-0.5666817066025895,0.5721876278158167,False,102,58.87172499923027
All,-3.220793948999365,0.0014899274873636657,True,203,81.90582950456816
