,t_statistic,p_value,statistically significant,count,delta_ratio
0,-3.635157698517902,0.0004428806752575326,True,100,92.16524097170678
1,0.2919891840357984,0.7708938078004747,False,102,52.48432678631719
All,-2.3460106095275406,0.019949567665208615,True,202,72.12834370977738
