,t_statistic,p_value,statistically significant,count,delta_ratio
0,-2.05464836523916,0.04249487219552095,True,102,81.74376405733481
1,-1.2679554236001518,0.20778777455875871,False,100,51.427095240385036
All,-2.4113291983581857,0.01679387287432215,True,202,66.73551216775573
