,t_statistic,p_value,statistically significant,count,delta_ratio
0,-2.494314023408238,0.014259085537975384,True,101,107.83979051939114
1,-0.05440241918336358,0.9567220177482527,False,102,65.72395182110066
All,-1.8686035551073268,0.0631256664792795,False,203,86.67813757739297
