Category,t_statistic,p_value,statistically significant,count,delta_ratio
Culture/Tradition,-1.5807655766465707,0.13794660883417328,False,14,107.76739936486281
Ethnic/Racial Prejudice,-0.5616607202837809,0.5846848140576347,False,13,100.58111937029241
Ideology/Politics,-0.003009685175092401,0.9976122267089083,False,45,50.69052912940758
Other,-3.1316807596170677,0.025908254616888417,True,6,116.26279806458146
Personality/Behavior,-3.1758449258340162,0.001910330733379566,True,118,118.34821462933027
Residential area,-0.17416668363024837,0.8631371744609175,False,26,30.934719166437986
Values,1.5332788300638263,0.13642978842589495,False,29,1.6250260943313615
