,t_statistic,p_value,statistically significant,count,delta_ratio
0,-3.5814621207169304,0.0005294850840441665,True,101,118.80609505634976
1,-0.89742417701063,0.3716481463180261,False,101,70.25002453547557
All,-3.199503447662836,0.0015998095696157105,True,202,94.52805979591265
