,t_statistic,p_value,statistically significant,count,delta_ratio
0,-3.1813969416234866,0.0019526525483006805,True,101,82.63338620146314
1,-0.5651259423521883,0.5732537745747637,False,101,50.72876184474359
All,-2.697925550536833,0.007570353570382135,True,202,66.68107402310338
