,t_statistic,p_value,statistically significant,count,delta_ratio
0,-3.1214147922946816,0.002359280864125274,True,100,138.53623858698379
1,-2.1209740236461596,0.036396782231162834,True,101,84.38192425641633
All,-3.762926880279724,0.00022060687049557876,True,201,111.32436919699715
