Category,t_statistic,p_value,statistically significant,count,delta_ratio
Culture/Tradition,-1.8834656233282128,0.08220051715205327,False,14,92.42239730609505
Ethnic/Racial Prejudice,-0.7101251314110184,0.491196757496444,False,13,102.08192435129489
Ideology/Politics,-0.775276750813724,0.4423230534735174,False,45,34.481734825325766
Other,-3.168522757445369,0.024856101465219202,True,6,105.27904306300624
Personality/Behavior,-0.457019933928574,0.6484969591407088,False,119,57.349556018330716
Residential area,0.15786848890238087,0.875938252477864,False,24,32.24737560381573
Values,1.2066007837835013,0.2376818006668989,False,29,1.976620712047149
