Category,t_statistic,p_value,statistically significant,count,delta_ratio
Culture/Tradition,-1.442270265634631,0.1728832389098407,False,14,112.74732670860568
Ethnic/Racial Prejudice,-1.2016693198308344,0.2526708457175406,False,13,100.78196827660837
Ideology/Politics,-0.02873453008997735,0.977206255698613,False,45,37.470099124397144
Other,-3.0920327104509764,0.027096874823277453,True,6,94.8800038841421
Personality/Behavior,-1.7803323916081517,0.07761715224531276,False,118,88.21392507003326
Residential area,0.6654600706052326,0.5121015618146842,False,25,22.568752543924276
Values,1.0870724857407812,0.2862745378837956,False,29,4.623386105604148
