,t_statistic,p_value,statistically significant,count,delta_ratio
0,-3.413272990812103,0.0009313071395818713,True,100,120.59636807313048
1,-1.9679400736889234,0.05187235300060279,False,100,78.53151225074782
All,-3.853816896793848,0.0001568553466804448,True,200,99.56394016193917
