Category,t_statistic,p_value,statistically significant,count,delta_ratio
Culture/Tradition,-1.8673195623347096,0.08456502085433514,False,14,127.28734712505425
Ethnic/Racial Prejudice,-1.7051957300024134,0.11388506197643312,False,13,120.58829970357327
Ideology/Politics,0.2633524614803062,0.7934810877635322,False,46,34.881534615795694
Other,-2.9101412826702036,0.03339421903199546,True,6,89.14032606626505
Personality/Behavior,-3.2542739827830602,0.0014898312485449343,True,117,82.40250002132711
Residential area,0.7832364687542445,0.4411493076988513,False,25,12.916624383271708
Values,0.10631042742838953,0.9160940793335505,False,29,7.916061284823018
