Category,t_statistic,p_value,statistically significant,count,delta_ratio
Culture/Tradition,-1.5341294923197828,0.1489689337996488,False,14,119.8055913569245
Ethnic/Racial Prejudice,-1.7730120586154765,0.10158623940925336,False,13,122.69993472460696
Ideology/Politics,-0.5819517982860198,0.563569204820398,False,45,42.25461223966796
Other,-3.1084133366715476,0.0265985197210744,True,6,99.7132648313825
Personality/Behavior,-2.749050428074801,0.006925584066081763,True,118,88.39516481939876
Residential area,0.955382745749659,0.3489091300527528,False,25,13.169739875956358
Values,0.36330378666809027,0.7191065368108192,False,29,7.758412177581417
