Category,t_statistic,p_value,statistically significant,count,delta_ratio
Culture/Tradition,-2.343405840701925,0.035661598282707055,True,14,134.92155930908538
Ethnic/Racial Prejudice,-3.4694888879419397,0.0052446909931323175,True,12,147.92523717082744
Ideology/Politics,-0.0725942363222791,0.9424580112877394,False,45,65.38287825821998
Other,-2.6472635328730747,0.04557615564943641,True,6,122.43674567515161
Personality/Behavior,-4.602031366008556,1.06905775862314e-05,True,118,147.95962169561093
Residential area,0.16225913853801277,0.8724601743950477,False,25,26.966969754582852
Values,1.3625487252968442,0.18388461022949787,False,29,5.026701847055222
