Category,t_statistic,p_value,statistically significant,count,delta_ratio
Ideology/Politics,-4.337338303764466,3.0388444136500666e-05,True,120,18.041957945799336
Institutions,-3.4532193185458633,0.0028364184152131285,True,19,23.621057847801634
Occupation/Social Status,-3.0574558223892185,0.002939101541274548,True,91,20.521016938859592
Other,-1.4020840053326973,0.19442551558480364,False,10,14.1064127943873
Personality/Behavior,-1.2519904863159628,0.21964746385274508,False,33,25.349892639024873
Residential Area,-2.0102193870546343,0.05290032647374814,False,33,34.210782903547894
