,t_statistic,p_value,statistically significant,count,delta_ratio
0,-4.309447362862209,2.9812631296006137e-05,True,148,505.5707096677414
1,-2.140248445283359,0.03640946551912144,True,61,209.50600508463003
All,-4.773447382927781,3.410508295553018e-06,True,209,419.1594801004218
