,t_statistic,p_value,statistically significant,count,delta_ratio
0,-4.083318585393637,7.264529871934525e-05,True,148,537.3076520223916
1,-2.3451887626734393,0.0223426126885586,True,61,220.14219723673435
All,-4.5034481282980225,1.1134996853089655e-05,True,209,444.7378302906925
