,t_statistic,p_value,statistically significant,count,delta_ratio
0,-4.312552225599198,2.9332914995283374e-05,True,149,544.3174771589878
1,-2.187153492519722,0.032639967296464296,True,61,216.4857946360621
All,-4.752335916746479,3.7374844590655386e-06,True,210,449.0901789023285
