,t_statistic,p_value,statistically significant,count,delta_ratio
0,-4.117275228102044,6.368727365398893e-05,True,148,521.3966692404065
1,-2.206719005733953,0.031171718696938334,True,61,211.074482470806
All,-4.562662925903717,8.627442601543771e-06,True,209,430.82416496793934
