,t_statistic,p_value,statistically significant,count,delta_ratio
0,-4.180216341469404,4.963326936152323e-05,True,149,550.1909534358015
1,-2.256592825487781,0.02768884044480405,True,61,215.73795851872038
All,-4.5828942686194765,7.883436892625717e-06,True,210,453.04032157893516
