,t_statistic,p_value,statistically significant,count,delta_ratio
0,-5.742916927919073,5.055532079321581e-08,True,150,33.871030782751994
1,-5.801882384422036,2.625461943980956e-07,True,61,22.979032201594737
All,-6.745884063955711,1.451191337256096e-10,True,211,30.72215915502407
