,t_statistic,p_value,statistically significant,count,delta_ratio
0,-4.032938499634527,8.845020292507119e-05,True,147,592.0681652636757
1,-2.281088942660549,0.026107695631857133,True,61,224.17403075524055
All,-4.408999815186074,1.6677570687639933e-05,True,208,484.17613543187497
