Category,t_statistic,p_value,statistically significant,count,delta_ratio
Ideology/Politics,-4.2118556745804,4.9498606695604385e-05,True,120,18.986785920092306
Institutions,-3.3095672095574664,0.003898095798249854,True,19,21.6815672640217
Occupation/Social Status,-3.7138507732568162,0.0003536417833236753,True,91,19.743534993587133
Other,-1.569261505294106,0.15103298520074818,False,10,15.306988585014539
Personality/Behavior,-1.2420748501477081,0.22323527989575337,False,33,26.040607979774578
Residential Area,-1.9666062680157403,0.0579520918386421,False,33,33.010014357189476
