,t_statistic,p_value,statistically significant,count,delta_ratio
0,-2.9654417327309552,0.0035210807438816293,True,150,19.870766814301362
1,-1.8219038060912391,0.07337297292392628,False,62,19.192876512816625
All,-3.457014114652539,0.0006604511404638785,True,212,19.67251587707469
