,t_statistic,p_value,statistically significant,count,delta_ratio
0,-2.7914425507385032,0.005935104284428973,True,150,21.139172472175776
1,-1.8679086311812934,0.06658022707206898,False,62,20.21457655744566
All,-3.2657273168320526,0.0012741031082515657,True,212,20.868771780132064
