Category,t_statistic,p_value,statistically significant,count,delta_ratio
Ideology/Politics,-4.298046021480417,3.543952165004039e-05,True,120,18.445291761981863
Institutions,-3.391405933535331,0.003252827646283737,True,19,24.25770375647829
Occupation/Social Status,-2.631646384074226,0.009997784242104837,True,91,21.475440210867536
Other,-1.5923045574848764,0.14578019548587753,False,10,14.711839430861067
Personality/Behavior,-1.275818073887838,0.2112033510272975,False,33,24.536616907214967
Residential Area,-1.824873185055388,0.07736826184964295,False,33,33.288913576152275
