,t_statistic,p_value,statistically significant,count,delta_ratio
0,-4.281552508214157,3.321276289363786e-05,True,149,576.4250848552238
1,-2.333104622394472,0.023013042635104886,True,61,227.02833391523262
All,-4.662921469052675,5.5552741387729845e-06,True,210,474.93364767741684
