,t_statistic,p_value,statistically significant,count,delta_ratio
0,-4.753375654683549,4.720984406051003e-06,True,148,440.77620147193795
1,-2.5345498228476453,0.013886080085882652,True,61,213.79369077288462
All,-5.228844983005463,4.143595296818539e-07,True,209,374.52771748800376
