,t_statistic,p_value,statistically significant,count,delta_ratio
0,-4.441901490145647,1.7352430474156286e-05,True,149,580.840998628024
1,-2.4377008334670616,0.017761083079270094,True,61,228.3872997022382
All,-4.818481673459749,2.777851681805395e-06,True,210,478.46159084481945
