Category,t_statistic,p_value,statistically significant,count,delta_ratio
Ideology/Politics,-4.349166600227396,2.900876039981077e-05,True,120,16.224211058247192
Institutions,-3.574972863804414,0.002164380700886064,True,19,19.77784076609677
Occupation/Social Status,-3.8099705765321548,0.00025377809857375075,True,91,17.62730010998844
Other,-1.3787006128440122,0.2012850775100103,False,10,11.939160341703754
Personality/Behavior,-1.2230775498585447,0.23023149932720438,False,33,19.9018762862246
Residential Area,-1.9993593140714125,0.05412086819851546,False,33,31.208928774956775
