Category,t_statistic,p_value,statistically significant,count,delta_ratio
Ideology/Politics,-5.602138829707778,1.4675836153455784e-07,True,116,175.99957332141986
Institutions,-5.203771960154145,7.170331535470119e-05,True,18,170.085505148002
Occupation/Social Status,-6.99092971634743,5.277724182873949e-10,True,88,214.76186872417583
Other,-1.468576452959121,0.17601078336118522,False,10,383.1997943156606
Personality/Behavior,-3.5583463803527637,0.0011888984630601404,True,33,341.40284568841344
Residential Area,-4.242057793060785,0.00017660263009493637,True,33,358.2924436218579
