Category,t_statistic,p_value,statistically significant,count,delta_ratio
Ideology/Politics,-4.921561067866137,2.7894336438322472e-06,True,120,15.610067362437634
Institutions,-3.333420824638303,0.0036980062439058675,True,19,22.455631291527343
Occupation/Social Status,-4.673448767129635,1.0338127621859126e-05,True,91,16.33700211708875
Other,-1.5441669815768557,0.15694504127006095,False,10,14.012964354396837
Personality/Behavior,-1.3029614054561722,0.20188638646270132,False,33,16.235404816888842
Residential Area,-2.3972091422316875,0.02253076712369037,True,33,30.719692751341483
