,t_statistic,p_value,statistically significant,count,delta_ratio
0,-3.99316369700372,0.00010234987093927989,True,149,600.2874869711255
1,-2.1902790688678637,0.032401415256950256,True,61,210.62848050845196
All,-4.402470436877849,1.7070335362026023e-05,True,210,487.1008231891107
