,t_statistic,p_value,statistically significant,count,delta_ratio
0,-4.187087018116211,4.8473962166761434e-05,True,148,481.5820914056834
1,-2.175078782945776,0.03357608337354512,True,61,208.48803180002596
All,-4.638911953410159,6.189058040241025e-06,True,209,401.87521276479777
