,t_statistic,p_value,statistically significant,count,delta_ratio
0,-2.9117679988439487,0.004146650114632789,True,150,20.54065361333695
1,-1.618030406990496,0.11081582258521026,False,62,20.834994585871005
All,-3.3368698031002326,0.0010012375949429693,True,212,20.626734463795025
