,t_statistic,p_value,statistically significant,count,delta_ratio
0,-2.7666642284970298,0.0063811080954950415,True,150,21.25926083036885
1,-1.9119747222933752,0.06057915163752019,False,62,18.852242359148534
All,-3.213174410335374,0.0015184587580444008,True,212,20.55532146614404
