,t_statistic,p_value,statistically significant,count,delta_ratio
0,-7.692212120316733,2.028773052121944e-12,True,146,290.3933446786826
1,-5.04523723320682,4.620297401380804e-06,True,60,185.1178749851461
All,-8.896530709302294,3.0494272673880305e-16,True,206,259.7305865155167
