,t_statistic,p_value,statistically significant,count,delta_ratio
0,-3.0905237139951587,0.0023849368914346967,True,150,23.86322895128518
1,-2.0567137670933833,0.043997644071631765,True,62,21.578233631698147
All,-3.613942755529074,0.0003770822120026853,True,212,23.194975603104066
