,t_statistic,p_value,statistically significant,count,delta_ratio
0,-3.526092138960558,0.0005607363254757653,True,150,23.722006302188518
1,-1.8162686557515884,0.07424363939180144,False,62,22.750672990985066
All,-3.9674407831565257,9.954027888376749e-05,True,212,23.437937126270523
