,t_statistic,p_value,statistically significant,count,delta_ratio
0,-2.9708707422032363,0.003462893612977466,True,150,28.37915808046739
1,-1.9190022943893452,0.05966589643130864,False,62,23.72779581433363
All,-3.4258488353345022,0.0007365229066269937,True,212,27.018854021503746
