Category,t_statistic,p_value,statistically significant,count,delta_ratio
Appearance/Impression,-2.88514846003208,0.00794287405167997,True,26,47.476169305214164
Athletic Ability,-3.4531820405060767,0.010645348328693743,True,8,35.25841132097361
Culture/Tradition,-7.128120225569222,2.3432024359943886e-10,True,92,52.84433225519003
Drinking,-4.2699997832149705,9.966781810883578e-05,True,46,53.06073474804791
Ideology/Politics,-2.658332246222962,0.013495598562856157,True,26,73.99083142941662
Institutions,-4.856868075594631,5.002695250187168e-06,True,91,77.09602927900625
Personality/Behavior,-2.948406452497502,0.005437583286291804,True,39,93.67594464320126
Residential area,-2.5971478662042973,0.02481989943077899,True,12,52.046617810147836
