Category,t_statistic,p_value,statistically significant,count,delta_ratio
Appearance/Impression,-1.0485635052756612,0.3044108446874003,False,26,47.35459631072719
Athletic Ability,-5.206836755957757,0.001243635277978476,True,8,45.43049618110986
Culture/Tradition,-3.5995901416283975,0.0005184436609845871,True,92,75.80372096555975
Drinking,-1.4280415229361378,0.16018378446412618,False,46,66.33812391308993
Ideology/Politics,-2.6624077372026473,0.013131488582336705,True,27,45.47671157137781
Institutions,-2.1681667158195204,0.03269831734036285,True,94,57.427176629280886
Personality/Behavior,-2.3782236668187315,0.02252829249856984,True,39,91.99224868125069
Residential area,-2.855113143157076,0.015652891291095636,True,12,52.16399443658951
