,t_statistic,p_value,statistically significant,count,delta_ratio
0,-3.078073213202254,0.0023398389840342485,True,228,77.6149351062612
1,-1.8110531154621763,0.07626509013216035,False,50,49.336210952323384
All,-3.5703778086534483,0.0004201048294955794,True,278,72.52883363972563
