Category,t_statistic,p_value,statistically significant,count,delta_ratio
Appearance/Impression,-3.0936373106700836,0.004816331875195144,True,26,45.357796260188756
Athletic Ability,-3.765540123231117,0.007023779568031666,True,8,30.885395697137607
Culture/Tradition,-6.5865933749214545,2.8452213283810534e-09,True,92,45.937126253863035
Drinking,-3.9829189623641166,0.00024599233726188834,True,46,49.62547294910588
Ideology/Politics,-2.609748459437877,0.014832615852413859,True,27,67.30644104409217
Institutions,-4.868311100982054,4.7140696105709315e-06,True,92,70.3717699674285
Personality/Behavior,-3.217753222927989,0.002642405362511001,True,39,77.58285690216941
Residential area,-2.372754941931548,0.036971473842178644,True,12,54.162387773015574
