,t_statistic,p_value,statistically significant,count,delta_ratio
0,-9.53771822053941,2.590218871311044e-18,True,225,55.08396051589575
1,-4.601668357247592,3.084399824784863e-05,True,49,37.72860148457418
All,-10.455917150098193,9.669610398480617e-22,True,274,51.98026492270319
