,t_statistic,p_value,statistically significant,count,delta_ratio
0,-6.446111988259738,6.95439452383312e-10,True,225,79.87380920459883
1,-3.492320776583763,0.0010387428590347715,True,49,52.43817725597029
All,-7.1440776795782766,8.253190696076179e-12,True,274,74.96743706780028
