,t_statistic,p_value,statistically significant,count,delta_ratio
0,-6.687056809637698,1.7921206411107606e-10,True,225,72.78895806242147
1,-3.141284257638631,0.002879261606424215,True,49,48.34082173110556
All,-7.330144717047693,2.6120022785950488e-12,True,274,68.41684609076279
