Category,t_statistic,p_value,statistically significant,count,delta_ratio
Appearance/Impression,-1.715332155083061,0.09865506110793738,False,26,41.55697870397827
Athletic Ability,-5.278245402039371,0.0011502473463210264,True,8,65.30094887778586
Culture/Tradition,-6.58625328429578,2.9527596436886516e-09,True,91,77.1151813707053
Drinking,-5.634971617682805,1.1573767898155414e-06,True,45,64.49677782021365
Ideology/Politics,-3.1619409024976317,0.003958494143746843,True,27,46.18958339960985
Institutions,-5.957471976962363,5.3107799793576295e-08,True,88,48.934780037584666
Personality/Behavior,-4.511204197222619,6.0324424364333794e-05,True,39,79.48261956359529
Residential area,-3.605596647446494,0.0041292594335942895,True,12,42.98631576807863
