,t_statistic,p_value,statistically significant,count,delta_ratio
0,-9.870607208296983,2.84821678390976e-19,True,222,68.4803721981681
1,-3.7187750595258464,0.00053288608602206,True,48,38.903298677016366
All,-10.522084799033333,6.534352322369321e-22,True,270,63.222225794407784
