Category,t_statistic,p_value,statistically significant,count,delta_ratio
Appearance/Impression,-2.9146499291858445,0.007405296942901585,True,26,52.267116082378095
Athletic Ability,-3.7071810127610556,0.007582915732709145,True,8,40.334694841055615
Culture/Tradition,-7.487767671877183,4.3434559129678016e-11,True,92,53.56434966332665
Drinking,-4.316153858656087,8.601793963087177e-05,True,46,55.89490436013076
Ideology/Politics,-2.3678330092319775,0.02561324725725668,True,27,80.98598971628547
Institutions,-4.273959417924342,4.720858991041913e-05,True,92,81.21110628539734
Personality/Behavior,-2.8734913001346714,0.006611013384172003,True,39,93.46689968135368
Residential area,-2.2905150871580116,0.04273895810732914,True,12,58.855085055077716
