,t_statistic,p_value,statistically significant,count,delta_ratio
0,-6.648643998473087,2.2115879985206725e-10,True,226,64.75137736289797
1,-3.3094640265454096,0.001778592145277704,True,49,42.86324003836375
All,-7.290386193715767,3.3194949365768794e-12,True,275,60.85130925779914
