,t_statistic,p_value,statistically significant,count,delta_ratio
0,-3.172200680687129,0.00172192235038115,True,228,73.14471870098414
1,-1.5436316409442024,0.12911195540680348,False,50,50.97583537584408
All,-3.517213940735359,0.0005094464019816745,True,278,69.15750946984384
