Category,t_statistic,p_value,statistically significant,count,delta_ratio
Appearance/Impression,-1.1077164351218574,0.2785284473946184,False,26,56.405420512085755
Athletic Ability,-5.188570177101341,0.0012688585339894133,True,8,60.61165177678376
Culture/Tradition,-3.392179028474417,0.0010278987642957163,True,92,91.32806377702461
Drinking,-1.6497465810629677,0.10595895680289837,False,46,100.87480870791903
Ideology/Politics,-3.335389223124889,0.0025703291238178246,True,27,65.50497982370047
Institutions,-2.395897657718256,0.018582127117021483,True,94,71.94748986827531
Personality/Behavior,-2.709747404692152,0.010045684997711987,True,39,134.59435372312788
Residential area,-2.9574061397637155,0.013035608178153685,True,12,50.96674455445612
