,t_statistic,p_value,statistically significant,count,delta_ratio
0,-2.9364167614076884,0.003661992325763244,True,228,66.59955753694659
1,-1.5889798800717831,0.11849728287872281,False,50,42.88250175015926
All,-3.3347725655119955,0.0009701537532070172,True,278,62.33390002133737
