Category,t_statistic,p_value,statistically significant,count,delta_ratio
Appearance/Impression,-1.068785289094081,0.2953781566170838,False,26,46.763435375600345
Athletic Ability,-4.700568332834734,0.0022070539694084242,True,8,28.723471609046747
Culture/Tradition,-3.5628476557580053,0.0005863851729977687,True,92,69.4292938941047
Drinking,-1.523218374439552,0.13470134546381526,False,46,62.34220198244014
Ideology/Politics,-2.364817332724263,0.025784488680685655,True,27,37.42235188971777
Institutions,-1.9965547058585993,0.04879734421155578,True,94,47.89648430962868
Personality/Behavior,-2.3375959160759834,0.024775466117731015,True,39,89.44028742987956
Residential area,-3.06917199502743,0.010675686866719967,True,12,44.21629623353186
