Category,t_statistic,p_value,statistically significant,count,delta_ratio
Appearance/Impression,-1.1072566186564086,0.2787233298954932,False,26,48.86260489863595
Athletic Ability,-5.060185241762647,0.0014630509646404108,True,8,41.23377670302584
Culture/Tradition,-3.246316767780837,0.0016370809396078444,True,92,68.0478328750546
Drinking,-1.6306579582816316,0.10994293710723886,False,46,65.64728317583626
Ideology/Politics,-2.457854788426826,0.020957370328253747,True,27,43.712543933980456
Institutions,-2.2827784428184628,0.024722021999095015,True,94,53.345829615529404
Personality/Behavior,-2.558720865602524,0.014612681647124594,True,39,87.00328840026876
Residential area,-2.9995530108153248,0.012089494000481035,True,12,51.327227231141435
