,t_statistic,p_value,statistically significant,count,delta_ratio
0,-4.442806755855849,1.3931025499261459e-05,True,226,55.821834328115536
1,-1.105924701779656,0.27450963126401856,False,47,30.66774132072411
All,-4.362666428378462,1.8258027984703426e-05,True,273,51.491276191311876
