,t_statistic,p_value,statistically significant,count,delta_ratio
0,-3.2675068018114715,0.001253171093838146,True,228,94.15845703024452
1,-1.963999527598688,0.05521628788869327,False,50,61.43536916194151
All,-3.8166401219817256,0.00016690984044310546,True,278,88.27300957191665
