,t_statistic,p_value,statistically significant,count,delta_ratio
0,-3.35506610005341,0.0009298946701111446,True,228,97.00509676761129
1,-1.9945571956286552,0.05166978450354063,False,50,66.44636772159588
All,-3.906914767005204,0.00011755006442923456,True,278,91.5089224787596
