,t_statistic,p_value,statistically significant,count,delta_ratio
0,-6.104073455312064,4.481946794285336e-09,True,226,76.72540110399548
1,-3.3938331457450004,0.0013901863455324454,True,49,49.253877384953945
All,-6.733657960676337,9.687833661419668e-11,True,275,71.83047505951173
