Category,t_statistic,p_value,statistically significant,count,delta_ratio
Appearance/Impression,-1.3532550800147822,0.18808513361560264,False,26,41.00163251415384
Athletic Ability,-0.16454642055285348,0.8739517114371734,False,8,17.26696737851186
Culture/Tradition,-2.8094344524780057,0.006074640732125714,True,92,56.01488617047218
Drinking,-1.6243831791410888,0.11127896276863199,False,46,50.12845547929328
Ideology/Politics,-1.6927568661480092,0.10245276542364412,False,27,34.14154549304964
Institutions,-1.4003637351540648,0.16473193599475944,False,94,37.62165543132677
Personality/Behavior,-2.205439603327249,0.03354581074270827,True,39,53.97521740202308
Residential area,-3.1373888469693316,0.009452303516486288,True,12,40.03541630928836
