Category,t_statistic,p_value,statistically significant,count,delta_ratio
Appearance/Impression,-1.1685759087888952,0.25359745620828167,False,26,47.47307994127083
Athletic Ability,-4.942496112092907,0.0016704031543706812,True,8,55.74787562101196
Culture/Tradition,-3.4289742487620885,0.0009121171668221869,True,92,71.0553325133736
Drinking,-1.5816900042027544,0.1207243456822982,False,46,68.13106306565837
Ideology/Politics,-2.6763145292155706,0.012713700275857722,True,27,48.03320202680024
Institutions,-2.4094871226376213,0.01794429696427319,True,94,58.54370377089626
Personality/Behavior,-2.537109059053354,0.015403575719206235,True,39,92.2595934009976
Residential area,-3.1187577855214483,0.009771616612522719,True,12,41.054307999558354
