,t_statistic,p_value,statistically significant,count,delta_ratio
0,-3.4662822199262506,0.0006309828379283858,True,228,73.20004478431413
1,-1.7588690672549976,0.08484333992251344,False,50,45.080021971408414
All,-3.8816737178205383,0.00012974177558648103,True,278,68.142486724439
