Category,t_statistic,p_value,statistically significant,count,delta_ratio
Appearance/Impression,-1.056494787280473,0.3008451464914137,False,26,54.93642012527935
Athletic Ability,-5.790554935719895,0.0006699763951708677,True,8,57.7051641632149
Culture/Tradition,-3.7019516227655003,0.00036633257382847836,True,92,82.14702030732454
Drinking,-1.619895307288451,0.11224262062172112,False,46,88.40983752958986
Ideology/Politics,-3.1106023258981157,0.00449213977858562,True,27,63.92458099306558
Institutions,-2.2582068272102345,0.026270962274275098,True,94,66.86540497382946
Personality/Behavior,-2.4993759674692098,0.01687889097570228,True,39,111.43375382672045
Residential area,-2.868106997353849,0.015293226233523142,True,12,48.19624096032556
