Category,t_statistic,p_value,statistically significant,count,delta_ratio
Appearance/Impression,-2.9056182467774607,0.007566086788821437,True,26,51.17175223430765
Athletic Ability,-4.170488844706567,0.004186593467354884,True,8,33.79926498343869
Culture/Tradition,-7.188562731533365,1.767580604683243e-10,True,92,50.02631774913897
Drinking,-4.2357238858585164,0.00011114964875934975,True,46,51.24232380770373
Ideology/Politics,-2.4120735503943456,0.02321796385424654,True,27,73.65852534446957
Institutions,-4.186975046709231,6.519964835276679e-05,True,92,73.83739984987557
Personality/Behavior,-2.791264097644427,0.008169208815121613,True,39,88.37663763297434
Residential area,-2.244688649637248,0.04631914857130444,True,12,62.25595757440462
