,t_statistic,p_value,statistically significant,count,delta_ratio
0,-3.5181401641180092,0.000524844683831653,True,228,53.05625809019627
1,-0.7734206371061028,0.44298881970928217,False,50,36.249001894219376
All,-3.2991785442580643,0.0010965645261412915,True,278,50.03337028516446
