,t_statistic,p_value,statistically significant,count,delta_ratio
0,-5.6924558696063015,3.866182298731825e-08,True,227,73.78737431452164
1,-3.121011664446928,0.003048719436997633,True,49,47.31089675257344
All,-6.242418102826844,1.6258288789744984e-09,True,276,69.08684025461055
