Category,t_statistic,p_value,statistically significant,count,delta_ratio
Appearance/Impression,-3.0380731913727046,0.00550931250621342,True,26,49.10380367671769
Athletic Ability,-3.814680924669704,0.006587662990511377,True,8,34.160570875841636
Culture/Tradition,-6.8735192372923795,7.631124907511491e-10,True,92,51.710675695257535
Drinking,-4.43282945781039,5.914127936094234e-05,True,46,53.09630480850384
Ideology/Politics,-2.8124573181147388,0.009429844521818439,True,26,69.83727467993647
Institutions,-5.026767595852132,2.521571386026429e-06,True,91,72.75993247694657
Personality/Behavior,-2.980448733381087,0.004997941743126926,True,39,85.45329259205265
Residential area,-2.3513292074688796,0.03839711161825075,True,12,56.49432745387234
