,t_statistic,p_value,statistically significant,count,delta_ratio
0,-3.109690476498576,0.002112520013637611,True,228,88.17355078268581
1,-1.9024362084179678,0.06299968634545854,False,50,55.22676299645567
All,-3.6364371166555562,0.00032954442432161,True,278,82.24786952616958
