,t_statistic,p_value,statistically significant,count,delta_ratio
0,-3.1336381136885056,0.0019541079912824212,True,228,49.96748776739332
1,-0.5096787874458095,0.6125645148846122,False,50,32.245217785543296
All,-2.954116036995945,0.003404920087985517,True,278,46.78002913756419
