,t_statistic,p_value,statistically significant,count,delta_ratio
0,-3.324755542118166,0.001031789422019612,True,228,68.42426885136223
1,-1.862026590389601,0.06860180556073907,False,50,43.34958690965782
All,-3.816496507368019,0.00016700209086953008,True,278,63.91443396976071
