,t_statistic,p_value,statistically significant,count,delta_ratio
0,-3.1532838479927916,0.0021262597998622707,True,102,195.9961531161343
1,-4.521040460671402,1.6781229572441444e-05,True,102,92.05937396418804
All,-4.676194338955783,5.324960528888582e-06,True,204,144.02776354016117
