,t_statistic,p_value,statistically significant,count,delta_ratio
0,-5.677688732814018,1.341229637178547e-07,True,101,142.3916815829001
1,-5.213009912553811,1.003046207023087e-06,True,101,93.90398081656446
All,-7.719796427109381,5.367948516672701e-13,True,202,118.1478311997323
