Category,t_statistic,p_value,statistically significant,count,delta_ratio
Culture/Tradition,-2.0613363320489158,0.0598595030581842,False,14,128.45213058771935
Ethnic/Racial Prejudice,-3.2845939770895876,0.005920646129276551,True,14,180.34394426626807
Ideology/Politics,-1.8587211366431793,0.06976351615916611,False,45,60.540673963042444
Other,-1.8014919048847833,0.13150476480054507,False,6,37.44731499424258
Personality/Behavior,-3.0014170254596126,0.0032801220083508637,True,119,195.79564219298945
Residential area,-1.6711556755664079,0.1071641572991613,False,26,86.65737944144726
Values,0.6991215165429912,0.4902433123420058,False,29,20.897686642076863
