,t_statistic,p_value,statistically significant,count,delta_ratio
0,-3.1212632426952442,0.0023484916368415204,True,102,139.2421151990793
1,-3.7958139306058296,0.00025121196858439074,True,102,71.65889965666466
All,-4.71929126798352,4.402655833031134e-06,True,204,105.45050742787197
