,t_statistic,p_value,statistically significant,count,delta_ratio
0,-3.451278712963416,0.0008159379159365955,True,102,148.09783299128694
1,-3.5355175135171093,0.0006136194635468572,True,103,84.90606434364356
All,-4.926634028627099,1.726708638266732e-06,True,205,116.34782240247101
