,t_statistic,p_value,statistically significant,count,delta_ratio
0,-3.315157714057508,0.0012768585166974757,True,101,151.68714837889473
1,-3.8631029779263426,0.00019689061544710392,True,103,79.11090183409887
All,-4.942100245589018,1.6141456022620427e-06,True,204,115.04325919206151
