,t_statistic,p_value,statistically significant,count,delta_ratio
0,-3.5650091681479434,0.0005598069274404929,True,101,165.51956468294134
1,-3.6181576810266862,0.00046352366098630223,True,103,86.87969926123652
All,-4.987928131655356,1.3077449569545947e-06,True,204,125.814142435708
