,t_statistic,p_value,statistically significant,count,delta_ratio
0,-3.514991927477794,0.0006598918915297548,True,102,193.9666485367523
1,-3.8185930990630506,0.00023179375658043542,True,102,93.21201291898711
All,-4.9483126551999455,1.5688640180677064e-06,True,204,143.5893307278697
