,t_statistic,p_value,statistically significant,count,delta_ratio
0,-2.981901589709656,0.0035829855496736667,True,103,120.69511295117555
1,-4.3423477504207275,3.357188891598593e-05,True,102,67.0847606495377
All,-4.77031033778345,3.498915488159998e-06,True,205,94.02069375718987
