Category,t_statistic,p_value,statistically significant,count,delta_ratio
Culture/Tradition,-2.1306164349311856,0.05279016024930463,False,14,127.68740776942774
Ethnic/Racial Prejudice,-3.145624360938907,0.007736534985496582,True,14,180.90603422860877
Ideology/Politics,-0.6460427415567506,0.5215328393200285,False,46,55.16563143851958
Other,-1.3148148883771846,0.24564539991086834,False,6,36.6406994870359
Personality/Behavior,-3.7612488901320997,0.00026561291542068536,True,118,146.3210338102659
Residential area,-1.4755782540421885,0.152541820903006,False,26,57.73278844220312
Values,-0.7741069055974623,0.44535507160102383,False,29,29.5638695134339
