Category,t_statistic,p_value,statistically significant,count,delta_ratio
Culture/Tradition,-2.2914066626571756,0.039279925699225705,True,14,133.64839048927414
Ethnic/Racial Prejudice,-3.665227745853787,0.0028531626105145758,True,14,124.52553368956684
Ideology/Politics,-2.434484825589104,0.01903849573176284,True,45,53.534058025705846
Other,-1.4386433472375946,0.20977730621277357,False,6,82.48231966897052
Personality/Behavior,-5.673309852961678,1.046218338793092e-07,True,117,154.13874658783132
Residential area,-3.2623890831517834,0.0033009928847567245,True,25,81.04628618401584
Values,-1.5165033001557355,0.14060198854069028,False,29,27.83086160861662
