,t_statistic,p_value,statistically significant,count,delta_ratio
0,-4.13060556535197,7.469223971690817e-05,True,102,127.4322749809987
1,-3.0316969776052707,0.003089893610040983,True,102,62.63967555344093
All,-5.10091668629949,7.736848201396738e-07,True,204,95.03597526721981
