,t_statistic,p_value,statistically significant,count,delta_ratio
0,-3.3078575253950886,0.0013032163857200569,True,102,166.06707125742938
1,-3.8995848468905026,0.0001727824066638341,True,103,85.14717005470888
All,-4.852755103697974,2.415814104971431e-06,True,205,125.40975504337956
