,t_statistic,p_value,statistically significant,count,delta_ratio
0,-3.669660918844779,0.0003900052618256399,True,102,178.05198677358183
1,-3.8258520050233695,0.00022705275829820488,True,101,88.23148221262925
All,-5.102436310092599,7.711161020710878e-07,True,203,133.3629672629601
