,t_statistic,p_value,statistically significant,count,delta_ratio
0,-3.011735577682174,0.003282271315525488,True,102,204.65916769226112
1,-3.970623352086422,0.00013368009554099139,True,103,89.79651704663858
All,-4.27976019204271,2.8767545468099787e-05,True,205,146.94768956299714
