Category,t_statistic,p_value,statistically significant,count,delta_ratio
Appearance/Impression,1.1871683488286553,0.24677918861935805,False,25,15.84987580100821
Athletic Ability,1.5671024657550734,0.1610751473099867,False,8,-4.85733581081859
Culture/Tradition,1.9182741529496334,0.05824640701206461,False,91,7.048248933920006
Drinking,1.426232910145048,0.1605529882673047,False,47,-14.904067007536423
Ideology/Politics,2.3117876047434414,0.028971850178512178,True,27,-29.120323026190363
Institutions,1.8887088092376096,0.062047318416399704,False,94,-3.348964385009863
Personality/Behavior,1.1313809404440964,0.26537541149757465,False,37,-16.291928756822863
Residential area,-0.2602244368539543,0.7994973299091841,False,12,21.04681975340994
