Category,t_statistic,p_value,statistically significant,count,delta_ratio
Appearance/Impression,1.0299411790313657,0.3133060750236502,False,25,12.25203463097847
Athletic Ability,1.9587985975774396,0.09098059889538375,False,8,-7.355100394453228
Culture/Tradition,1.3331851867408824,0.18579900007684874,False,92,7.1847760183832445
Drinking,2.497578773432421,0.016317381096803255,True,45,-23.337497181952262
Ideology/Politics,2.4118108935358946,0.02323155665069162,True,27,-36.99230805024299
Institutions,2.193313934407372,0.03077815353112633,True,94,-12.81791145256459
Personality/Behavior,1.5291182845601257,0.13497533122886682,False,37,-20.01152892491886
Residential area,1.39391208811291,0.1908628758173621,False,12,15.055831752038307
