,t_statistic,p_value,statistically significant,count,delta_ratio
0,1.9945175657537448,0.04731868202142319,True,223,-13.975363566955323
1,2.177084494229785,0.03432024358269618,True,50,-19.01682811924151
All,2.162786635356084,0.03142902034404559,True,273,-14.898708723051696
