,t_statistic,p_value,statistically significant,count,delta_ratio
0,3.0218728108832393,0.002805671047024411,True,224,-10.477411312748568
1,1.6853077345554068,0.09828847210056674,False,50,-15.520460384310928
All,3.329090817086595,0.0009911749677016476,True,274,-11.397675741865784
