,t_statistic,p_value,statistically significant,count,delta_ratio
0,2.0363796101106946,0.04288886628870461,True,225,-1.4925191232962849
1,1.1881040386857231,0.24029598793902276,False,52,-12.199264837306794
All,2.13363140502017,0.03375470597662391,True,277,-3.502449726648439
