Category,t_statistic,p_value,statistically significant,count,delta_ratio
Appearance/Impression,1.2761667149706237,0.21410884371001374,False,25,9.784550581629006
Athletic Ability,1.771153058400446,0.11983432670615085,False,8,-4.5467636970638425
Culture/Tradition,1.2270198041929816,0.2229801963261394,False,92,6.6623192569170016
Drinking,1.0405568402914558,0.30351971917280013,False,47,-23.649665779032667
Ideology/Politics,2.7476654876533857,0.01075911801754885,True,27,-38.368142455581946
Institutions,1.7826634927287384,0.07790417245229805,False,94,-11.254104221648072
Personality/Behavior,1.533193704054696,0.1337352083065941,False,38,-26.91258102633834
Residential area,1.6429444478285204,0.128644271930957,False,12,11.359884035935718
