,t_statistic,p_value,statistically significant,count,delta_ratio
0,1.4363712960563753,0.1523044043701851,False,223,-4.184898138945094
1,1.4227694747363067,0.16089124928134158,False,52,-12.114038035684864
All,1.5116421551782557,0.1317773678450148,False,275,-5.684226410328616
