Category,t_statistic,p_value,statistically significant,count,delta_ratio
Appearance/Impression,1.3747352532536816,0.18191397225295736,False,25,12.405903689496878
Athletic Ability,1.9900123980129556,0.08688967066388113,False,8,-21.898313357596628
Culture/Tradition,1.5803204683479735,0.11750328200011688,False,92,-1.5550585192208457
Drinking,2.405503882765094,0.02042084306913775,True,45,-23.748047848138256
Ideology/Politics,2.2488860763546756,0.03321539708608811,True,27,-38.622201339327916
Institutions,2.389510729453614,0.018888805995129106,True,94,-14.494749607622225
Personality/Behavior,1.2394635782074346,0.2234208158198284,False,36,-26.556489150829726
Residential area,-0.11045363016986515,0.9140390869699737,False,12,20.69804784044358
