,t_statistic,p_value,statistically significant,count,delta_ratio
0,1.9994011935164637,0.04677313134225179,True,225,-12.289631719212247
1,1.097023801037512,0.27778386652061154,False,52,-13.518927127447375
All,2.14096056049641,0.033153223911696984,True,277,-12.52040197635386
