,t_statistic,p_value,statistically significant,count,delta_ratio
0,3.5549836037525893,0.00046224490470726576,True,222,3.304461181547584
1,2.0170254429011902,0.04897168019595071,True,52,-7.80567460581605
All,3.9440157396750384,0.00010192599603613879,True,274,1.19596825839828
