Category,t_statistic,p_value,statistically significant,count,delta_ratio
Appearance/Impression,1.1915998205197031,0.2450689457450172,False,25,14.534080332837537
Athletic Ability,1.609509161498183,0.15154039219655124,False,8,1.8004795390806085
Culture/Tradition,1.0684659739891096,0.2881365360764042,False,92,13.53158861827203
Drinking,0.8913473856169387,0.3773816156323393,False,47,-14.549705355636927
Ideology/Politics,2.6994638256656383,0.012045737815104526,True,27,-29.68523486624005
Institutions,2.0947301000442105,0.038913844007546876,True,94,-5.453609113922596
Personality/Behavior,1.3840739940523514,0.17462816453187635,False,38,-9.029916451437732
Residential area,1.4891273244173113,0.16455497943629618,False,12,17.8928372051142
