,t_statistic,p_value,statistically significant,count,delta_ratio
0,2.1319432585595766,0.034095453089438926,True,226,-18.289047441360704
1,1.51827823315219,0.13511946462826582,False,52,-17.59587689206309
All,2.1683398272306946,0.030984074147795127,True,278,-18.159389640772662
