,t_statistic,p_value,statistically significant,count,delta_ratio
0,2.9001922885175144,0.0041058351938408994,True,222,5.068763718056257
1,2.737288246975708,0.00850695153395233,True,52,-6.38364631107912
All,3.4881055778499506,0.0005668357526710467,True,274,2.895313639534215
