,t_statistic,p_value,statistically significant,count,delta_ratio
0,2.004185418103523,0.04625437657626852,True,225,-18.844946602944706
1,1.5606943039746581,0.12478043973176951,False,52,-20.91144464591993
All,2.1397028920828576,0.03325577675366489,True,277,-19.232881253611534
