Category,t_statistic,p_value,statistically significant,count,delta_ratio
Appearance/Impression,1.2368681168545657,0.22810289717413462,False,25,15.556849139336656
Athletic Ability,1.967762692262624,0.08978675435610475,False,8,-8.376168619081504
Culture/Tradition,1.5317948036896845,0.12904227174730545,False,92,3.848331603072983
Drinking,1.8371527447649814,0.0726525064174933,False,47,-23.393567968986492
Ideology/Politics,2.6162019017954323,0.014613605512399578,True,27,-38.53707032978305
Institutions,1.9282905921557587,0.05686931132564936,False,94,-8.370991451426033
Personality/Behavior,1.6292364744449452,0.1117488121301505,False,38,-27.814106836384163
Residential area,1.7780476763369426,0.1030149786030696,False,12,12.91724946396298
