,t_statistic,p_value,statistically significant,count,delta_ratio
0,1.9145051607524006,0.056829740342374244,False,225,-10.701363314829598
1,1.6199517997137571,0.11141046305783278,False,52,-17.07127279819392
All,2.0068957914211847,0.045735824160241884,True,277,-11.89715859690521
