,t_statistic,p_value,statistically significant,count,delta_ratio
0,1.720286101382067,0.08676148670008063,False,225,-12.467694918641062
1,1.3339188745561377,0.18815692788157137,False,52,-15.773776817276152
All,1.8145787176193133,0.07067422932552471,False,277,-13.08833123174223
