Category,t_statistic,p_value,statistically significant,count,delta_ratio
Appearance/Impression,1.5912083554522913,0.12465000906640374,False,25,4.257578003030461
Athletic Ability,0.9097111551003537,0.3932196419586202,False,8,0.9335570323880784
Culture/Tradition,1.5431298114412102,0.1262698061780274,False,92,15.927341244455521
Drinking,2.4126575437918776,0.019880520656828108,True,47,-5.023945337739996
Ideology/Politics,2.7617356389729997,0.010619406646076102,True,26,-22.84965752361871
Institutions,1.5601610129304715,0.12211847685195946,False,94,5.237169152585032
Personality/Behavior,1.476538457968594,0.14874096837661696,False,36,0.6577390507540859
Residential area,-0.21238401327097922,0.8356917944242834,False,12,20.724474223350175
