,t_statistic,p_value,statistically significant,count,delta_ratio
0,1.9796272419625698,0.04896435766743267,True,226,-5.817481344793568
1,0.8185368023006222,0.41685906556456875,False,52,-11.490875352027494
All,2.0591805256747313,0.040411620452792785,True,278,-6.8786917346358845
