Category,t_statistic,p_value,statistically significant,count,delta_ratio
Appearance/Impression,1.4046174391471564,0.17294581243185492,False,25,10.368148462643514
Athletic Ability,2.2727675689720006,0.0572434173393126,False,8,-25.356745989283525
Culture/Tradition,1.3519404240125399,0.17974504619951465,False,92,-6.386792941241802
Drinking,1.4758095571728929,0.14680789850736647,False,47,-24.759060723850567
Ideology/Politics,2.3470886513417226,0.026812539916857076,True,27,-41.93582769458966
Institutions,1.930890423506802,0.05654238444351036,False,94,-16.216584218670498
Personality/Behavior,1.8732369642135673,0.0687427545172157,False,39,-30.641098899499347
Residential area,0.269249854259998,0.792720926756437,False,12,18.481331875119093
