Category,t_statistic,p_value,statistically significant,count,delta_ratio
Ideology/Politics,-3.219052809948465,0.0016578615553823669,True,120,12.550610479754987
Institutions,-2.913649004445017,0.00926798034347638,True,19,12.052366144418128
Occupation/Social Status,-0.8530062541638403,0.39594566625653627,False,90,14.691496854239752
Other,-1.0101594632951219,0.33880433883940136,False,10,14.4378758468247
Personality/Behavior,-3.869911691824926,0.0005237214340425264,True,32,21.345087860515907
Residential Area,-1.5683047278005848,0.12696231529732807,False,32,11.871408942673966
