,t_statistic,p_value,statistically significant,count,delta_ratio
0,-3.0730393220484347,0.002525933269265351,True,148,12.786207989254983
1,-2.564912155372536,0.01279624485936199,True,62,9.165253228087867
All,-3.5803171525011934,0.00042673134909378287,True,210,11.71716420262469
