,t_statistic,p_value,statistically significant,count,delta_ratio
0,-3.7856668057062524,0.00022272633414489076,True,148,15.715410567323918
1,-3.230109499272972,0.001995155961851331,True,62,11.51990377337468
All,-4.657729329969573,5.683641627868326e-06,True,210,14.476737132919856
