Category,t_statistic,p_value,statistically significant,count,delta_ratio
Ideology/Politics,-5.424250093873654,3.104509542913181e-07,True,120,12.283118560099938
Institutions,-2.748570023382279,0.013212588023220981,True,19,13.198691181381347
Occupation/Social Status,-2.4888394772932636,0.014655166026073644,True,91,18.04402768619698
Other,-1.084444772130336,0.30636152408454653,False,10,12.703281762763993
Personality/Behavior,-2.626007271272471,0.013301120913329717,True,32,15.882056684038648
Residential Area,-1.589202838834083,0.1218473282843168,False,33,11.713368607103355
