Category,t_statistic,p_value,statistically significant,count,delta_ratio
Ideology/Politics,-3.0132426387404694,0.003158702941796623,True,120,10.368368602871477
Institutions,-2.5629456614479458,0.01956264364077526,True,19,9.765609118473506
Occupation/Social Status,-0.7488471675373671,0.45590200742274944,False,91,11.248595865207925
Other,-1.0199920608554724,0.33436625668438746,False,10,13.321019104501271
Personality/Behavior,-3.378128237331883,0.001982966786514154,True,32,18.27876198014239
Residential Area,-0.610433657897336,0.5460241903063456,False,32,8.448347417925492
