,t_statistic,p_value,statistically significant,count,delta_ratio
0,-3.96015178728148,0.00011601160846072711,True,149,15.822153792247926
1,-4.034999110102286,0.00015456768010866005,True,62,12.126773154030115
All,-4.799410039315832,3.0182627269019678e-06,True,211,14.736307348790561
