,t_statistic,p_value,statistically significant,count,delta_ratio
0,-4.277979092035627,3.381385339621904e-05,True,148,15.443575434895568
1,-3.6520456866618556,0.0005419882194882468,True,62,12.371298361543253
All,-5.2747285547782425,3.3121196556329543e-07,True,210,14.536522203715366
