,t_statistic,p_value,statistically significant,count,delta_ratio
0,-3.0820495413163425,0.002455257934619128,True,148,13.751605054158272
1,-3.8488550721238846,0.0002866892234700161,True,62,10.389840136383627
All,-3.8161143597039215,0.00017855151343553735,True,210,12.759083983196234
