,t_statistic,p_value,statistically significant,count,delta_ratio
0,-6.723560047428038,3.539161007556714e-10,True,150,21.235658239197555
1,-4.511477409327622,3.0546126330127466e-05,True,61,13.169042129765188
All,-7.571354962385368,1.1514672262201376e-12,True,211,18.903603345001468
