,t_statistic,p_value,statistically significant,count,delta_ratio
0,-0.08935117497642162,0.9288737960891722,False,253,13.219364211602022
1,-0.9819866186263234,0.33074211534465825,False,52,11.574237999945915
All,-0.2311814300352129,0.8173288638306728,False,306,12.937176549214788
