Category,t_statistic,p_value,statistically significant,count,delta_ratio
Culture/Tradition,-2.4710435300765687,0.02807950630487796,True,14,21.420761744958842
Ideology/Politics,-0.23868067597710693,0.8148115790267557,False,15,10.340476721364844
Personality/Behavior,0.868339412595068,0.38584151400404176,False,330,11.507015133113763
Values,-3.811434430278317,0.00035096954992237204,True,56,15.11468687739792
