Category,Type,t_statistic,p_value,statistically significant,count,delta_ratio
Culture/Tradition,-1,-2.219959244270832,0.044822162268941375,True,14,20.641333740010523
Ideology/Politics,-1,-0.19898349779417665,0.845136517476968,False,15,8.663812978345376
Personality/Behavior,-1,1.8413596597355628,0.06974620053942326,False,72,1.4218050751841864
Personality/Behavior,0,1.3600732630438466,0.1759470446055558,False,144,9.585871782821727
Personality/Behavior,1,-0.11895350773438032,0.9055234012374141,False,114,10.916549187426341
Values,-1,-2.249437284097503,0.028662854860233032,True,54,11.358578201573494
Values,0,-1.850998108212742,0.3153343756575451,False,2,15.308933174366802
