Category,Type,t_statistic,p_value,statistically significant,count,delta_ratio
Culture/Tradition,-1,-2.3713452041637084,0.03385081494219623,True,14,21.748248029173524
Ideology/Politics,-1,-0.09175024046951955,0.9281963976823886,False,15,9.757362607946655
Personality/Behavior,-1,1.4388605304444142,0.1545840253168365,False,72,5.1638986352437595
Personality/Behavior,0,0.22554069589156386,0.8218806835063718,False,144,14.278191608203539
Personality/Behavior,1,-2.2298858601175233,0.027731368717879186,True,114,14.40460351238765
Values,-1,-3.4754792331686732,0.0010254818812685245,True,54,14.78995008717528
Values,0,-1.5925852872575323,0.3569457422382159,False,2,22.859082465578496
