Category,t_statistic,p_value,statistically significant,count,delta_ratio
Culture/Tradition,-2.407820575222657,0.031618601310432995,True,14,23.798817140455114
Ideology/Politics,-0.4638661937239992,0.6498737945727047,False,15,12.866636031214036
Personality/Behavior,-0.13424425016404093,0.89329151947849,False,330,14.677366951428002
Values,-3.9380939349250577,0.0002334070489769236,True,56,16.580979110055157
