,t_statistic,p_value,statistically significant,count,delta_ratio
0,0.708963150512955,0.4790027044174028,False,253,12.12511612483469
1,-0.7579307884312931,0.45198056535510744,False,52,12.166532194295778
All,0.5892034520139494,0.5561609550244508,False,306,12.166852526896488
