Category,Type,t_statistic,p_value,statistically significant,count,delta_ratio
Culture/Tradition,-1,-2.2372373895926887,0.04341792145933061,True,14,17.07979011500139
Ideology/Politics,-1,0.0019362116162712133,0.9984824469275719,False,15,4.490278520577925
Personality/Behavior,-1,2.0244295550596054,0.04668883062136328,True,72,-1.4471693459860613
Personality/Behavior,0,1.7780905911825857,0.07751413992248571,False,144,6.94329076400417
Personality/Behavior,1,0.41733292610245953,0.6772267428640537,False,114,9.051618292473487
Values,-1,-0.778159359256058,0.4399352622046444,False,54,9.926408219018871
Values,0,-5.816597280627462,0.10838922917993529,False,2,10.415029958848224
