Category,t_statistic,p_value,statistically significant,count,delta_ratio
Culture/Tradition,-2.412482069410245,0.031343689233050996,True,14,25.992628112223358
Ideology/Politics,-1.0239254268073221,0.3232384547021562,False,15,20.89558113322217
Personality/Behavior,-8.112349300587093,1.013034295007623e-14,True,328,21.036411077051888
Values,-4.907082141902391,8.61468673943131e-06,True,56,19.235464927371563
