Category,t_statistic,p_value,statistically significant,count,delta_ratio
Culture/Tradition,-2.3888826343947787,0.03275938620047698,True,14,20.013353190049806
Ideology/Politics,-0.07455256330034829,0.9416255077005423,False,15,7.865557681264475
Personality/Behavior,1.4432369405329883,0.14990518388574758,False,330,10.839797434988219
Values,-3.8372936174667553,0.0003230899511858909,True,56,13.237407082014721
