Category,Type,t_statistic,p_value,statistically significant,count,delta_ratio
Culture/Tradition,-1,-2.407820575222657,0.031618601310432995,True,14,23.798817140455114
Ideology/Politics,-1,-0.4638661937239992,0.6498737945727047,False,15,12.866636031214036
Personality/Behavior,-1,1.1986649263196283,0.23464383696581628,False,72,8.22584568855728
Personality/Behavior,0,-1.0112306720672672,0.3136140203146272,False,144,16.741774227139423
Personality/Behavior,1,-2.7124289474083714,0.007724018217360473,True,114,16.144339611289823
Values,-1,-3.6792282821380997,0.0005481028228403705,True,54,16.17690594528031
Values,0,-1.6232852878690291,0.35149454306953437,False,2,27.490954558976128
