Category,t_statistic,p_value,statistically significant,count,delta_ratio
Culture/Tradition,-2.297824579731881,0.0388151805099234,True,14,21.542622296375253
Ideology/Politics,-0.21931177595450305,0.8295724477410386,False,15,11.464363369931617
Personality/Behavior,0.14682972077929476,0.8833563566580309,False,330,13.54536095419546
Values,-3.861435732557591,0.00029899237899971365,True,56,16.483642854959605
