,t_statistic,p_value,statistically significant,count,delta_ratio
0,-7.199585502025672,7.0572814726188706e-12,True,251,24.380509109332156
1,-2.6435509041743717,0.010872444856095021,True,52,16.829501110853144
All,-7.683913447486488,2.1583101945981942e-13,True,304,23.08600986913708
