,t_statistic,p_value,statistically significant,count,delta_ratio
0,0.13627654061065972,0.8917114715279894,False,253,14.265608228015614
1,-1.230136473789077,0.22429021773380167,False,52,13.24084507015399
All,-0.0834229193000275,0.9335699901879051,False,306,14.111754675798643
