Category,Type,t_statistic,p_value,statistically significant,count,delta_ratio
Culture/Tradition,-1,-2.3267770418041125,0.03678274739300165,True,14,25.404803645759817
Ideology/Politics,-1,-0.3688389834321857,0.7177658448527785,False,15,9.797666544325077
Personality/Behavior,-1,1.3420021116733962,0.1838712958049607,False,72,6.237638392121944
Personality/Behavior,0,-1.6505025679345453,0.1010348462043511,False,144,14.817156873455867
Personality/Behavior,1,-2.848643233906241,0.005218151658789367,True,114,13.631068124741933
Values,-1,-4.005653030694229,0.00019400966198691446,True,54,13.831546806759484
Values,0,-2.266001447253607,0.2645794980754762,False,2,21.123743845257316
