,t_statistic,p_value,statistically significant,count,delta_ratio
0,2.532886539019627,0.011920340679209177,True,253,4.964056097993827
1,0.315277429546088,0.7538374870709178,False,52,8.233565604152052
All,2.5445409521311477,0.011434905286409848,True,306,5.552190652720634
