Category,t_statistic,p_value,statistically significant,count,delta_ratio
Culture/Tradition,-2.372898951864749,0.03375273366186876,True,14,22.49946528585472
Ideology/Politics,-0.21449785760696416,0.833251720575879,False,15,10.810374838835145
Personality/Behavior,0.7989437082906554,0.4248994365899419,False,330,11.861976202684959
Values,-3.348207977312975,0.0014731295107370318,True,56,12.973588045527151
