,t_statistic,p_value,statistically significant,count,delta_ratio
0,-10.664572420646051,1.1294283154557772e-21,True,221,140.49006707755058
1,-4.856486706170562,1.3119767099861568e-05,True,49,121.2964063096083
All,-11.229077856863386,2.999520032417616e-24,True,270,137.0067730863314
