Category,t_statistic,p_value,statistically significant,count,delta_ratio
Appearance/Impression,-1.0504720085742132,0.30355012259123265,False,26,209.81532990117907
Athletic Ability,-4.708899146577469,0.0021856777204935043,True,8,159.91365702688432
Culture/Tradition,-3.9920906975403545,0.00013248839393070102,True,92,179.1597467829555
Drinking,-1.2747830206687687,0.20892918741089653,False,46,243.83012118720268
Ideology/Politics,-4.010840288856259,0.000454472220381004,True,27,160.73226154851338
Institutions,-2.1282742497742957,0.035987260987207836,True,93,231.01081724049914
Personality/Behavior,-2.7191138777442974,0.009811367722800399,True,39,375.11052668122454
Residential area,-2.4509023809415194,0.032194216651366715,True,12,96.41218181341364
