Category,t_statistic,p_value,statistically significant,count,delta_ratio
Appearance/Impression,-2.018492401342323,0.054389369981072966,False,26,60.567246275402674
Athletic Ability,-3.8587657485365106,0.00622142597968925,True,8,43.914660405246345
Culture/Tradition,-7.178672117703518,1.8511030275881434e-10,True,92,49.898465156465555
Drinking,-4.695273494172637,2.518721753348055e-05,True,46,56.071604086965344
Ideology/Politics,-2.1903234527890625,0.03766405481910634,True,27,78.63455380531704
Institutions,-5.142805147150365,1.5687581172222232e-06,True,91,88.00904063017782
Personality/Behavior,-2.8259845737540017,0.007473608641539534,True,39,97.50958995916432
Residential area,-2.683295447904337,0.02128253819808555,True,12,51.41496589520932
