Category,t_statistic,p_value,statistically significant,count,delta_ratio
Appearance/Impression,-1.0749548982191925,0.29266058817024654,False,26,137.38949472905367
Athletic Ability,-4.751410805142319,0.0020801014755906766,True,8,127.86691648604737
Culture/Tradition,-4.043558196773546,0.00011008019672078868,True,92,147.31307659990605
Drinking,-1.3137231879244913,0.19559785144422834,False,46,208.7161628808825
Ideology/Politics,-4.102135286604,0.0003580267671507602,True,27,134.50201245908787
Institutions,-2.294438419881078,0.024040357151135196,True,93,184.922280714463
Personality/Behavior,-2.593494875002083,0.013417896491883935,True,39,285.3615931872976
Residential area,-2.4122528879728824,0.034476660925617915,True,12,96.61464808886856
