,t_statistic,p_value,statistically significant,count,delta_ratio
0,-2.1555324135710396,0.03217205368123706,True,228,191.64406512619675
1,-1.932181004498456,0.05912940313255584,False,50,191.55555289793688
All,-2.754079988842728,0.006275290426421896,True,278,191.6281456606824
