,t_statistic,p_value,statistically significant,count,delta_ratio
0,-6.03331086926976,6.544013517664919e-09,True,226,82.32957250336139
1,-3.0421100174142293,0.0038016618846404226,True,49,60.524809113697216
All,-6.668478462032116,1.421231617666378e-10,True,275,78.44436011756666
