Category,t_statistic,p_value,statistically significant,count,delta_ratio
Appearance/Impression,-2.113197765297791,0.04473814633491929,True,26,63.744555529219284
Athletic Ability,-3.499484185242014,0.009999988037103589,True,8,51.27594219318172
Culture/Tradition,-7.56141735722152,3.068915905057251e-11,True,92,54.80602819902114
Drinking,-4.585031361149478,3.6112052677084404e-05,True,46,59.243602750885174
Ideology/Politics,-2.6104851555098403,0.015060446652304533,True,26,77.79078369106087
Institutions,-5.132047437617021,1.6396869947532372e-06,True,91,90.58700014554726
Personality/Behavior,-2.8801152366972627,0.006498411430627781,True,39,111.33639948029239
Residential area,-2.6102103516853017,0.024248409014889782,True,12,48.269079556461605
