,t_statistic,p_value,statistically significant,count,delta_ratio
0,-2.9330972900442993,0.0037014668966371873,True,227,195.01950308339042
1,-1.7939142508951527,0.07899835166051146,False,50,191.29434722733637
All,-3.1949125350045158,0.0015610276295685362,True,277,194.34709227904852
