,t_statistic,p_value,statistically significant,count,delta_ratio
0,-10.4233671373031,5.384101836726958e-21,True,225,55.49804649036726
1,-3.867701673778941,0.0003303789465607486,True,49,43.373447880825275
All,-11.072704550523788,8.798144006214557e-24,True,274,53.32977885581413
