Category,t_statistic,p_value,statistically significant,count,delta_ratio
Appearance/Impression,-2.027281107178542,0.05342181263451381,False,26,57.59075102138039
Athletic Ability,-3.364884370731413,0.012003914385497121,True,8,46.95830221205719
Culture/Tradition,-7.858498454178248,7.51128693146126e-12,True,92,51.3968031114722
Drinking,-4.601388092331738,3.423752049124686e-05,True,46,57.16789315048633
Ideology/Politics,-2.0379125026053146,0.0518530202486598,False,27,83.05663180909448
Institutions,-5.081565707509837,2.0166068575233013e-06,True,91,86.7904907067746
Personality/Behavior,-2.8518633308120878,0.006991497352280694,True,39,102.98910357905162
Residential area,-2.6085191884348493,0.024321660986655388,True,12,50.30594499552398
