,t_statistic,p_value,statistically significant,count,delta_ratio
0,-2.2734459842103165,0.023934532201718848,True,228,236.48926156457622
1,-1.803371880159558,0.07748008559848715,False,50,220.60579697896827
All,-2.8827674994100927,0.004250923654470354,True,278,233.6325233297546
