Category,t_statistic,p_value,statistically significant,count,delta_ratio
Appearance/Impression,-1.0866766675335242,0.2875465948873626,False,26,129.49297521614832
Athletic Ability,-4.906828259763754,0.001739532465784972,True,8,106.88315223725553
Culture/Tradition,-3.886426659171301,0.00019293574869466666,True,92,136.23175914186342
Drinking,-1.4470689057868849,0.1548083460651782,False,46,167.7395315575151
Ideology/Politics,-3.842485379468391,0.0007040756985323231,True,27,111.02028321639395
Institutions,-2.2272344913873,0.02834434687093711,True,94,169.33483679065887
Personality/Behavior,-2.6599387773088536,0.011381088259291489,True,39,243.08670142834936
Residential area,-2.4323090912271352,0.03327325478385652,True,12,106.67442811225791
