,t_statistic,p_value,statistically significant,count,delta_ratio
0,-2.550024090136214,0.011430342104353262,True,228,174.80212272859873
1,-2.0372609613016324,0.04704375558478401,True,50,150.9192510560084
All,-3.2206260488849936,0.00143159936545957,True,278,170.50664221194577
