,t_statistic,p_value,statistically significant,count,delta_ratio
0,-3.1217315910345205,0.0020325122189770724,True,227,197.7720056538914
1,-1.9798637206484475,0.05334981202293803,False,50,180.48418873960276
All,-3.5749976185573056,0.00041331944176355563,True,277,194.6514610845252
