Category,t_statistic,p_value,statistically significant,count,delta_ratio
Appearance/Impression,-1.0500083244494305,0.30375908307066,False,26,142.6582395638092
Athletic Ability,-4.681730896139809,0.00225624686162697,True,8,81.21361348964649
Culture/Tradition,-3.955586407167017,0.00015096385639103412,True,92,131.3208723927953
Drinking,-1.3378491029647706,0.1876676661939632,False,46,151.88181899392114
Ideology/Politics,-3.7638533064919772,0.000862842991581263,True,27,109.13049662972732
Institutions,-2.061738485458432,0.04202295131950238,True,94,166.0821724310545
Personality/Behavior,-2.2379516817179868,0.03116368204530262,True,39,228.82776743862775
Residential area,-2.1179683857382443,0.057773229862883135,False,12,81.95370787504079
