,t_statistic,p_value,statistically significant,count,delta_ratio
0,-2.322888562199538,0.021070276469022535,True,228,164.86627701973575
1,-1.78466047257034,0.0805079588615412,False,50,163.7811780256295
All,-2.9273641335284806,0.0037021961417680925,True,278,164.67111533014827
