,t_statistic,p_value,statistically significant,count,delta_ratio
0,-2.763167455443591,0.006195962663161969,True,227,243.75557968036912
1,-1.8373220287408432,0.07223037257857577,False,50,258.39868572162123
All,-3.0540345942714695,0.002478451482513128,True,277,246.39873961561312
