Category,t_statistic,p_value,statistically significant,count,delta_ratio
Appearance/Impression,-2.232541019357509,0.03477262995793254,True,26,59.37494975638019
Athletic Ability,-3.6969094056523364,0.007686240207545581,True,8,41.94203544743556
Culture/Tradition,-7.359939750322645,7.923611474674628e-11,True,92,49.19407289039896
Drinking,-4.564073561808258,3.866155210040462e-05,True,46,54.83244691098452
Ideology/Politics,-2.213875984865205,0.03581404809354514,True,27,71.30694544863879
Institutions,-4.839032055189529,5.371997797441676e-06,True,91,84.39152021442241
Personality/Behavior,-2.9406161138070774,0.005549826992757356,True,39,97.78857089637319
Residential area,-2.5313856693498704,0.027904516133261812,True,12,51.323401664452426
