Category,t_statistic,p_value,statistically significant,count,delta_ratio
Appearance/Impression,-1.0719525142904374,0.29398083602047353,False,26,131.41593610420446
Athletic Ability,-5.154249000222798,0.0013178038435323039,True,8,97.87059268834123
Culture/Tradition,-4.239652118000343,5.364475295811163e-05,True,92,145.2020283266525
Drinking,-1.3465425568143816,0.18487102813698222,False,46,180.67279894784264
Ideology/Politics,-4.075267777543246,0.00038409083873522945,True,27,114.32938314226845
Institutions,-2.2823153252603667,0.02477558092252551,True,93,162.94450567664555
Personality/Behavior,-2.582560171332178,0.013783561823343152,True,39,279.53662812097855
Residential area,-2.5400496598155238,0.027477546325745048,True,12,96.8672839652168
