,t_statistic,p_value,statistically significant,count,delta_ratio
0,-6.352910527394738,1.1570928349123518e-09,True,226,86.85182636549416
1,-3.194006198457117,0.0024791373537522638,True,49,61.27493245756707
All,-6.98328194039771,2.1816176925212806e-11,True,275,82.29448890553624
