Category,t_statistic,p_value,statistically significant,count,delta_ratio
Appearance/Impression,-1.054524299434516,0.30172825944839854,False,26,120.61107296677949
Athletic Ability,-4.464169151090189,0.0029213561609777072,True,8,71.93405740667427
Culture/Tradition,-3.5603390220478377,0.0005913188038171509,True,92,123.91002041048063
Drinking,-1.3398502813743356,0.18702105454877915,False,46,141.24413881498282
Ideology/Politics,-3.694185158087723,0.0010324820853834247,True,27,95.89224633183655
Institutions,-2.0588222041515207,0.04230778432370284,True,94,148.66085000386894
Personality/Behavior,-2.4829825027632477,0.01755915215236028,True,39,201.97870898974242
Residential area,-2.4373039803768153,0.0329799703815542,True,12,91.29926241249198
