,t_statistic,p_value,statistically significant,count,delta_ratio
0,-3.1384271783012285,0.0019248078540911046,True,227,248.82703093968246
1,-1.9846040428031815,0.0528027436072276,False,50,225.76566028377948
All,-3.5951797712936977,0.00038388990360740206,True,277,244.66432865522347
