Category,t_statistic,p_value,statistically significant,count,delta_ratio
Appearance/Impression,-2.3464607634797976,0.027181739511543145,True,26,60.93058083493615
Athletic Ability,-3.630417584117389,0.008393186489858017,True,8,43.695979928779764
Culture/Tradition,-8.980296549602299,3.4730605696424935e-14,True,92,50.165344351693086
Drinking,-5.221897465794278,4.37916439539592e-06,True,46,55.35678782096116
Ideology/Politics,-3.2148761560143413,0.003582851527484741,True,26,75.77494583930348
Institutions,-6.552207479886915,3.570869271003394e-09,True,90,81.62554587552306
Personality/Behavior,-2.6172187141344727,0.012655003010351036,True,39,98.05994259185886
Residential area,-3.140821469626148,0.00939463587426336,True,12,48.39458985732928
