Category,t_statistic,p_value,statistically significant,count,delta_ratio
Appearance/Impression,-3.1081058024361212,0.004650083042930912,True,26,44.116883286204065
Athletic Ability,-4.173114723561186,0.004172906441528338,True,8,24.036957913744182
Culture/Tradition,-8.123888308776724,2.120526858591984e-12,True,92,38.086677340556676
Drinking,-6.8826562343880955,1.5215169997341966e-08,True,46,42.962573836454425
Ideology/Politics,-3.6071531442179476,0.0012907266637894347,True,27,55.15017226816742
Institutions,-8.181122592380396,1.844731966761932e-12,True,90,64.84450803935468
Personality/Behavior,-3.8310642411193743,0.00046456262117388226,True,39,55.181848289774024
Residential area,-4.458157452637212,0.0009655913994150987,True,12,48.20955479413559
