,t_statistic,p_value,statistically significant,count,delta_ratio
0,-4.807896402406908,2.790416872317318e-06,True,226,137.93712593498216
1,-3.209787245228878,0.0024229517853452303,True,47,109.59814547869662
All,-5.518328916056091,7.974726546002938e-08,True,273,133.05825384177547
