,t_statistic,p_value,statistically significant,count,delta_ratio
0,-2.3543375898691283,0.0194089497275479,True,228,149.6922272287963
1,-1.8957627298645554,0.06389707213762373,False,50,143.5104166567747
All,-2.989933216449858,0.003041092390624127,True,278,148.58039079497945
