,t_statistic,p_value,statistically significant,count,delta_ratio
0,-6.457715177284002,6.519537048457186e-10,True,225,86.83515226902912
1,-3.3293367177225197,0.0016787760986252062,True,49,62.66602103156069
All,-7.158576039089703,7.55070134197151e-12,True,274,82.51293536889791
