Category,t_statistic,p_value,statistically significant,count,delta_ratio
Appearance/Impression,-1.942426317052089,0.06343131019974346,False,26,67.69710290200146
Athletic Ability,-3.777177031980487,0.006917737758720946,True,8,53.55604987979766
Culture/Tradition,-7.628735303576197,2.2328008895353636e-11,True,92,57.90964174014336
Drinking,-4.677382615006726,2.6708119501770908e-05,True,46,62.658992461815224
Ideology/Politics,-2.600632985889286,0.015403032293008087,True,26,89.01800812723076
Institutions,-5.179051630761844,1.3511557509917747e-06,True,91,96.08979499915128
Personality/Behavior,-2.7220766172562367,0.009738310559605603,True,39,120.24754427249663
Residential area,-2.904733218992776,0.014323331515894556,True,12,48.17457098869253
