Category,t_statistic,p_value,statistically significant,count,delta_ratio
Appearance/Impression,-1.0803194397237401,0.2903121477629458,False,26,142.12371160905505
Athletic Ability,-4.95060507363505,0.0016551153914442563,True,8,121.75367123559148
Culture/Tradition,-4.030331065705646,0.00011546461257956448,True,92,156.72458674778565
Drinking,-1.345086293929271,0.1853372652262713,False,46,186.79613491520647
Ideology/Politics,-4.004806402956864,0.00046168167654711827,True,27,127.57266678235307
Institutions,-2.406947833880584,0.018083873370783342,True,93,171.33141698832347
Personality/Behavior,-2.4245836794637117,0.020190275822749792,True,39,317.54365730400116
Residential area,-2.5642352553008707,0.026319304699662472,True,12,96.35228830272654
