,t_statistic,p_value,statistically significant,count,delta_ratio
0,-6.379212473294245,1.0076419021118126e-09,True,225,93.42505705022401
1,-3.4341903770892133,0.0012343049977117443,True,49,65.08284758751132
All,-7.072560479144157,1.2777653399599607e-11,True,274,88.35655973754913
