,t_statistic,p_value,statistically significant,count,delta_ratio
0,-6.681807251450336,1.846473591379954e-10,True,225,82.59161094920842
1,-3.2561145313623845,0.002075108739585644,True,49,59.40117924247097
All,-7.365305106347828,2.0971744159568453e-12,True,274,78.44441695785756
