Category,t_statistic,p_value,statistically significant,count,delta_ratio
Appearance/Impression,-1.0738499439349205,0.2931459813079478,False,26,130.13008819142476
Athletic Ability,-4.621971253706064,0.002420504129455176,True,8,111.54606506982891
Culture/Tradition,-4.061433560608489,0.00010318496404210822,True,92,146.12777223441574
Drinking,-1.3571858047374605,0.1814906829058929,False,46,184.84368675029805
Ideology/Politics,-4.015664828423976,0.0004487877126862134,True,27,126.49562257691278
Institutions,-1.903810032966205,0.06002683040730822,False,94,199.54607936980088
Personality/Behavior,-2.485614672382384,0.017448270438275893,True,39,262.90421297182786
Residential area,-2.4451229002022155,0.032525916569122224,True,12,105.30738337135959
