,t_statistic,p_value,statistically significant,count,delta_ratio
0,-6.201787897000569,2.644734198508739e-09,True,226,78.26685824626017
1,-2.806742704543996,0.0072105441365457705,True,49,58.84467160259368
All,-6.790456772563521,6.923044038012454e-11,True,275,74.80617771702505
