Category,t_statistic,p_value,statistically significant,count,delta_ratio
Appearance/Impression,-1.080265914686127,0.2903355128421171,False,26,178.13182296179096
Athletic Ability,-4.729319145030589,0.002134243494174809,True,8,152.6348937322021
Culture/Tradition,-3.9129377038998685,0.00017567448546231573,True,92,181.55446843665362
Drinking,-1.4343233946719538,0.15839318604991504,False,46,255.80043399602584
Ideology/Politics,-3.928478438575746,0.0005632166643430312,True,27,166.33032520226703
Institutions,-2.3232808686623727,0.022367953726877454,True,93,203.88308554532486
Personality/Behavior,-2.4871850442541414,0.01738242192707823,True,39,423.60099688627537
Residential area,-2.471612449820207,0.031032483851039,True,12,100.5036769262198
