,t_statistic,p_value,statistically significant,count,delta_ratio
0,-4.420244459192024,1.903868032017348e-05,True,148,32.878719519856205
1,-3.32640906414771,0.0014935757559826188,True,62,26.463283772649483
All,-5.26168177869892,3.5264741521425435e-07,True,210,30.984638489728507
