,t_statistic,p_value,statistically significant,count,delta_ratio
0,-5.18736513402876,6.904863716867946e-07,True,149,346.43372861277004
1,-2.5251140539780437,0.014226795828718752,True,61,156.86121143267394
All,-5.584208751910274,7.250282548139286e-08,True,210,291.3674260033137
