,t_statistic,p_value,statistically significant,count,delta_ratio
0,-5.247607480430529,5.286508806012767e-07,True,148,315.8174372892229
1,-2.5918704255049496,0.011970353663720734,True,61,152.73858729446764
All,-5.693753635040031,4.197078539025858e-08,True,209,268.22026097496416
