,t_statistic,p_value,statistically significant,count,delta_ratio
0,-3.485866113235243,0.0006469705757832998,True,148,30.524259331705732
1,-3.619463788142238,0.0006012278671965118,True,62,25.18813413762342
All,-4.191757435424147,4.085732516723486e-05,True,210,28.94883189345286
