,t_statistic,p_value,statistically significant,count,delta_ratio
0,-5.417759060198577,2.411064017954182e-07,True,148,339.7829732400756
1,-2.305338207510722,0.024621811271736977,True,61,152.2215000791499
All,-5.839072655259068,1.9967448325255255e-08,True,209,285.0401509299489
