,t_statistic,p_value,statistically significant,count,delta_ratio
0,-4.997395592076935,1.6401075985296673e-06,True,147,327.51562141606325
1,-2.454370407906112,0.01703163519185312,True,61,150.82092880987773
All,-5.406319428290402,1.7645105125787288e-07,True,208,275.6965048344415
