,t_statistic,p_value,statistically significant,count,delta_ratio
0,-5.315397650908185,3.843704316705777e-07,True,149,383.3366428381347
1,-2.4022762871204404,0.019405141926354244,True,61,158.67193561032693
All,-5.7352656566785924,3.380524487671956e-08,True,210,318.0768945481525
