,t_statistic,p_value,statistically significant,count,delta_ratio
0,-4.058330844018992,7.99932946592566e-05,True,148,38.64745169651266
1,-3.2130074949121585,0.0020993617568893907,True,62,28.57818913006131
All,-4.79318970183201,3.1127082048074392e-06,True,210,35.6746217959413
