,t_statistic,p_value,statistically significant,count,delta_ratio
0,-3.585935654329178,0.0004546558997415911,True,150,29.875438405933664
1,-4.249092109556254,7.465708670959855e-05,True,62,24.21360372894911
All,-4.236138140269189,3.3964203086225736e-05,True,212,28.219618830589127
