,t_statistic,p_value,statistically significant,count,delta_ratio
0,-5.030145528433406,1.4001658698439099e-06,True,149,351.51670988071294
1,-2.6442623448781983,0.010432850686302958,True,61,155.67934156205723
All,-5.414450370155261,1.680674337875631e-07,True,210,294.63061717862723
