,t_statistic,p_value,statistically significant,count,delta_ratio
0,-8.214579147816773,1.041748826571915e-13,True,147,187.42530707184198
1,-6.1529016255455895,7.199298861787545e-08,True,60,127.91904480057059
All,-9.723930909216149,1.239777526941404e-18,True,207,170.17711510915464
