,t_statistic,p_value,statistically significant,count,delta_ratio
0,-5.917641925849202,2.2296387614927117e-08,True,147,261.1960009584033
1,-2.8156822793911984,0.006576516103908497,True,61,147.58207564525952
All,-6.479210219798664,6.609402087805462e-10,True,208,227.87653247714482
