,t_statistic,p_value,statistically significant,count,delta_ratio
0,-6.679347281926733,4.61708466530175e-10,True,148,55.68669839667045
1,-4.19407450234468,9.016081252708368e-05,True,62,38.71432083480399
All,-7.7814336567171845,3.2518253950835745e-13,True,210,50.675805973643214
