,t_statistic,p_value,statistically significant,count,delta_ratio
0,-5.160705693590678,7.791807174636445e-07,True,149,343.2858039018352
1,-2.378956809877792,0.02056052565832334,True,61,154.12477732166548
All,-5.555696473345268,8.360329505706725e-08,True,210,288.3390295142621
