Category,t_statistic,p_value,statistically significant,count,delta_ratio
Ideology/Politics,-3.5915915102542564,0.0004802965306924721,True,119,137.36245264438867
Institutions,-5.610184971192057,3.122067030005572e-05,True,18,141.61474559414359
Occupation/Social Status,-4.620405280620253,1.3517261993856773e-05,True,86,217.67145686020987
Other,-1.268579820026136,0.2364189836822557,False,10,247.95730250475492
Personality/Behavior,-2.969394287006751,0.00561592173987949,True,33,257.43445372150694
Residential Area,-3.057932663181439,0.004397906650652567,True,34,350.0277912896091
