Category,t_statistic,p_value,statistically significant,count,delta_ratio
Ideology/Politics,-6.686413379390044,8.64688063774831e-10,True,116,123.73968674108995
Institutions,-5.740263913781875,2.402911816466681e-05,True,18,118.4296218254526
Occupation/Social Status,-7.494807167827995,5.200952555695617e-11,True,88,143.55285712186333
Other,-1.7011782197198515,0.12312064191373215,False,10,206.20621082859367
Personality/Behavior,-3.991955884372339,0.00035823859992274997,True,33,216.05536329191827
Residential Area,-4.301553580676788,0.00014188294229981445,True,34,239.01543947684135
