,t_statistic,p_value,statistically significant,count,delta_ratio
0,-5.20767494712911,6.341747394173465e-07,True,148,333.26275216403195
1,-2.3865457228893896,0.020177947497794117,True,61,152.33320137872818
All,-5.641505282327462,5.465126321658907e-08,True,209,280.45556270037866
