Category,t_statistic,p_value,statistically significant,count,delta_ratio
Ideology/Politics,-3.1723096280196827,0.0019280542508546444,True,119,151.15572948789992
Institutions,-5.054104105450785,9.786523704401994e-05,True,18,154.95927202055174
Occupation/Social Status,-3.842708169587526,0.00023080828257749373,True,88,270.6555197874005
Other,-1.2053659852116323,0.2587965907738708,False,10,390.87037809605636
Personality/Behavior,-2.9033519653783926,0.006637201194598132,True,33,314.76448392737495
Residential Area,-2.7620286502006133,0.009313949214293389,True,34,426.5060442835317
