,t_statistic,p_value,statistically significant,count,delta_ratio
0,-5.204192768220474,6.396461399151709e-07,True,149,367.4704051233646
1,-2.439064275475916,0.01770038276839269,True,61,147.34934411254955
All,-5.6106070522691835,6.351558363400189e-08,True,210,303.53047787736597
