,t_statistic,p_value,statistically significant,count,delta_ratio
0,-3.7152378909000747,0.00028776434821780786,True,148,30.12001230666243
1,-3.234586184197132,0.001968693012285646,True,62,22.66383226194597
All,-4.38198424490798,1.860815348132618e-05,True,210,27.918663912508045
