,t_statistic,p_value,statistically significant,count,delta_ratio
0,-5.25489292397162,5.113379244356833e-07,True,148,335.0128595304381
1,-2.3956343973413445,0.019728150125793594,True,61,149.756341567534
All,-5.675411380931203,4.605520943742549e-08,True,209,280.9427753403082
