,t_statistic,p_value,statistically significant,count,delta_ratio
0,-3.3728859536315676,0.0009509849880057586,True,148,34.35849388369609
1,-3.0778479809889063,0.0031219032608262452,True,62,26.272130889567354
All,-4.0006059416484545,8.768130792365304e-05,True,210,31.9710914759057
