,t_statistic,p_value,statistically significant,count,delta_ratio
0,-4.145479342390222,5.705954991456327e-05,True,148,27.866894172777517
1,-3.5624202208179025,0.0007200923280193921,True,62,22.83670926145565
All,-5.004709399158521,1.185665582920216e-06,True,210,26.381791960863442
