,t_statistic,p_value,statistically significant,count,delta_ratio
0,-6.2066283090321095,2.592363152881465e-09,True,225,81.76152519056244
1,-3.21312629018966,0.0023474548272054874,True,49,60.48999919620719
All,-6.876139902539678,4.1815377039617464e-11,True,274,77.9574931696741
