,t_statistic,p_value,statistically significant,count,delta_ratio
0,-6.23110143231767,2.2552174161005855e-09,True,226,80.91541287421254
1,-3.1633042214339286,0.002705262055762331,True,49,59.584198335539604
All,-6.858383775286384,4.620571099363274e-11,True,275,77.11457828368538
