,t_statistic,p_value,statistically significant,count,delta_ratio
0,-6.381740089247941,9.93667940659468e-10,True,225,87.29394726128919
1,-3.2390165535400848,0.0021796441800460338,True,49,62.412913593657436
All,-7.051150127007144,1.4555869695930656e-11,True,274,82.84441934262512
