,t_statistic,p_value,statistically significant,count,delta_ratio
0,-6.5619496293229735,3.637944263896373e-10,True,225,77.82326231980986
1,-2.963681618741485,0.004720119327640956,True,49,57.65125586195098
All,-7.1886241859870355,6.277038475787804e-12,True,274,74.21585970508326
