,t_statistic,p_value,statistically significant,count,delta_ratio
0,-7.285709379850702,5.4689638212297224e-12,True,224,78.68778473186927
1,-3.6661007538167456,0.0006152479513548631,True,49,56.65491086578767
All,-8.101486206386573,1.8460931633008333e-14,True,273,74.7331663456495
