Category,t_statistic,p_value,statistically significant,count,delta_ratio
Appearance/Impression,-2.0575773569824,0.05020234170674672,False,26,59.74298497902828
Athletic Ability,-3.3984347216710558,0.011466900909118366,True,8,46.67837730591656
Culture/Tradition,-7.0238288306817145,3.805828496062628e-10,True,92,51.09775387214594
Drinking,-4.678454144644093,2.6614542422178743e-05,True,46,58.021941479287854
Ideology/Politics,-2.6614664730124082,0.013398598607924054,True,26,73.52469000187524
Institutions,-4.874261383765714,4.666418183712238e-06,True,91,86.97223676630436
Personality/Behavior,-2.7550664224179706,0.008958192912618313,True,39,104.27141890876544
Residential area,-2.870838477196983,0.015218678034469224,True,12,49.1188569684232
