Category,t_statistic,p_value,statistically significant,count,delta_ratio
Ideology/Politics,-3.724905500763025,0.00030016475486286884,True,120,25.10843356503965
Institutions,-3.065567073701268,0.00666223651015813,True,19,22.692624339038254
Occupation/Social Status,-2.4067713758303553,0.0181373680359927,True,91,26.11883962772299
Other,-1.5431732718330604,0.15718333081027047,False,10,31.898075462993468
Personality/Behavior,-4.082003784331308,0.0002906941656479798,True,32,32.42100909732131
Residential Area,-2.7606061180941075,0.009603290624811087,True,32,29.91583756106122
