Category,t_statistic,p_value,statistically significant,count,delta_ratio
Ideology/Politics,-4.160123976934642,6.036210767542808e-05,True,120,27.826883291800442
Institutions,-2.7904867739731545,0.012080396649755389,True,19,26.55357826311382
Occupation/Social Status,-2.7825434230269015,0.006571190237983198,True,91,28.299844315502952
Other,-1.5860256433478495,0.1471950449857388,False,10,32.9541310097149
Personality/Behavior,-4.353905716405364,0.0001354097716361605,True,32,34.369118647853526
Residential Area,-2.753507155320396,0.009771473847370728,True,32,34.658741460555476
