,t_statistic,p_value,statistically significant,count,delta_ratio
0,-4.657561153648426,7.099575345835733e-06,True,148,31.18304014077215
1,-3.5189252997599816,0.0008254201300704314,True,62,24.46698390484328
All,-5.543353113505463,8.890775503205587e-08,True,210,29.200204490164577
