,t_statistic,p_value,statistically significant,count,delta_ratio
0,-4.56457051935658,1.04929928646702e-05,True,148,31.725692323314163
1,-3.1939436190750214,0.0022215408318455453,True,62,26.068441630803118
All,-5.387646402149993,1.9161095741066522e-07,True,210,30.055456404572805
