,t_statistic,p_value,statistically significant,count,delta_ratio
0,-4.130241722106652,6.0553649037883985e-05,True,148,29.37571063092251
1,-2.735915387567018,0.008135840961777253,True,62,24.237485756692596
All,-4.887145412721061,2.0349918718475893e-06,True,210,27.85871090614987
