Category,t_statistic,p_value,statistically significant,count,delta_ratio
Ideology/Politics,-4.12883515453411,6.800554592354786e-05,True,120,28.763166590025723
Institutions,-3.2456085839704953,0.004488622177891612,True,19,24.875402946530954
Occupation/Social Status,-2.3709795439835686,0.019874249090307685,True,91,25.72243250170117
Other,-1.5625032843094153,0.1526053108612928,False,10,28.090297326856934
Personality/Behavior,-3.93146741644441,0.00044180078951498324,True,32,31.0040046722447
Residential Area,-2.559358155428272,0.015585922996257336,True,32,30.951239897221456
