Category,t_statistic,p_value,statistically significant,count,delta_ratio
Ideology/Politics,-5.895558081488777,3.629899961949042e-08,True,119,47.49827496741167
Institutions,-3.1915669199970873,0.005055326612330687,True,19,33.277702237347384
Occupation/Social Status,-4.6940607369216165,9.535350919896751e-06,True,91,43.9490102036945
Other,-1.8881847498068483,0.09160145002493457,False,10,64.78197152709419
Personality/Behavior,-4.4650893898336825,9.884389199321375e-05,True,32,65.621923512791
Residential Area,-2.7278557850487712,0.01026390250332816,True,33,40.87836388426124
