,t_statistic,p_value,statistically significant,count,delta_ratio
0,-3.7108347318863375,0.00029237705333584455,True,148,31.240705269244728
1,-3.1862999066802407,0.002272379037202282,True,62,24.644875935901048
All,-4.41970967037583,1.5871469021586503e-05,True,210,29.293365180352783
