Category,t_statistic,p_value,statistically significant,count,delta_ratio
Appearance/Impression,1.6208632310027025,0.11811308116790901,False,25,-0.83181629852043
Athletic Ability,2.4942020915102834,0.041341505860363364,True,8,-24.92636848490756
Culture/Tradition,1.6444312314927343,0.10353758069354985,False,92,-18.325588929837757
Drinking,1.9207331855459802,0.06097637784970923,False,47,-28.691594430402787
Ideology/Politics,2.3505753295060763,0.026607442561532857,True,27,-48.90145367271722
Institutions,2.0837048592282597,0.03993001597396717,True,94,-19.807354236712847
Personality/Behavior,1.910586230961659,0.06362482387320009,False,39,-41.30431717331528
Residential area,1.678937372831463,0.1213122406870522,False,12,-0.40451940418379073
