,t_statistic,p_value,statistically significant,count,delta_ratio
0,2.2286737601648086,0.026824515676064718,True,226,-24.61832556411297
1,1.6599409124221198,0.10306370056892042,False,52,-25.902745163590723
All,2.330592532607311,0.020492929704614426,True,278,-24.858576712216717
