,t_statistic,p_value,statistically significant,count,delta_ratio
0,1.9928302738502357,0.047499097456470636,True,224,-15.723079901962425
1,1.365798518475391,0.17799552273343053,False,52,-18.85369498477109
All,2.0373020182155663,0.042577098495625604,True,276,-16.31290593205681
