Category,t_statistic,p_value,statistically significant,count,delta_ratio
Appearance/Impression,1.3620778796384998,0.1858216311827148,False,25,3.457130312919723
Athletic Ability,1.7482641821347857,0.12390641357682901,False,8,-13.014269893147873
Culture/Tradition,1.1355472667029856,0.2591280232642815,False,92,-9.040524806404008
Drinking,0.9069894563585158,0.369139272304873,False,47,-16.295613756436666
Ideology/Politics,2.473275624728769,0.020242797756755092,True,27,-42.05211304810498
Institutions,1.2381004340026778,0.218828976950926,False,93,-6.225970647182792
Personality/Behavior,1.5378102414070696,0.13260390979550535,False,38,-27.50862757463223
Residential area,1.3363125304694043,0.20843218610617348,False,12,7.76968290180444
