,t_statistic,p_value,statistically significant,count,delta_ratio
0,3.0825675880062864,0.0023121133054848212,True,223,-3.108257172552091
1,3.2776448343753826,0.0018880764893541258,True,52,-16.29533019089867
All,3.4891613622853708,0.0005643908022595842,True,275,-5.601812797839443
