,t_statistic,p_value,statistically significant,count,delta_ratio
0,1.994750223122234,0.0472821534855246,True,225,-21.503648562157792
1,1.6859043215968987,0.09792375060806938,False,52,-20.80308741429742
All,2.035673822610424,0.04273811427869878,True,277,-21.372135278082922
