Category,t_statistic,p_value,statistically significant,count,delta_ratio
Appearance/Impression,1.3955796977688701,0.17562037682503726,False,25,4.707836461600676
Athletic Ability,2.416836806464895,0.04630673689766699,True,8,-18.75418019510632
Culture/Tradition,1.596672600877621,0.11380571249201053,False,92,-13.168777306625563
Drinking,1.3615617983858535,0.17996813910281026,False,47,-23.54256813373397
Ideology/Politics,1.9561331030918492,0.061272991524179976,False,27,-44.26578904346303
Institutions,2.016461378339874,0.046635955220647105,True,94,-9.540309017141093
Personality/Behavior,1.9554652712726033,0.057911125101588086,False,39,-38.811578207390504
Residential area,1.798643703204443,0.09954089227992781,False,12,3.4565996208605503
