,t_statistic,p_value,statistically significant,count,delta_ratio
0,2.4442702162640404,0.015287283825510619,True,225,-19.037598926842787
1,0.8736674946189917,0.3863947422778806,False,52,-18.750582259537182
All,2.5243960865489403,0.012150745300724061,True,277,-18.983718541644624
