,t_statistic,p_value,statistically significant,count,delta_ratio
0,1.9920807289508504,0.047571020100125455,True,226,-12.530880706832399
1,0.35994829200920747,0.7203721500856148,False,52,-13.6494743544582
All,2.015499655739847,0.04481796045061794,True,278,-12.74011405099262
