,t_statistic,p_value,statistically significant,count,delta_ratio
0,2.2449425282689877,0.02574431735657594,True,226,-20.327459752650494
1,1.2162676300101143,0.22948238213794395,False,52,-20.320125743390996
All,2.3704543736284966,0.018451090301378488,True,278,-20.326087923580374
