Category,t_statistic,p_value,statistically significant,count,delta_ratio
Appearance/Impression,1.3126372183795518,0.20171984500818946,False,25,3.2882804487550827
Athletic Ability,2.2664981582865456,0.057775060260686316,False,8,-18.495730088600666
Culture/Tradition,1.6747781865663731,0.09741122023127673,False,92,-10.956423906104781
Drinking,1.5381669193613734,0.13085883039196053,False,47,-24.1327673353884
Ideology/Politics,2.6225794299233747,0.014400137239905802,True,27,-46.36130548005578
Institutions,2.129503070766239,0.03585380883917396,True,94,-15.354530811322121
Personality/Behavior,1.6859014060009612,0.10001030203689122,False,39,-34.657539065406525
Residential area,1.7473843502888708,0.10839086074485636,False,12,0.37648611018798533
