Category,t_statistic,p_value,statistically significant,count,delta_ratio
Appearance/Impression,1.4262251172279354,0.16668263775848874,False,25,3.3818125337363254
Athletic Ability,1.6527941062814644,0.14235213925038243,False,8,-3.012469940328824
Culture/Tradition,1.1459393709271108,0.2548247736674578,False,92,-7.155545768450759
Drinking,-0.8256291696189628,0.41327603018295234,False,47,-13.324141927243268
Ideology/Politics,2.543128806522984,0.01727919253526738,True,27,-40.314017243367246
Institutions,1.3360167022066476,0.18480387853506314,False,94,-9.170347561473111
Personality/Behavior,1.669906625921693,0.10315651763562808,False,39,-28.123943736594835
Residential area,1.785178663887933,0.10179988612694552,False,12,0.8430574848874359
