Category,t_statistic,p_value,statistically significant,count,delta_ratio
Appearance/Impression,1.308414704571801,0.20312516279740636,False,25,2.8193596928436695
Athletic Ability,0.30358267442017023,0.7702704725915598,False,8,2.06928965007877
Culture/Tradition,1.5410593774214565,0.12677267009267182,False,92,7.4969446392076495
Drinking,2.36219693294248,0.02245408977881947,True,47,-6.456083236359469
Ideology/Politics,3.04449681259901,0.00528137423363951,True,27,-26.712128857380783
Institutions,-0.6000644201709798,0.5499385077483174,False,93,12.511427843111415
Personality/Behavior,1.8927721365481336,0.06668150726010084,False,36,-9.514867903547373
Residential area,1.0840599645806552,0.3015269480270747,False,12,6.551816453798027
