,t_statistic,p_value,statistically significant,count,delta_ratio
0,2.3470587057921835,0.019790567947754207,True,226,-10.072026427721283
1,0.8052924813729792,0.42438956571734776,False,52,-16.658973387925197
All,2.3871371907412473,0.017651132484143288,True,278,-11.304117226032808
