,t_statistic,p_value,statistically significant,count,delta_ratio
0,2.651186907035313,0.008601575621679835,True,222,4.427102867413056
1,3.2441442866372174,0.002081542591883114,True,52,-7.051304368568514
All,3.100246622696846,0.0021358461662182135,True,274,2.248719012409253
