,t_statistic,p_value,statistically significant,count,delta_ratio
0,2.152157439354267,0.03244947122282605,True,226,-17.343466377590637
1,1.5770185569718085,0.1209746345084786,False,52,-21.17795856313179
All,2.215616802346111,0.027530910133294884,True,278,-18.060709520209844
