,t_statistic,p_value,statistically significant,count,delta_ratio
0,2.002621807517963,0.046418011430906465,True,226,-19.044704441131817
1,1.4498680268734554,0.15321751016892105,False,52,-19.844081426683704
All,2.0804435059610653,0.03840390888999279,True,278,-19.194228193824976
