,t_statistic,p_value,statistically significant,count,delta_ratio
0,1.8471916795168157,0.06604406494382431,False,224,-12.15464464275956
1,1.3207682858994139,0.19247475346748447,False,52,-16.718601908054666
All,1.873308018884266,0.06208648518143498,False,276,-13.014520649264433
