Category,t_statistic,p_value,statistically significant,count,delta_ratio
Appearance/Impression,1.4548072746593672,0.15867789800012266,False,25,-1.9763668834120902
Athletic Ability,2.1306587361272507,0.07060148891878805,False,8,-15.193944818973016
Culture/Tradition,1.249912524913547,0.2145364389004507,False,92,-10.450850721486091
Drinking,1.323511278161327,0.19220591527915232,False,47,-23.126666689163038
Ideology/Politics,2.4863738316131383,0.01965358590580612,True,27,-47.81793916385548
Institutions,1.7340293322589764,0.08622653105809727,False,94,-14.698983280920835
Personality/Behavior,1.8799804095533845,0.06779348345191569,False,39,-39.962750017654095
Residential area,1.7091442883890562,0.115448747667593,False,12,-1.7049611241477964
