,t_statistic,p_value,statistically significant,count,delta_ratio
0,-2.471873630683057,0.01391436708760659,True,352,21.811770262036987
1,-1.9540636541027894,0.05182222439931299,False,248,11.520760202638847
All,-3.0327141874217913,0.002528502263592061,True,600,17.55815277081909
