,t_statistic,p_value,statistically significant,count,delta_ratio
0,-0.4783842669821614,0.6326737124099687,False,353,23.859166891354562
1,0.5651940921855814,0.5724506339901508,False,250,11.613647122656499
All,0.15377241814064235,0.8778407152540549,False,603,18.782251564365314
