,t_statistic,p_value,statistically significant,count,delta_ratio
0,-0.8096795366467997,0.41866982538208497,False,354,22.609460059543217
1,-0.01410594114588217,0.9887567561135042,False,250,11.334024920995422
All,-0.643616720705344,0.5200687046688688,False,604,17.94247531676681
