,t_statistic,p_value,statistically significant,count,delta_ratio
0,-0.6163431558426228,0.5380653131218995,False,354,23.471179623609064
1,0.5536064108286658,0.5803510538571512,False,247,9.871594980084577
All,-0.4423440887484012,0.6583996373325826,False,601,17.881999245987522
