,t_statistic,p_value,statistically significant,count,delta_ratio
0,-1.6036148026653514,0.10969330659147006,False,354,22.771087441477363
1,-1.3427253054706767,0.18058367656800958,False,250,16.527164561119825
All,-2.078995490940216,0.03803988647035731,True,604,20.18668227576646
