,t_statistic,p_value,statistically significant,count,delta_ratio
0,-1.3985241740588663,0.16283612442604686,False,353,32.33747744099587
1,-0.711940393071297,0.4771708703923667,False,249,14.684955657694918
All,-1.5515614694322675,0.12129359443616992,False,602,25.036019095411255
