,t_statistic,p_value,statistically significant,count,delta_ratio
0,-0.9688644205174674,0.3332799649961171,False,352,26.215744313852586
1,-0.33296462641623253,0.739443426013388,False,248,12.94543283136187
All,-0.9484189137825391,0.343298701596533,False,600,20.730682234423085
