,t_statistic,p_value,statistically significant,count,delta_ratio
0,-1.758858506629633,0.0794679404230237,False,354,24.395342074927697
1,-0.6024497763758363,0.547423021899559,False,250,12.45920022679295
All,-1.643715245160303,0.10075628409789934,False,604,19.454886011958017
