,t_statistic,p_value,statistically significant,count,delta_ratio
0,-1.3533940193540912,0.17680071814431206,False,352,27.361128990997504
1,-0.4142184377890818,0.6790750778672281,False,247,10.458594377852192
All,-1.412652054307847,0.15827827649177617,False,599,20.391302531152945
