,t_statistic,p_value,statistically significant,count,delta_ratio
0,-1.031176068730282,0.3031662474607678,False,353,23.972310041541697
1,0.15314915346462235,0.878406202122216,False,247,10.673452991485686
All,-0.8188261564499717,0.4132112452811417,False,600,18.497613889268642
