,t_statistic,p_value,statistically significant,count,delta_ratio
0,-0.7000035174346847,0.4843874758827761,False,353,23.549391353751446
1,1.4384883968103714,0.15156139801196575,False,248,6.491905372663238
All,-0.27450641329604064,0.7837899631392958,False,601,16.51069497553202
