,t_statistic,p_value,statistically significant,count,delta_ratio
0,-0.4903628609788104,0.6241844120952564,False,351,26.29802831476329
1,0.27240759843119317,0.7855343883455359,False,250,12.618105799477203
All,-0.17691375722347902,0.8596358339375452,False,601,20.607544739353102
