Category,Type,t_statistic,p_value,statistically significant,count,delta_ratio
Culture/Tradition,-1,-2.1886045104770875,0.047480277953996425,True,14,35.35296226197714
Ideology/Politics,-1,-1.378396319098739,0.1897108760536036,False,15,43.53843157275022
Personality/Behavior,-1,-3.0328448900449594,0.0033816575068872845,True,72,31.541147738691322
Personality/Behavior,0,-4.874545728459262,2.863429346951215e-06,True,144,39.91003680300309
Personality/Behavior,1,-3.9197597809767464,0.00015234389201789096,True,114,30.279710992947024
Values,-1,-4.508783937480507,3.640594266407542e-05,True,54,28.50347576453848
Values,0,-1.404038767905902,0.39399610827290665,False,2,51.25832005369245
