Category,Type,t_statistic,p_value,statistically significant,count,delta_ratio
Culture/Tradition,-1,-1.694337970786525,0.11400759855995303,False,14,37.45578282482306
Ideology/Politics,-1,-1.2747968218880907,0.22313290644324962,False,15,45.21928968645685
Personality/Behavior,-1,-1.8252846288133244,0.07216406072336035,False,72,33.68338767427943
Personality/Behavior,0,-4.142736341084805,5.845721395994183e-05,True,144,46.44108206821149
Personality/Behavior,1,-2.900228630602081,0.0044821100791713475,True,114,34.65126325042485
Values,-1,-2.967231384866112,0.004501054803621511,True,54,32.43932863699947
Values,0,-1.1884021017909823,0.4453274636968242,False,2,63.29187783486711
