Category,Type,t_statistic,p_value,statistically significant,count,delta_ratio
Culture/Tradition,-1,-1.7724864934292306,0.09973253276564178,False,14,35.7103142202495
Ideology/Politics,-1,-1.1905208910111653,0.2536375293464413,False,15,49.90645166975875
Personality/Behavior,-1,-2.930265678949996,0.004552094600080175,True,72,33.41581392138086
Personality/Behavior,0,-4.0001536830407,0.00010114814675233362,True,144,45.19685768918909
Personality/Behavior,1,-2.955746420453322,0.003797380822462773,True,114,35.69639370864021
Values,-1,-3.1919959883123554,0.0023768102381942504,True,54,33.143549718966916
Values,0,-1.177245036907523,0.44828812941717033,False,2,68.93994507838515
