,t_statistic,p_value,statistically significant,count,delta_ratio
0,-5.17911304209128,4.564964096882172e-07,True,253,43.86748233190538
1,-2.517778495246895,0.014992130989456698,True,52,28.549057273474066
All,-5.49886835846748,8.091387678542511e-08,True,306,41.30648680870333
