Category,Type,t_statistic,p_value,statistically significant,count,delta_ratio
Culture/Tradition,-1,-1.7776522095346372,0.09884749941636221,False,14,36.66853217678
Ideology/Politics,-1,-1.373924267469269,0.19106434155656296,False,15,51.08474169672513
Personality/Behavior,-1,-2.1429820369106793,0.035542991576372675,True,72,35.518451131819226
Personality/Behavior,0,-3.8705805099053463,0.00016453209376635007,True,144,46.49577990859316
Personality/Behavior,1,-2.5915427577691132,0.010815291752591336,True,114,36.374268752882124
Values,-1,-2.8008200216901087,0.0070989841468019725,True,54,32.757992307830875
Values,0,-1.2132274070079707,0.4388553027037632,False,2,58.47269956631587
