,t_statistic,p_value,statistically significant,count,delta_ratio
0,-6.7529776547299365,9.939566149298973e-11,True,253,40.50996552686497
1,-3.1260314623149026,0.002923508773719765,True,52,25.371084038500037
All,-7.164825454714153,5.881403434266388e-12,True,306,37.91118255438396
