Category,Type,t_statistic,p_value,statistically significant,count,delta_ratio
Culture/Tradition,-1,-1.6747996598908137,0.11784678922345443,False,14,30.310405116565036
Ideology/Politics,-1,-1.0321615665724369,0.3194985152463529,False,15,37.93499238925341
Personality/Behavior,-1,-0.9896968542712946,0.3256832375063461,False,72,25.000474703358734
Personality/Behavior,0,-3.3990499789428164,0.0008764146545493466,True,144,34.873011519772234
Personality/Behavior,1,-2.7780516233076593,0.006405038216514832,True,114,28.060570327726158
Values,-1,-3.314000116257973,0.0016629831487354322,True,54,25.4915529142615
Values,0,-1.2962429445208563,0.41831956794312913,False,2,46.936557087466646
