Category,t_statistic,p_value,statistically significant,count,delta_ratio
Culture/Tradition,-1.847296732707043,0.08758256534848871,False,14,34.16636360095069
Ideology/Politics,-1.1655475237640422,0.2632717833284221,False,15,47.02414488667846
Personality/Behavior,-5.303716053839487,2.087227065302565e-07,True,330,37.25979097510639
Values,-3.4184986796553236,0.0011923461723622123,True,56,31.777754330173863
