Category,t_statistic,p_value,statistically significant,count,delta_ratio
Culture/Tradition,-1.694337970786525,0.11400759855995303,False,14,37.45578282482306
Ideology/Politics,-1.2747968218880907,0.22313290644324962,False,15,45.21928968645685
Personality/Behavior,-5.2256272817077685,3.088766266285433e-07,True,330,39.58473860884548
Values,-3.2148822065824025,0.002185735454859128,True,56,33.54120539406616
