Category,t_statistic,p_value,statistically significant,count,delta_ratio
Culture/Tradition,-1.725333727418246,0.10814277913122843,False,14,39.393146640937466
Ideology/Politics,-1.2795924591077417,0.2214883438472721,False,15,42.18525834534498
Personality/Behavior,-5.617340148464481,4.13263951136542e-08,True,330,39.739440288156224
Values,-3.652711206988524,0.0005798340872271925,True,56,33.950399392510334
