Category,t_statistic,p_value,statistically significant,count,delta_ratio
Culture/Tradition,-1.7776522095346372,0.09884749941636221,False,14,36.66853217678
Ideology/Politics,-1.373924267469269,0.19106434155656296,False,15,51.08474169672513
Personality/Behavior,-4.882551471950982,1.6365779283983589e-06,True,330,40.60420432168776
Values,-3.053692435421382,0.003480103321429821,True,56,33.67637470991963
