,t_statistic,p_value,statistically significant,count,delta_ratio
0,-8.308234881561871,6.208942275625829e-15,True,251,102.92323528561123
1,-2.929583346120701,0.005065403626719681,True,52,54.69597557279562
All,-8.76245452050999,1.3864134231412598e-16,True,304,94.49964496114187
