Category,Type,t_statistic,p_value,statistically significant,count,delta_ratio
Culture/Tradition,-1,-1.847296732707043,0.08758256534848871,False,14,34.16636360095069
Ideology/Politics,-1,-1.1655475237640422,0.2632717833284221,False,15,47.02414488667846
Personality/Behavior,-1,-2.193841368921236,0.03152160769656885,True,72,32.13262149554515
Personality/Behavior,0,-4.035755281750768,8.831774169727603e-05,True,144,41.826014434458905
Personality/Behavior,1,-2.953707703415031,0.0038207186137514705,True,114,34.73014206617345
Values,-1,-3.1852464353199275,0.002423726922689083,True,54,30.78760076334125
Values,0,-1.197904323093762,0.44283146976379,False,2,58.51190063465472
