Category,t_statistic,p_value,statistically significant,count,delta_ratio
Culture/Tradition,-1.7724864934292306,0.09973253276564178,False,14,35.7103142202495
Ideology/Politics,-1.1905208910111653,0.2536375293464413,False,15,49.90645166975875
Personality/Behavior,-5.5337656214430355,6.407838892902642e-08,True,330,39.34446967384132
Values,-3.4235006905433316,0.001174433692570287,True,56,34.4219924103747
