Category,t_statistic,p_value,statistically significant,count,delta_ratio
Culture/Tradition,-1.6747996598908137,0.11784678922345443,False,14,30.310405116565036
Ideology/Politics,-1.0321615665724369,0.3194985152463529,False,15,37.93499238925341
Personality/Behavior,-4.375661946295817,1.6276009607005022e-05,True,330,30.3656147116661
Values,-3.5552511598596417,0.0007850205311947813,True,56,26.2574459204474
