Category,t_statistic,p_value,statistically significant,count,delta_ratio
Culture/Tradition,-1.7586359879380027,0.10214046044043962,False,14,37.92000475391743
Ideology/Politics,-1.365780429466111,0.19354931682047435,False,15,50.76571807834911
Personality/Behavior,-5.262106777971827,2.573441675872351e-07,True,330,40.57649454348534
Values,-3.401391787133592,0.0012555863813885303,True,56,33.92955316641482
