Category,Type,t_statistic,p_value,statistically significant,count,delta_ratio
Culture/Tradition,-1,-1.7925042941698068,0.09634183303565996,False,14,43.57142444440705
Ideology/Politics,-1,-1.4624999047024214,0.16568898281121636,False,15,58.77374661000647
Personality/Behavior,-1,-3.2379788439373915,0.001831471167165504,True,72,44.41332094813299
Personality/Behavior,0,-4.01486806356813,9.56432697934528e-05,True,144,56.664912221076655
Personality/Behavior,1,-2.7791016274223366,0.006385712943483096,True,114,43.29302379036773
Values,-1,-3.1351452845272356,0.002800213757236341,True,54,38.069895075990814
Values,0,-1.2222723758335794,0.43653616232867815,False,2,78.20491859912346
