,t_statistic,p_value,statistically significant,count,delta_ratio
0,-2.4756493135457194,0.013957441474108191,True,253,23.535867728395438
1,-1.727483212730913,0.09013304496202562,False,52,15.763269252177913
All,-2.728742276458527,0.006726560394441298,True,306,22.20493300679554
