Category,t_statistic,p_value,statistically significant,count,delta_ratio
Culture/Tradition,-1.9443058629909886,0.07382006169378001,False,14,27.664942203309252
Ideology/Politics,-0.6737027812402567,0.5114704375069847,False,15,21.459256502109177
Personality/Behavior,-3.1461939372514247,0.0018051915039422614,True,330,21.73104829635752
Values,-3.5616595064118206,0.0007696351031756575,True,56,20.923175421839442
