Category,Type,t_statistic,p_value,statistically significant,count,delta_ratio
Culture/Tradition,-1,-2.1058461895347276,0.05522330159830419,False,14,26.910281992376778
Ideology/Politics,-1,-0.6650614374879376,0.5168180252910508,False,15,17.099770279261765
Personality/Behavior,-1,0.7388959145732328,0.4624059513974599,False,72,14.77754629717079
Personality/Behavior,0,-3.120330689394385,0.002185747775398466,True,144,24.23725634827671
Personality/Behavior,1,-3.318506148554262,0.0012183318753590164,True,114,17.738256421241815
Values,-1,-3.3212786247973165,0.0016275591970317958,True,54,18.221064290917973
Values,0,-1.401489529881612,0.39454295262292943,False,2,30.48430450245119
