Category,t_statistic,p_value,statistically significant,count,delta_ratio
Culture/Tradition,-1.9757375115209652,0.06980300797012978,False,14,28.677059618164165
Ideology/Politics,-0.9898983536884214,0.3390248907892939,False,15,24.371712673250542
Personality/Behavior,-3.133685060590781,0.0018815732816933736,True,330,24.205670367577312
Values,-4.180874189468746,0.00010501378735642818,True,56,21.562894091381484
