Category,t_statistic,p_value,statistically significant,count,delta_ratio
Culture/Tradition,-1.8057249214150126,0.09415934269961465,False,14,28.24170993430154
Ideology/Politics,-0.9172738482123297,0.3745310055344804,False,15,21.2051584250356
Personality/Behavior,-2.3121442426900902,0.021386742202238896,True,330,20.52061427998983
Values,-3.67351312716843,0.000543236589994072,True,56,20.44677244687024
