Category,Type,t_statistic,p_value,statistically significant,count,delta_ratio
Culture/Tradition,-1,-1.8057249214150126,0.09415934269961465,False,14,28.24170993430154
Ideology/Politics,-1,-0.9172738482123297,0.3745310055344804,False,15,21.2051584250356
Personality/Behavior,-1,0.5896018875446026,0.5573292204588216,False,72,15.503106423593993
Personality/Behavior,0,-2.8498240157064783,0.005021153261983917,True,144,24.367162208187004
Personality/Behavior,1,-3.167284092057206,0.001978920637536795,True,114,18.830769227359195
Values,-1,-3.3986620710745656,0.0012925717385963886,True,54,19.760974145499514
Values,0,-1.4934755763328988,0.3756159657170917,False,2,38.96332658387991
