,t_statistic,p_value,statistically significant,count,delta_ratio
0,-3.0343261498879217,0.002663039069866563,True,253,25.0878206302843
1,-1.9602508866336155,0.055440525266293575,False,52,15.781956007521098
All,-3.2796014257998976,0.0011598620399385512,True,306,23.505325464974916
