,t_statistic,p_value,statistically significant,count,delta_ratio
0,-0.8194402358119205,0.41330960174372666,False,253,18.60227785872868
1,-1.0959156607457758,0.27826394445987196,False,52,12.757407404582796
All,-0.9570534390950758,0.3392982652028691,False,306,17.607104651182073
