Category,t_statistic,p_value,statistically significant,count,delta_ratio
Culture/Tradition,-2.120358849949268,0.053785360724414207,False,14,27.92909457583968
Ideology/Politics,-0.566288892202559,0.5801624566473189,False,15,11.865752075989835
Personality/Behavior,-1.838372275190288,0.06690888175675243,False,330,19.00349042777
Values,-3.77185855702403,0.0003981587462679078,True,56,18.687948501263918
