Category,Type,t_statistic,p_value,statistically significant,count,delta_ratio
Culture/Tradition,-1,-2.1105273929286557,0.05475561261336075,False,14,22.95971108992471
Ideology/Politics,-1,-0.4365266580226225,0.6691115945103255,False,15,12.854013112293611
Personality/Behavior,-1,1.141703490380917,0.2574132404624373,False,72,8.96381454436434
Personality/Behavior,0,-0.11132262472208433,0.9115166136214482,False,144,16.95404381424423
Personality/Behavior,1,-3.1499299226512925,0.0020900875354827745,True,114,13.029536631219155
Values,-1,-3.756233410348672,0.0004306035987192719,True,54,13.282274077059538
Values,0,-1.901046969399394,0.3082837096109818,False,2,24.638476427486044
