,t_statistic,p_value,statistically significant,count,delta_ratio
0,-2.0285464088720704,0.04355617101865373,True,253,24.600449284882618
1,-1.713565473454089,0.09268162366047486,False,52,15.374582530953454
All,-2.245529489335641,0.025450136321933745,True,306,23.019651118363267
