,t_statistic,p_value,statistically significant,count,delta_ratio
0,0.06764448129079673,0.9461222849025974,False,253,15.240269997795055
1,-0.254860344163139,0.7998558975989772,False,52,10.901082698741764
All,0.02618789564852489,0.979124596243927,False,306,14.529941889005462
