Category,Type,t_statistic,p_value,statistically significant,count,delta_ratio
Culture/Tradition,-1,-1.9812469362441576,0.0691198745433055,False,14,21.329564869385955
Ideology/Politics,-1,-0.3637757044032056,0.7214603237793131,False,15,11.647314905699812
Personality/Behavior,-1,1.4470338877323514,0.15228831373792842,False,72,7.930732130666436
Personality/Behavior,0,0.2915645903695751,0.7710420695985591,False,144,15.948829366324228
Personality/Behavior,1,-1.4343540556598078,0.15423290639756707,False,114,12.617402398716179
Values,-1,-3.726985065310893,0.0004720625480368385,True,54,12.805794751278754
Values,0,-1.9912133804376821,0.2962899271567149,False,2,19.909658570308743
