Category,Type,t_statistic,p_value,statistically significant,count,delta_ratio
Culture/Tradition,-1,-1.9443058629909886,0.07382006169378001,False,14,27.664942203309252
Ideology/Politics,-1,-0.6737027812402567,0.5114704375069847,False,15,21.459256502109177
Personality/Behavior,-1,0.4140273366624826,0.6801021786643544,False,72,15.822070755890906
Personality/Behavior,0,-3.374781536308848,0.0009511444960185327,True,144,26.86800705676799
Personality/Behavior,1,-3.3820916128446417,0.0009889122976882968,True,114,18.97424409823901
Values,-1,-3.293100369545749,0.001768798412143066,True,54,20.004802357108765
Values,0,-1.430275010071085,0.3884438509631839,False,2,45.719248169567614
