Category,Type,t_statistic,p_value,statistically significant,count,delta_ratio
Culture/Tradition,-1,-2.120358849949268,0.053785360724414207,False,14,27.92909457583968
Ideology/Politics,-1,-0.566288892202559,0.5801624566473189,False,15,11.865752075989835
Personality/Behavior,-1,0.4259023053142665,0.6714673910828886,False,72,14.359861689870554
Personality/Behavior,0,-2.3994277864723204,0.017708669124105098,True,144,22.93491199144514
Personality/Behavior,1,-4.802174979106356,4.852756895892138e-06,True,114,16.970302392327362
Values,-1,-3.5208457929624064,0.000893350473572854,True,54,18.13147019195943
Values,0,-1.3897314562153344,0.39708235537767317,False,2,33.712862852485074
