,t_statistic,p_value,statistically significant,count,delta_ratio
0,-2.0455910261051473,0.04183501651660426,True,253,21.571538520860827
1,-1.2385403966180686,0.22118634509520108,False,52,13.93194955525909
All,-2.217119343699205,0.027352060210423072,True,306,20.256951187116233
