Category,t_statistic,p_value,statistically significant,count,delta_ratio
Culture/Tradition,-2.1058461895347276,0.05522330159830419,False,14,26.910281992376778
Ideology/Politics,-0.6650614374879376,0.5168180252910508,False,15,17.099770279261765
Personality/Behavior,-1.546205895496921,0.1230161849354228,False,330,19.928210544150637
Values,-3.5893094607207883,0.0007064882111821278,True,56,18.659037155615582
