,t_statistic,p_value,statistically significant,count,delta_ratio
0,-8.762284149062102,2.968687657961846e-16,True,251,33.32922935990324
1,-3.454812951392985,0.0011175444008716582,True,52,19.116824450685872
All,-9.317938501412227,2.5357852024156705e-18,True,304,30.869184028889425
