Category,Type,t_statistic,p_value,statistically significant,count,delta_ratio
Culture/Tradition,-1,-2.4668896300787346,0.02829984587913722,True,14,28.31021557710372
Ideology/Politics,-1,-1.3347320463295589,0.20326561318083483,False,15,27.373900109666465
Personality/Behavior,-1,-3.0606533897752928,0.0031452482041344643,True,70,25.854854919309332
Personality/Behavior,0,-7.346970064565797,1.4212535960859819e-11,True,144,32.68654757044509
Personality/Behavior,1,-6.318527853709003,5.395639819706319e-09,True,114,23.11648567337624
Values,-1,-4.779936242467943,1.4334268344538446e-05,True,54,24.49386058246827
Values,0,-1.537461079491838,0.3671211189328111,False,2,60.898573530918334
