Category,t_statistic,p_value,statistically significant,count,delta_ratio
Culture/Tradition,-2.0625961296273974,0.059723459929419534,False,14,30.97131503886756
Ideology/Politics,-1.1736866396518282,0.26010149730277443,False,15,21.913082181669377
Personality/Behavior,-4.388650909130222,1.5384485358699256e-05,True,330,23.06586285314454
Values,-4.6374309580066315,2.2182559135118927e-05,True,56,20.979505776871342
