,t_statistic,p_value,statistically significant,count,delta_ratio
0,-1.6847366714162364,0.09292323079868102,False,354,5.904296741724997
1,-2.4127051284392786,0.016555122103050327,True,251,6.951223422614277
All,-2.661499882054547,0.007986296973340462,True,605,6.338641529994764
