,t_statistic,p_value,statistically significant,count,delta_ratio
0,-1.1401763992477676,0.25498582773798867,False,354,4.482866819946323
1,-2.7863168701554937,0.005739835742078443,True,251,5.325545709355593
All,-1.9674650976780506,0.04958679604665508,True,605,4.832474094726036
