,t_statistic,p_value,statistically significant,count,delta_ratio
0,-5.170565522952627,3.923142027807584e-07,True,353,8.140216313977108
1,-3.320420694048042,0.0010329659108628036,True,251,6.912357402487576
All,-6.028884648738042,2.8775836767359765e-09,True,604,7.62996368685149
