,t_statistic,p_value,statistically significant,count,delta_ratio
0,-1.3135656895020569,0.1898454961267264,False,354,5.591233424209379
1,-2.3667588342823245,0.018707354895732792,True,251,5.3861944166027085
All,-1.8414843157853686,0.06604077064254292,False,605,5.506167654111404
