,t_statistic,p_value,statistically significant,count,delta_ratio
0,-1.6816614840787585,0.09351890876245475,False,354,5.845858596019262
1,-2.2075063067529452,0.028187361878091653,True,251,5.315935717181007
All,-2.420812448735481,0.01577965151573255,True,605,5.626006294220249
