,t_statistic,p_value,statistically significant,count,delta_ratio
0,-1.474312940547681,0.14128859306421507,False,354,5.979686582374254
1,-2.606941849339126,0.009684411135503022,True,251,6.557451352814063
All,-2.4827012900557714,0.013309516361270833,True,605,6.2193873383749025
