,t_statistic,p_value,statistically significant,count,delta_ratio
0,-1.0894415253387617,0.2767023894684205,False,354,3.2728674996231186
1,-2.01201363157354,0.04529128986800935,True,251,4.6095524995278
All,-1.821976598342712,0.06895293457418078,False,605,3.8274260698315077
