,t_statistic,p_value,statistically significant,count,delta_ratio
0,-0.45455492313536366,0.6497088610693201,False,354,4.164762804056136
1,-2.2694573564648075,0.024092910581929743,True,251,4.948939384396903
All,-1.1790852134249696,0.23882849349663723,False,605,4.4900988729247855
