,t_statistic,p_value,statistically significant,count,delta_ratio
0,-0.5794366496897241,0.5626641731103954,False,354,5.740811681643657
1,-1.4843733127108265,0.13896963146381744,False,251,4.886770780755759
All,-0.9947962808848754,0.3202337147458183,False,605,5.386490580614132
