,t_statistic,p_value,statistically significant,count,delta_ratio
0,-0.791074155440558,0.42943189997540576,False,354,5.4429640538159765
1,-1.2951871740340921,0.19645042363261778,False,251,4.979728858989587
All,-1.2358824698575346,0.21698268426413322,False,605,5.250778873813623
