,t_statistic,p_value,statistically significant,count,delta_ratio
0,-1.341561955629989,0.1806004656977627,False,354,5.764463603836698
1,-2.199463434325437,0.028760853598056694,True,251,5.953880836277105
All,-2.0497860653566993,0.04081658148660212,True,605,5.843048273824372
