,t_statistic,p_value,statistically significant,count,delta_ratio
0,-1.3687855822769526,0.1719366999669487,False,354,5.566127382562805
1,-2.456611584795674,0.014705935868401441,True,251,5.649688745445248
All,-2.094862931007415,0.03659912895596767,True,605,5.600794989312381
