,t_statistic,p_value,statistically significant,count,delta_ratio
0,1.6522151401885374,0.0999171754555336,False,221,-15.559963039788258
1,2.4688747964650393,0.016944583215093532,True,52,-14.720387460552347
All,1.8012314642758822,0.07277385787894719,False,273,-15.400043881838558
