Category,t_statistic,p_value,statistically significant,count,delta_ratio
Appearance/Impression,0.38040173913538144,0.7069932411590525,False,25,0.7687214681576278
Athletic Ability,-0.21164079584413348,0.8384173185801539,False,8,15.726493624738833
Culture/Tradition,1.3818730355460571,0.1703936531627734,False,92,11.158796574860908
Drinking,2.7171365028026644,0.009250021003380031,True,47,-15.550580218593113
Ideology/Politics,1.9792842325402147,0.05889709895204284,False,26,-16.930420172783876
Institutions,1.720254783394288,0.08871205550140847,False,94,1.3344810282701864
Personality/Behavior,2.331634980547203,0.025602229249593333,True,36,-13.77543895826159
Residential area,2.0175880557876815,0.06870015269480925,False,12,-9.597906459367456
