Category,t_statistic,p_value,statistically significant,count,delta_ratio
Appearance/Impression,0.5059605037674206,0.6175003906867211,False,25,-6.074299814311077
Athletic Ability,0.8872302444534784,0.4044061670971761,False,8,8.181028754009368
Culture/Tradition,1.5148338551928389,0.13328032364988376,False,92,1.3141550868178857
Drinking,2.5406859722238724,0.01450225368075033,True,47,-21.801442820022526
Ideology/Politics,1.9936525992761644,0.05720831956569854,False,26,-31.577422131680283
Institutions,1.816520545022454,0.07251200785592599,False,94,-5.573043470501833
Personality/Behavior,1.4730661264785865,0.1494235506796164,False,37,-20.833923711356185
Residential area,2.199007612742129,0.050172996742633036,False,12,-17.0822120550457
