,t_statistic,p_value,statistically significant,count,delta_ratio
0,2.9257955850810125,0.00379428301336164,True,222,-0.07783773096336372
1,2.152001473256698,0.03615379566724187,True,52,-7.928372365904833
All,3.266079584990546,0.0012297816555676695,True,274,-1.567720216426709
