Category,t_statistic,p_value,statistically significant,count,delta_ratio
Appearance/Impression,0.9762873347450512,0.33866079279829775,False,25,-8.684881365866769
Athletic Ability,-0.08639908320542354,0.9335686229962991,False,8,8.806705146441288
Culture/Tradition,1.6544040468334227,0.10149083612542878,False,92,5.448283567631796
Drinking,2.4220568646468346,0.019431617299841546,True,47,-13.368100626723278
Ideology/Politics,1.7491935252500386,0.09252649413430991,False,26,-5.034791347565112
Institutions,0.38633525000089525,0.7001308697849006,False,94,8.971679489657427
Personality/Behavior,1.959068460187212,0.058109181604755325,False,36,-9.018319989732838
Residential area,1.012646587833186,0.33298539360336177,False,12,1.200263785642119
