Category,t_statistic,p_value,statistically significant,count,delta_ratio
Appearance/Impression,1.5212337402386258,0.14126833120488205,False,25,-11.317263645400208
Athletic Ability,1.6801404414040197,0.13681927288473267,False,8,-8.897580047224093
Culture/Tradition,1.5706741066636276,0.11972909299336937,False,92,-1.2124575589629216
Drinking,2.8260195316886576,0.006950853239558881,True,47,-25.631371739816462
Ideology/Politics,1.785976293491735,0.08623958980236154,False,26,-28.414534038401023
Institutions,2.0368035698282663,0.04451239003486053,True,94,-6.244955239004839
Personality/Behavior,1.3740899840122474,0.17815001443379488,False,36,-29.91884775658138
Residential area,2.4903787974973866,0.030015202390560554,True,12,-11.738076995855877
