,t_statistic,p_value,statistically significant,count,delta_ratio
0,1.7593611865060395,0.07989366937999692,False,223,-9.72460826981246
1,2.055893418159705,0.04492868421776884,True,52,-15.108919611473379
All,1.9041561096810147,0.05793723499711252,False,275,-10.742732596235616
