,t_statistic,p_value,statistically significant,count,delta_ratio
0,2.45798947339559,0.014740992259821107,True,222,-3.1545198905506235
1,1.5923241707692013,0.11761501128443298,False,51,-7.612058751094162
All,2.80520883391301,0.005391215711495245,True,273,-3.987246930432384
