,t_statistic,p_value,statistically significant,count,delta_ratio
0,2.0594741228863604,0.04062073801363418,True,222,-14.754393060090095
1,2.6929007641079594,0.009560884372715748,True,52,-17.725459672232834
All,2.2481161778659167,0.025366891268342552,True,274,-15.318245117869012
