Category,t_statistic,p_value,statistically significant,count,delta_ratio
Appearance/Impression,0.9829183953608867,0.33545329758396913,False,25,-5.380788354948976
Athletic Ability,0.6140227668587293,0.5586192745756273,False,8,22.15608309601372
Culture/Tradition,1.9029014991879294,0.06025018962676171,False,91,6.745239095794078
Drinking,2.576209872996591,0.013265171078234519,True,47,-18.25052129142353
Ideology/Politics,2.292299691630748,0.030579030574111984,True,26,-24.1406151995915
Institutions,1.8485878896728611,0.06769477936011405,False,94,-3.203722095359133
Personality/Behavior,1.4769438072934737,0.14863278438889235,False,36,-9.241574903885388
Residential area,2.411161922095567,0.03454332054073099,True,12,-13.104722382368731
