,t_statistic,p_value,statistically significant,count,delta_ratio
0,1.978803213242808,0.0490742681485838,True,223,-22.716695694152616
1,2.6268966047883398,0.01135095135803694,True,52,-21.44772664942987
All,2.067821056272846,0.039595401010979414,True,275,-22.47674518387777
