,t_statistic,p_value,statistically significant,count,delta_ratio
0,2.8467376885273494,0.004830968159700686,True,223,-7.589187525706999
1,1.8346301003177061,0.07251361453550169,False,51,-10.103545802886025
All,3.172064549585154,0.0016863832946316247,True,274,-8.057188518904557
