,t_statistic,p_value,statistically significant,count,delta_ratio
0,2.40705916337792,0.016907039418684378,True,221,-5.928173755694463
1,2.303120916078242,0.02538471774501383,True,52,-13.882488999011395
All,2.7663656145569724,0.006056981841393587,True,273,-7.4432814210881615
