Category,t_statistic,p_value,statistically significant,count,delta_ratio
Appearance/Impression,0.8285846782924957,0.4155040181993508,False,25,-6.109675689159651
Athletic Ability,0.5165157190185737,0.6214064101413497,False,8,26.11007935535471
Culture/Tradition,1.2221201141550992,0.22481839593422825,False,92,9.168439230074252
Drinking,2.4450989160000836,0.018369597513036986,True,47,-19.729399854372463
Ideology/Politics,2.4602144809126676,0.020846539971556135,True,27,-28.952765311140986
Institutions,1.695208072305711,0.09338176346487638,False,94,-5.172650187164535
Personality/Behavior,1.5374320974327846,0.13293139206725746,False,37,-27.259900245768915
Residential area,2.2261668596924156,0.04784630788417712,True,12,-18.99644726170606
