,t_statistic,p_value,statistically significant,count,delta_ratio
0,3.0459050806220658,0.0026017554587895214,True,222,-17.189844344648016
1,1.816333509665031,0.0754391756473712,False,50,-21.100387241816197
All,3.321079834364405,0.0010198538837186087,True,272,-17.90869414192158
