Category,t_statistic,p_value,statistically significant,count,delta_ratio
Appearance/Impression,1.3403337576390346,0.19268826838107045,False,25,-3.813479934254669
Athletic Ability,0.6082122507774352,0.5622534109557746,False,8,20.308028332548062
Culture/Tradition,1.468788679243286,0.14533859019270665,False,92,-0.17103546802040417
Drinking,2.5426580461611836,0.014430914357355698,True,47,-20.483817513616025
Ideology/Politics,2.2749950991311527,0.03138988450404984,True,27,-32.35559900569616
Institutions,1.728570853401185,0.08720455338142602,False,94,0.25789721362582796
Personality/Behavior,1.2561554344900159,0.21738000966268287,False,36,-21.601364143406244
Residential area,2.1712863765468056,0.05265894362899441,False,12,-16.161043304459394
