Category,t_statistic,p_value,statistically significant,count,delta_ratio
Appearance/Impression,0.48870331053684957,0.6294877373311858,False,25,-5.209452478118725
Athletic Ability,0.5295770908961249,0.6127792546559476,False,8,31.148268517327832
Culture/Tradition,1.107657874132113,0.2709287852112915,False,92,8.991435178971862
Drinking,2.275170844278919,0.02770928850853289,True,46,-13.03840335966536
Ideology/Politics,2.1833848865989176,0.038605375903430716,True,26,-15.09669950360794
Institutions,1.58715458639548,0.11587196579554226,False,94,2.164077125030532
Personality/Behavior,1.453093901767214,0.15510548935115048,False,36,-10.610666704533536
Residential area,2.374287219372097,0.03687150631600248,True,12,-11.184111928676508
