,t_statistic,p_value,statistically significant,count,delta_ratio
0,2.0091967961211483,0.04572162202036199,True,224,-11.136052886590873
1,1.5578932939390857,0.1254430237486253,False,52,-10.36430599965395
All,2.200636758868644,0.028593086766596373,True,276,-10.990651299196958
