,t_statistic,p_value,statistically significant,count,delta_ratio
0,2.195443456432788,0.029167764562588756,True,223,-11.934629303493907
1,1.9745220729686281,0.05374902774993171,False,52,-16.594301439048888
All,2.489500965025828,0.013385679099018617,True,275,-12.815730943671575
