,t_statistic,p_value,statistically significant,count,delta_ratio
0,3.716854936523765,0.00025564397005619125,True,222,-3.039597712705985
1,2.481497760940083,0.016419748601918586,True,52,-11.859058784909509
All,4.050942724821086,6.653838803051135e-05,True,274,-4.713364047576726
