,t_statistic,p_value,statistically significant,count,delta_ratio
0,-2.5747477957242175,0.011005472461311816,True,150,12.826760805986309
1,-1.1595771008019593,0.2507398581297089,False,62,7.244025280315254
All,-2.703207486240183,0.007426966414638769,True,212,11.194074001308923
