Category,t_statistic,p_value,statistically significant,count,delta_ratio
Ideology/Politics,-2.923277232498502,0.00414710429478346,True,120,129.37782928886813
Institutions,-3.93860684224365,0.0010591828335497619,True,18,136.2146167757388
Occupation/Social Status,-3.5615740904115856,0.000600616025024272,True,88,281.4876242623299
Other,-1.0588002481052488,0.3172791871689473,False,10,635.8641467089496
Personality/Behavior,-2.5906519997642365,0.014306920851083699,True,33,408.6865314548908
Residential Area,-2.4026346146900686,0.022061234352295712,True,34,476.7767190439754
