,t_statistic,p_value,statistically significant,count,delta_ratio
0,-4.9094698554669645,2.4003882651315874e-06,True,148,364.7825136445321
1,-2.2395897027038716,0.028835545682716797,True,61,135.8831887956934
All,-5.2497110177980275,3.7498445552243187e-07,True,209,297.97457672692843
