,t_statistic,p_value,statistically significant,count,delta_ratio
0,-1.6168776999112195,0.10801989680372708,False,150,9.015481243720206
1,-0.38819457651361283,0.6992235390556184,False,62,5.588336018366693
All,-1.6589573556641697,0.09861005598249895,False,212,8.01320292309795
