,t_statistic,p_value,statistically significant,count,delta_ratio
0,-4.672341029059069,6.70262210236921e-06,True,147,364.7119593930968
1,-2.2826376438289033,0.0260104750762255,True,61,137.66845628947462
All,-4.988640600175525,1.2857486177421056e-06,True,208,298.127085886746
