Category,t_statistic,p_value,statistically significant,count,delta_ratio
Ideology/Politics,-2.1598944575678303,0.032786415853813616,True,120,9.099477675366971
Institutions,-1.0254034911819863,0.31875660841564896,False,19,7.567598605054717
Occupation/Social Status,-0.18437213085374093,0.854136334892347,False,91,7.607279485973908
Other,-1.4632754521403248,0.17742105942328532,False,10,12.671094059301872
Personality/Behavior,-1.4762826990236688,0.1496417162260993,False,33,14.075407858030939
Residential Area,-1.3765564590556298,0.17851126312189441,False,32,8.2630373720463
