,t_statistic,p_value,statistically significant,count,delta_ratio
0,-4.88624380555512,2.6415277152253593e-06,True,149,411.89954542827314
1,-2.464423582448947,0.01660485135646937,True,61,147.62998662279924
All,-5.178264107871054,5.25224164885064e-07,True,210,335.13553072763546
