,t_statistic,p_value,statistically significant,count,delta_ratio
0,-1.1790399111457681,0.2402615836729017,False,150,6.984837063048991
1,-0.3800093721344777,0.7052583849512242,False,62,4.830204704680797
All,-1.2276933816903468,0.22092993787034126,False,212,6.354708731828103
