,t_statistic,p_value,statistically significant,count,delta_ratio
0,-4.721767581610547,5.376625570989894e-06,True,149,380.862316846359
1,-2.224233029350188,0.029907025473711272,True,61,129.07303031113543
All,-5.053323422510554,9.457597245986342e-07,True,210,307.72352409088927
