,t_statistic,p_value,statistically significant,count,delta_ratio
0,-4.880194134617782,2.7122559116233643e-06,True,149,385.1870956313331
1,-2.231133564934458,0.029421288136701144,True,61,140.40600172724433
All,-5.203701800895555,4.6536695959640535e-07,True,210,314.0840159734787
