Category,t_statistic,p_value,statistically significant,count,delta_ratio
Ideology/Politics,0.06267130191574322,0.9501333952910516,False,120,3.5431903765166535
Institutions,0.4383433674779392,0.6663528958902156,False,19,4.2513889411892745
Occupation/Social Status,1.397997841283606,0.16554968974177925,False,91,3.5747726430256415
Other,-0.9805943927640481,0.3524156300610398,False,10,5.514028545038065
Personality/Behavior,-0.27237628328674157,0.7870825941206778,False,33,5.038192470758235
Residential Area,0.0021674992006105224,0.9982840434661459,False,33,5.635586925364062
