,t_statistic,p_value,statistically significant,count,delta_ratio
0,-4.93574682804189,2.139064119052235e-06,True,148,352.12931317282414
1,-2.3842519991249347,0.02029290358884373,True,61,139.15568406203153
All,-5.27478171270104,3.3246831225273677e-07,True,209,289.96954582469806
