,t_statistic,p_value,statistically significant,count,delta_ratio
0,-4.907682838052712,2.4049901734526693e-06,True,149,375.102434594771
1,-2.315330544785837,0.024031702908987047,True,61,141.14385846848933
All,-5.219044244264967,4.3252680172909384e-07,True,210,307.1430386723749
