Category,t_statistic,p_value,statistically significant,count,delta_ratio
Ideology/Politics,-2.1189770519955595,0.03617141847034331,True,120,7.599981779589606
Institutions,-1.0095356576306724,0.32609689533912123,False,19,7.280008021250092
Occupation/Social Status,0.6139728113120919,0.5407821484376454,False,91,7.360712728080548
Other,-1.386854026314483,0.1988700744436953,False,10,10.048636667894817
Personality/Behavior,-1.4299925119644863,0.16241106229776756,False,33,9.834905081532735
Residential Area,-1.244847591244543,0.22222761146529213,False,33,8.587377379505483
