,t_statistic,p_value,statistically significant,count,delta_ratio
0,-0.9547852251744906,0.34124321118780965,False,149,8.025674435212075
1,-0.07511549468823821,0.9403686218542163,False,62,4.474504352955691
All,-0.9516331763870283,0.3423770404839288,False,211,6.98220265748745
