,t_statistic,p_value,statistically significant,count,delta_ratio
0,-4.829890092371596,3.3948316195156683e-06,True,148,341.2938789983348
1,-2.1848928599909834,0.03281346414806608,True,61,130.99554045880822
All,-5.193217772616138,4.91061914786743e-07,True,209,279.91493808488445
