,t_statistic,p_value,statistically significant,count,delta_ratio
0,-0.7385068314244047,0.46137601589937827,False,149,7.872018836953723
1,-0.288192477003644,0.7741763787266316,False,62,5.493769499411342
All,-0.7841290596605677,0.43384795120432984,False,211,7.173196756728001
