,t_statistic,p_value,statistically significant,count,delta_ratio
0,-5.346214607302691,3.360390080448969e-07,True,148,257.03359622180164
1,-2.4004009040757808,0.019495862210846614,True,61,130.58622460601003
All,-5.758820553568566,3.0141652162275546e-08,True,209,220.1279040277189
