,t_statistic,p_value,statistically significant,count,delta_ratio
0,-0.11172809542613164,0.9111893723828229,False,150,6.672317082116076
1,0.4163032604758287,0.6786492576730362,False,62,4.516075450121805
All,-0.015877762583955842,0.9873469138137227,False,212,6.041718114268694
