Category,t_statistic,p_value,statistically significant,count,delta_ratio
Ideology/Politics,-1.380803452588289,0.16992721889238496,False,120,7.367512755720811
Institutions,-0.6449797894576597,0.5270762170577796,False,19,6.33574779087234
Occupation/Social Status,0.8915587306444854,0.3750069094465458,False,91,5.841191049338196
Other,-1.1050302892092387,0.2978107133417275,False,10,8.148774896701024
Personality/Behavior,-1.3764954451479334,0.1782242242425745,False,33,8.983643092302538
Residential Area,-0.3093496494844895,0.7591253421136713,False,32,6.283191654818022
