,t_statistic,p_value,statistically significant,count,delta_ratio
0,-4.99248713708016,1.6550905242931884e-06,True,149,374.3631343299886
1,-2.171527268712767,0.03385586500920863,True,61,134.4808402213265
All,-5.344337586275096,2.3659177206747615e-07,True,210,304.6830393746153
