Category,t_statistic,p_value,statistically significant,count,delta_ratio
Ideology/Politics,-6.067724369272748,1.7041992860329666e-08,True,116,92.29341922610348
Institutions,-5.4471482201797565,4.347687210840867e-05,True,18,90.09701971062601
Occupation/Social Status,-6.848843943372317,1.0075751437141071e-09,True,88,137.18588759473198
Other,-1.4437380063467862,0.18270423074455083,False,10,143.76555665549614
Personality/Behavior,-3.9618590009130576,0.0003898057984707679,True,33,176.50948750945668
Residential Area,-4.259408039389732,0.00016809083446024642,True,33,188.50164630477963
