,t_statistic,p_value,statistically significant,count,delta_ratio
0,-4.981265633286908,1.750257326217475e-06,True,148,377.55638667252816
1,-2.1734336867458683,0.033705427956118576,True,61,135.89735232102868
All,-5.3374467805408985,2.456707711154832e-07,True,209,307.02432401491353
