,t_statistic,p_value,statistically significant,count,delta_ratio
0,-7.581399881592019,3.746534652336019e-12,True,146,152.1145547286578
1,-4.948384528636461,6.572171195930148e-06,True,60,105.22634721383828
All,-8.799059860107759,5.735890781262919e-16,True,206,138.45779525832202
