,t_statistic,p_value,statistically significant,count,delta_ratio
0,-1.1907790336883204,0.2356339183534448,False,150,7.751588626937394
1,-0.23160476986612152,0.8176201747321313,False,62,4.955797404359498
All,-1.2128786401992997,0.22653237009609742,False,212,6.93395157127782
