,t_statistic,p_value,statistically significant,count,delta_ratio
0,-1.9436029407914468,0.05382788165211559,False,150,9.058934055783508
1,-0.27035246749006764,0.7878017180129302,False,62,6.557280146158344
All,-1.9038418863739086,0.05829149950102984,False,212,8.327318289761058
