Category,t_statistic,p_value,statistically significant,count,delta_ratio
Culture/Tradition,-2.2041553829679152,0.04614394275685847,True,14,223.77171379899954
Ethnic/Racial Prejudice,-4.008554893673488,0.0017347918565347859,True,13,149.2585782913867
Ideology/Politics,-1.7065091689171032,0.09496294036843289,False,45,119.3302348691901
Other,-1.5716841268330404,0.17682742992989972,False,6,92.85824935512282
Personality/Behavior,-3.8623302486358013,0.00018465383315494665,True,118,376.0471982162105
Residential area,-1.9451924740198492,0.06308069547796875,False,26,125.7317519632383
Values,-1.1882929139199983,0.24469969510859316,False,29,84.45348032397939
