Category,t_statistic,p_value,statistically significant,count,delta_ratio
Culture/Tradition,-2.3208306424245952,0.03719174463481252,True,14,199.47427900799306
Ethnic/Racial Prejudice,-4.1271721121286555,0.001402571369506042,True,13,145.16039123255382
Ideology/Politics,-2.1285001177909675,0.03893236739930164,True,45,115.70172531984879
Other,-1.474244083761015,0.20042120643852832,False,6,100.32083366935767
Personality/Behavior,-4.276135807353261,3.902441094546181e-05,True,118,292.39964035662337
Residential area,-2.1384564289433343,0.04286328212684901,True,25,104.33701996169651
Values,-1.0863002157861,0.2866100403482168,False,29,81.26958043474657
