,t_statistic,p_value,statistically significant,count,delta_ratio
0,-4.586977770819718,1.3060399452189084e-05,True,101,227.29306261553077
1,-4.437394383782705,2.3074303201879226e-05,True,103,123.62549011795056
All,-6.301922021642279,1.7954940535063744e-09,True,204,174.95110199175252
