,t_statistic,p_value,statistically significant,count,delta_ratio
0,-4.388853110837145,2.8300028949800206e-05,True,101,282.9067045393816
1,-4.088101018709659,8.689708643831659e-05,True,103,150.9825621798663
All,-5.9392489202097485,1.2259251102403663e-08,True,204,216.29794638727338
