,t_statistic,p_value,statistically significant,count,delta_ratio
0,-4.067143463900145,9.446589668750013e-05,True,102,224.8205944227315
1,-3.7682790103705,0.000276753343336969,True,102,124.69161441177982
All,-5.473505090801305,1.2930823008327593e-07,True,204,174.75610441725564
