,t_statistic,p_value,statistically significant,count,delta_ratio
0,-4.824920782508411,5.029208686300865e-06,True,101,238.80062179407574
1,-4.4928391470405415,1.8742505642703683e-05,True,102,133.34907858290276
All,-6.528368751890595,5.265903074009852e-10,True,203,185.8151173234371
