Category,t_statistic,p_value,statistically significant,count,delta_ratio
Culture/Tradition,-2.0167710354668658,0.06486054492461936,False,14,229.92993578633326
Ethnic/Racial Prejudice,-3.4637301907056863,0.004196070864957093,True,14,147.9759113664078
Ideology/Politics,-1.8563570969898917,0.07010660376574673,False,45,97.65993583531409
Other,-1.664850303845411,0.15682463495703797,False,6,87.30852067925325
Personality/Behavior,-4.312708972616145,3.404525265878511e-05,True,117,209.8003432408051
Residential area,-1.6265539032166205,0.11637242207935125,False,26,141.65367652339074
Values,-2.835886898503989,0.00839503266393776,True,29,94.05963063086648
