,t_statistic,p_value,statistically significant,count,delta_ratio
0,-4.256458478709224,4.691090976122364e-05,True,101,283.66656031431324
1,-4.142620181439836,7.189930915679998e-05,True,101,149.27697337755248
All,-5.855548668582456,1.9134201434921265e-08,True,202,216.47176684593285
