Category,t_statistic,p_value,statistically significant,count,delta_ratio
Culture/Tradition,-2.062556684067384,0.05972771523198082,False,14,218.85779024125463
Ethnic/Racial Prejudice,-3.6059272186029823,0.003195432307648982,True,14,123.8683199626129
Ideology/Politics,-1.8469219920324271,0.07149019508750933,False,45,103.77432231915115
Other,-1.6601914101551627,0.1577693585080086,False,6,92.8441484194599
Personality/Behavior,-4.4409451483601945,2.0427179495103113e-05,True,118,297.65516097643257
Residential area,-1.6762996423945935,0.10614261123991704,False,26,112.93664113576969
Values,-1.79555123552577,0.08336673038705932,False,29,94.97044092816441
