,t_statistic,p_value,statistically significant,count,delta_ratio
0,-4.592401445792087,1.2664085216154414e-05,True,102,254.50894413208553
1,-3.1151679151927056,0.002387337148017593,True,103,137.43685140098444
All,-5.375720235238202,2.0760923306209145e-07,True,205,195.68735607694697
