,t_statistic,p_value,statistically significant,count,delta_ratio
0,-4.330736023375805,3.536969041211971e-05,True,101,227.4893220248676
1,-4.012249774822882,0.00011553284687628209,True,102,129.67807309930953
All,-5.856346404745398,1.893772839430803e-08,True,203,178.34278315586798
