,t_statistic,p_value,statistically significant,count,delta_ratio
0,-4.683606865173772,8.804931387539563e-06,True,102,175.60581828514012
1,-4.62508895735371,1.1122613623196483e-05,True,102,90.22009085791818
All,-6.385088933748775,1.1441100567540723e-09,True,204,132.91295457152913
