,t_statistic,p_value,statistically significant,count,delta_ratio
0,-4.412203955240273,2.5861861564220847e-05,True,101,232.44213702028384
1,-3.873598095962218,0.00018964494260005377,True,103,127.31336093345791
All,-5.877524168398377,1.68753158102089e-08,True,204,179.36241183919034
