Category,t_statistic,p_value,statistically significant,count,delta_ratio
Culture/Tradition,-2.0577011393470377,0.06025367151586157,False,14,228.40645722885
Ethnic/Racial Prejudice,-2.680685827544752,0.018876200223775567,True,14,138.94829630815
Ideology/Politics,-2.3872382385206974,0.021337965613241035,True,45,95.2291752819304
Other,-1.707409825394021,0.14845192885622024,False,6,90.77791699393804
Personality/Behavior,-4.456316131289902,1.9215258337127116e-05,True,118,223.04496130067798
Residential area,-1.4963621607569904,0.1470782481607061,False,26,118.87475124733928
Values,-2.5502518501866662,0.016521186839966766,True,29,82.3661199508862
