Category,t_statistic,p_value,statistically significant,count,delta_ratio
Culture/Tradition,-2.193088295552071,0.047091287980349825,True,14,209.53978303698375
Ethnic/Racial Prejudice,-4.198310036754199,0.001042838931683278,True,14,116.04069213780134
Ideology/Politics,-1.8719024024440793,0.06787657965534159,False,45,93.93333606897676
Other,-1.903038469623566,0.11541243971474982,False,6,86.41781959198394
Personality/Behavior,-4.801243045935842,4.70732421276403e-06,True,118,219.66305157206213
Residential area,-1.6391195746861127,0.11371369349287008,False,26,103.20060634069792
Values,-2.467999411679867,0.01996081515847426,True,29,94.42535229819651
