,t_statistic,p_value,statistically significant,count,delta_ratio
0,-4.576057541674257,1.3388162962169092e-05,True,103,177.9673949592199
1,-4.015257465189427,0.00011427056631458648,True,102,98.35668497061616
All,-6.003121955510187,8.728803673921858e-09,True,205,138.35621242830487
