,t_statistic,p_value,statistically significant,count,delta_ratio
0,-3.8149579817585386,0.0002359674164383218,True,101,356.49070551150487
1,-3.7038453477995823,0.0003465143192253652,True,102,173.99384946321263
All,-5.191004502042652,5.081286216999134e-07,True,203,264.79277784191964
