Category,t_statistic,p_value,statistically significant,count,delta_ratio
Culture/Tradition,-2.0322278299972463,0.06308387866443298,False,14,229.278106185988
Ethnic/Racial Prejudice,-3.1706036690919124,0.007373284094069316,True,14,141.21232231929588
Ideology/Politics,-2.3879034603462412,0.021203621543497,True,46,94.96212824917545
Other,-1.9204229535251216,0.11286744740177941,False,6,86.98661054454524
Personality/Behavior,-4.190195781889941,5.463823612001738e-05,True,117,214.37926168414756
Residential area,-1.370895138021754,0.18259043108304046,False,26,92.99061541391768
Values,-2.9603413905899076,0.0061949983237753305,True,29,102.87501086437241
