Category,t_statistic,p_value,statistically significant,count,delta_ratio
Culture/Tradition,-2.1594138595874246,0.05008735605515945,False,14,171.8143404891377
Ethnic/Racial Prejudice,-3.054968859530732,0.009211483427983834,True,14,124.49480685439262
Ideology/Politics,-2.1796450202119946,0.034439890396256015,True,47,85.90535453533597
Other,-1.8087302971097117,0.1302851418018977,False,6,68.25959225053838
Personality/Behavior,-4.290557246566662,3.710936440069461e-05,True,117,158.74628827489408
Residential area,-1.8333828587205818,0.07867964343181139,False,26,116.05387975335731
Values,-1.8652988555699017,0.07265063882301166,False,29,79.46799432111507
