Category,t_statistic,p_value,statistically significant,count,delta_ratio
Culture/Tradition,-2.8847809543487273,0.01277566518115947,True,14,146.88149026028393
Ethnic/Racial Prejudice,-4.5369462579515725,0.0005582849785520206,True,14,90.1427979088962
Ideology/Politics,-3.621919899839963,0.0007527530003520512,True,45,74.35813708307222
Other,-2.00187722801084,0.10169540571425185,False,6,111.8913178972111
Personality/Behavior,-6.151717963975955,1.1236466023973102e-08,True,117,149.68732744323674
Residential area,-4.279351395999438,0.00025956701148027126,True,25,97.3963445928035
Values,-2.4570370994579496,0.020466033504601047,True,29,61.77220589384096
