,t_statistic,p_value,statistically significant,count,delta_ratio
0,-6.488204464476165,3.359026997194721e-09,True,101,148.69328569659427
1,-6.545990404910873,2.5637446906024548e-09,True,101,94.55055812282161
All,-9.05314576258264,1.2209211397964186e-16,True,202,121.62192190970794
