Category,t_statistic,p_value,statistically significant,count,delta_ratio
Culture/Tradition,-2.1908888601043026,0.047281724073459305,True,14,240.6982493500954
Ethnic/Racial Prejudice,-3.8862872952940366,0.0018741749152296702,True,14,134.2863726874911
Ideology/Politics,-2.4448020644263724,0.018567174604553358,True,45,89.90371771353345
Other,-1.8046809659504925,0.13096600129501837,False,6,86.52724765248072
Personality/Behavior,-4.758028941814196,5.680054400664016e-06,True,117,235.7332523074924
Residential area,-1.7146202096385441,0.0987875229747826,False,26,137.92255594082133
Values,-2.718983285397304,0.011115487382164809,True,29,87.40905261054131
