,t_statistic,p_value,statistically significant,count,delta_ratio
0,-2.922280673840681,0.004032143837730221,True,146,349.564797241696
1,-1.7048901117656947,0.09338815514791127,False,61,143.36048016849983
All,-3.0867096869889976,0.0023021794536337943,True,207,288.79927385297634
