,t_statistic,p_value,statistically significant,count,delta_ratio
0,-3.5821893735096504,0.0004643425022030008,True,146,294.32967007711903
1,-1.9185521621791268,0.05988346929823077,False,60,149.77735803360608
All,-3.89867409241514,0.00013101983062433305,True,206,252.22705491881428
