,t_statistic,p_value,statistically significant,count,delta_ratio
0,-4.777587205477287,4.37535082730971e-06,True,143,238.72177122441371
1,-2.874547283594522,0.00561845147976662,True,60,139.26221070779462
All,-5.480543554104707,1.2551803835181644e-07,True,203,209.32485678600412
