Category,t_statistic,p_value,statistically significant,count,delta_ratio
Ideology/Politics,-5.656051729551128,1.1660791759411098e-07,True,115,91.84698451046745
Institutions,-2.7389636294415607,0.013987745476839886,True,18,110.6737562571479
Occupation/Social Status,-3.3199372998047547,0.0013334375955107813,True,85,231.89965678780518
Other,-0.8755997984350565,0.4040103119180689,False,10,76.249107614601
Personality/Behavior,-1.966248518309366,0.05799521056040216,False,33,177.95214666154604
Residential Area,-2.6058979757017893,0.01364297745096355,True,34,207.13932031234214
