,t_statistic,p_value,statistically significant,count,delta_ratio
0,-3.3975781414687503,0.0008748941371336992,True,148,256.7100652824427
1,-1.3700229274302542,0.17578476239017465,False,61,130.04042854703243
All,-3.56596128534011,0.0004498039367020131,True,209,219.7395014505765
