,t_statistic,p_value,statistically significant,count,delta_ratio
0,-3.658140357093391,0.0003540480164786881,True,147,341.8046323505916
1,-1.9997113468651608,0.05014247121187657,False,60,155.5776000539584
All,-3.983935883177805,9.401896076160637e-05,True,207,287.8257824095385
