,t_statistic,p_value,statistically significant,count,delta_ratio
0,-3.454716809964978,0.0007213822253017476,True,147,252.73252730612788
1,-1.8749736194389175,0.06574841683607284,False,60,131.54216758928078
All,-3.7463239090033262,0.0002329400715701447,True,207,217.60488680849107
