,t_statistic,p_value,statistically significant,count,delta_ratio
0,-3.0270417256590254,0.002916933915193614,True,148,294.6493241620522
1,-1.5835147533818648,0.11856145910244287,False,61,134.46568545347125
All,-3.19832448617681,0.0015981994206566,True,209,247.89716166816015
