,t_statistic,p_value,statistically significant,count,delta_ratio
0,-4.3372347182680695,2.6977534015421028e-05,True,145,185.71632365633204
1,-3.9175899081322507,0.00023494706920641498,True,60,119.68707181268246
All,-4.996717795165182,1.2514280452779638e-06,True,205,166.39068897038584
