Category,t_statistic,p_value,statistically significant,count,delta_ratio
Ideology/Politics,-2.782956328762629,0.00629848620881877,True,116,117.08813310221184
Institutions,-1.912396556717647,0.07282660230105639,False,18,144.2421050808227
Occupation/Social Status,-2.779055710475155,0.006679188859666734,True,88,361.00264367164255
Other,-1.0264381025473668,0.3314806887401136,False,10,88.90747446191905
Personality/Behavior,-1.559241681025157,0.12877558362577274,False,33,220.78799529884412
Residential Area,-2.112870856919983,0.04276446071596576,True,32,403.6938548874791
