,t_statistic,p_value,statistically significant,count,delta_ratio
0,-3.329855615348381,0.0010985711148347353,True,148,253.93814495528613
1,-1.5928290605807771,0.11645364209101389,False,61,133.7389100085022
All,-3.57153482455655,0.00044088249241822905,True,209,218.85607159761236
