,t_statistic,p_value,statistically significant,count,delta_ratio
0,-2.7242712927859887,0.007237135720698149,True,146,325.3770156518983
1,-1.469992200516345,0.1467884906265988,False,61,146.66869046818428
All,-2.895337799027005,0.004195857176598759,True,207,272.71417586346087
