,t_statistic,p_value,statistically significant,count,delta_ratio
0,-3.0660806773433986,0.0025847606676954026,True,147,296.9371762957938
1,-1.5088894213351358,0.1365752411327789,False,61,149.20226991144528
All,-3.2902350443759185,0.0011766105136958242,True,208,253.6110739426916
