,t_statistic,p_value,statistically significant,count,delta_ratio
0,-2.7785977322446804,0.006187767528116782,True,145,265.5779182815611
1,-1.4803011540965765,0.14402502844664863,False,61,143.94300823558535
All,-2.989275688685176,0.0031383001141653253,True,206,229.55981385047122
