,t_statistic,p_value,statistically significant,count,delta_ratio
0,-6.427237082747104,7.723367635055024e-10,True,225,75.85369613559709
1,-3.4995169655722336,0.0010166986814892588,True,49,50.72135291658767
All,-7.109352456062486,1.0208196765449998e-11,True,274,71.35922599789103
