,t_statistic,p_value,statistically significant,count,delta_ratio
0,-7.067504885318599,1.9784656127786753e-11,True,225,73.59934798045997
1,-4.138707998629275,0.0001401497969973049,True,49,48.611954625033135
All,-7.864676557262469,8.651159315549011e-14,True,274,69.13079953368656
