,t_statistic,p_value,statistically significant,count,delta_ratio
0,-7.001385583886215,2.917221498327244e-11,True,225,71.3646346909648
1,-3.3376954530501783,0.001638399907896081,True,49,47.75084237644769
All,-7.692686349405997,2.631748457365638e-13,True,274,67.1417302259599
