Category,t_statistic,p_value,statistically significant,count,delta_ratio
Appearance/Impression,-2.9562686116100685,0.006705449656573142,True,26,50.904395019236624
Athletic Ability,-3.68868895664773,0.0077700326592647015,True,8,38.112215422606894
Culture/Tradition,-6.8530298870658175,8.387558403093101e-10,True,92,53.418115563515414
Drinking,-4.3173964901922455,8.567688824741484e-05,True,46,55.41592118076012
Ideology/Politics,-2.643821921897654,0.013953304758579275,True,26,72.30630125316574
Institutions,-4.911224461390591,4.0232578793540855e-06,True,91,75.76883984768222
Personality/Behavior,-3.0027457388471106,0.004711966084679279,True,39,87.48443193246584
Residential area,-2.468717602987623,0.031192376057310286,True,12,58.64584619216407
