,t_statistic,p_value,statistically significant,count,delta_ratio
0,-6.48231198800755,5.602035241746126e-10,True,227,68.33349847953846
1,-3.1640634009914606,0.002699443494723533,True,49,42.870434030730785
All,-7.057744174116271,1.3792596285785996e-11,True,276,63.812881965076244
