,t_statistic,p_value,statistically significant,count,delta_ratio
0,-5.738441128158781,3.05271456027595e-08,True,227,79.861169032475
1,-3.2286850322565233,0.00224520241018923,True,49,51.17164121861546
All,-6.30952026008484,1.1149148864104544e-09,True,276,74.7677383698695
