Category,t_statistic,p_value,statistically significant,count,delta_ratio
Appearance/Impression,-3.3135456536731542,0.002809512530669982,True,26,49.700486274187895
Athletic Ability,-3.4692340495470373,0.010416666423588359,True,8,38.761010408610936
Culture/Tradition,-9.088276009396578,2.06419746798947e-14,True,92,52.67433722053961
Drinking,-4.677881251009801,2.6664533301867383e-05,True,46,51.57389086035173
Ideology/Politics,-3.009725485268881,0.005898650255372136,True,26,75.2280374749702
Institutions,-5.206974880358444,1.2039209723024362e-06,True,91,73.66013276703683
Personality/Behavior,-3.2290163349476173,0.00256228094579197,True,39,83.67623583507029
Residential area,-2.6166221247675665,0.02397265636335971,True,12,57.16956678976685
