Category,t_statistic,p_value,statistically significant,count,delta_ratio
Appearance/Impression,-4.416024743561032,0.00016929522776023263,True,26,38.91866678914961
Athletic Ability,-3.3002837350903724,0.013115595126459574,True,8,25.322364864215803
Culture/Tradition,-9.442042213670053,3.750783213894821e-15,True,92,42.96003634122027
Drinking,-6.291574451358529,1.1512112397197778e-07,True,46,42.37889171475471
Ideology/Politics,-3.611161648296959,0.0012775560097909196,True,27,54.57500627110782
Institutions,-6.817387170022178,1.0702832304653373e-09,True,90,59.073318215218904
Personality/Behavior,-3.9076854361201345,0.00037099492982730736,True,39,53.146814762198325
Residential area,-2.965923508359586,0.01283858530312789,True,12,65.88570792005811
