Category,t_statistic,p_value,statistically significant,count,delta_ratio
Appearance/Impression,-3.034654471733899,0.005554929270072819,True,26,45.43338374224409
Athletic Ability,-3.829597403910249,0.006461180690700726,True,8,28.248559682049518
Culture/Tradition,-6.867875676494305,7.832455128051886e-10,True,92,44.41187694083741
Drinking,-4.205278253559406,0.0001224220090058931,True,46,47.46910988731117
Ideology/Politics,-2.6194520710356985,0.0145044499285161,True,27,63.70992651642005
Institutions,-5.046305845710925,2.328775499109168e-06,True,91,66.32212529091021
Personality/Behavior,-2.9898824552495555,0.0048750110180316355,True,39,74.89592238495074
Residential area,-2.376811216989841,0.03670740871586807,True,12,59.83930329237436
