,t_statistic,p_value,statistically significant,count,delta_ratio
0,-6.621654271980596,2.5975944990077206e-10,True,225,75.49796483346341
1,-3.4218701632673993,0.0012800349333354703,True,49,49.93986090519399
All,-7.310101556270012,2.9593164378258554e-12,True,274,70.92735500687509
