Category,t_statistic,p_value,statistically significant,count,delta_ratio
Appearance/Impression,-2.800126632082427,0.009706867617098523,True,26,53.399828064384145
Athletic Ability,-3.677308145427485,0.007887679637146322,True,8,38.601628051238436
Culture/Tradition,-7.381688919626965,7.154327382860866e-11,True,92,55.85012009755328
Drinking,-4.3576037707878665,7.532678804596197e-05,True,46,55.18424193286645
Ideology/Politics,-2.6423818092337776,0.013999514984772882,True,26,75.73732275108566
Institutions,-4.9166191263328285,3.936926262440307e-06,True,91,79.8831883602249
Personality/Behavior,-2.873607181548726,0.006609027909466069,True,39,96.61128906586805
Residential area,-2.311544348783015,0.04118657112253123,True,12,53.33886113099161
