Category,t_statistic,p_value,statistically significant,count,delta_ratio
Appearance/Impression,-3.026842950173592,0.005660519712204499,True,26,48.91549668459423
Athletic Ability,-3.7124681666233403,0.00753031973089006,True,8,36.168650111689374
Culture/Tradition,-7.266823232378523,1.2259975961283957e-10,True,92,53.44119863370182
Drinking,-4.2706815748930955,9.945158798091884e-05,True,46,53.66123049585747
Ideology/Politics,-2.883022658244403,0.007983009126843124,True,26,72.11925802631211
Institutions,-4.578207279747341,1.4815877710717892e-05,True,92,79.1811417731293
Personality/Behavior,-3.088334849200803,0.003751061718244083,True,39,87.68824162552085
Residential area,-2.3693470282411973,0.037194752478173596,True,12,54.197478084217174
