,t_statistic,p_value,statistically significant,count,delta_ratio
0,0.1423979271036078,0.8868471698999725,False,353,14.603978285985963
1,-1.463272093251015,0.14465409747781402,False,250,8.485055829647067
All,-0.811400016930805,0.41745667775579076,False,603,12.067111595961544
