,t_statistic,p_value,statistically significant,count,delta_ratio
0,-0.8546285856448655,0.39333807335742266,False,353,20.65586735442269
1,-2.340066556558857,0.02007084585007842,True,250,13.692973103500886
All,-2.3558560303307092,0.01879975741404262,True,603,17.769095276926087
