,t_statistic,p_value,statistically significant,count,delta_ratio
0,-0.5098871311756972,0.610450080701537,False,353,14.541087434700634
1,-1.3937480964879505,0.1646413359950256,False,249,9.383068195553793
All,-1.3062693487219503,0.19196067103939113,False,602,12.407621005219632
