,t_statistic,p_value,statistically significant,count,delta_ratio
0,-0.21543933836786094,0.8295495773242791,False,353,17.525462780621414
1,-1.855906702870721,0.06464831425473962,False,250,10.393863436171166
All,-1.4435649940536746,0.14938154857121647,False,603,14.568746634497762
