,t_statistic,p_value,statistically significant,count,delta_ratio
0,-0.24352225814093328,0.8077427035690776,False,353,15.45972859234297
1,-1.8153701543109402,0.07066996675918355,False,250,9.47223846252259
All,-1.5452194315147623,0.12281869408547266,False,603,12.97735291662971
