,t_statistic,p_value,statistically significant,count,delta_ratio
0,-0.12017015728942902,0.9044169171240549,False,353,18.624403549759815
1,-1.8403075940099436,0.06691311607478195,False,250,10.890605381897258
All,-1.4910232113782182,0.13647918287614927,False,603,15.418019566400545
