,t_statistic,p_value,statistically significant,count,delta_ratio
0,-3.3805746102360175,0.0008045252357170206,True,353,15.221965098386164
1,-3.231550940052938,0.001397944047909372,True,249,8.854636903053512
All,-4.59926802026236,5.172640783535678e-06,True,602,12.58830277174525
