,t_statistic,p_value,statistically significant,count,delta_ratio
0,-0.08166538110472096,0.9349592232643898,False,353,16.58500610647779
1,-2.5502943153369846,0.011362931234663603,True,250,10.058939218134439
All,-1.3160621510209267,0.18865408500768427,False,603,13.879339900696962
