,t_statistic,p_value,statistically significant,count,delta_ratio
0,-0.4381987563191958,0.661511000427536,False,353,17.110571623040606
1,-2.0379028708349956,0.04261666852366794,True,250,10.867928154189487
All,-1.8757565260949536,0.06117242527877804,False,603,14.522410980896694
