,t_statistic,p_value,statistically significant,count,delta_ratio
0,-0.21579594131503946,0.8292718023325377,False,353,14.114818407425666
1,-1.7043173902281603,0.08956423317729105,False,251,7.989595034564701
All,-1.136086701717809,0.2563715937038443,False,604,11.569402734266554
