,t_statistic,p_value,statistically significant,count,delta_ratio
0,0.2825715738971425,0.7776713562927567,False,353,17.374446516073682
1,-1.7992050454497144,0.07319214666194189,False,251,10.190645473609756
All,-1.373493921656621,0.17010927789198135,False,604,14.38912522193718
