,t_statistic,p_value,statistically significant,count,delta_ratio
0,0.13204659183699416,0.8950228841490324,False,353,14.814587504077782
1,-2.091692771237035,0.03747932394246587,True,250,9.890619041638748
All,-1.254488515761614,0.21015134003919372,False,603,12.773141209534234
