,t_statistic,p_value,statistically significant,count,delta_ratio
0,-2.8459782933576685,0.005372188082404737,True,101,52.83602354056062
1,-2.3503867717408804,0.02062231664510485,True,106,52.17925293638458
All,-3.6431574393551056,0.0003408285112087474,True,207,52.49970622634487
