Category,t_statistic,p_value,statistically significant,count,delta_ratio
Culture/Tradition,-2.694301006741484,0.0183927273401639,True,14,78.47801630377853
Ethnic/Racial Prejudice,-2.8718895213060414,0.013095571227731315,True,14,58.72796514358581
Ideology/Politics,-4.501031179913208,4.5883021934199744e-05,True,47,37.37279023450831
Other,-2.5130773612120505,0.05362601452594075,False,6,22.549479746369
Personality/Behavior,-6.3070765408581835,5.34644458617114e-09,True,117,35.098801385928155
Residential area,-1.5410849376933549,0.13538020479341994,False,27,37.71378500362409
Values,-1.644382789305417,0.11127991808292305,False,29,38.53637638777851
