,t_statistic,p_value,statistically significant,count,delta_ratio
0,-3.0296069618620205,0.0031165667264291077,True,101,60.01577329905139
1,-5.839830279926719,6.017775126059824e-08,True,105,45.40268683148336
All,-4.573470272301324,8.294009852718643e-06,True,206,52.567355439368654
