Category,t_statistic,p_value,statistically significant,count,delta_ratio
Culture/Tradition,-2.093849561392392,0.0564388874757181,False,14,66.2067016519022
Ethnic/Racial Prejudice,-3.4801819124886486,0.004065684563765595,True,14,57.55267873397967
Ideology/Politics,-4.401342774320909,6.344053947233157e-05,True,47,34.482383929663406
Other,-3.169485975637823,0.0248292461143546,True,6,15.770657477352747
Personality/Behavior,-6.537815358887086,1.7477670898227277e-09,True,117,24.2304998792953
Residential area,-1.6050820013957317,0.12055516300829369,False,27,34.18607387284104
Values,-1.5073926142593652,0.14291087555153856,False,29,31.8837825981363
