Category,t_statistic,p_value,statistically significant,count,delta_ratio
Culture/Tradition,-2.1145629479130594,0.05435539285189306,False,14,77.1607426023519
Ethnic/Racial Prejudice,-3.0053047963220623,0.010134974555854721,True,14,63.392910312711535
Ideology/Politics,-4.405452323523712,6.260169050303167e-05,True,47,35.586881653656235
Other,-2.771913173020015,0.03927622509591374,True,6,19.088026177173553
Personality/Behavior,-6.294789759654595,5.6716247425138084e-09,True,117,33.00006226325834
Residential area,-1.5546416276389883,0.13212096376156365,False,27,39.37034886893297
Values,-1.499641196658822,0.14489935287221423,False,29,41.030299357989264
