,t_statistic,p_value,statistically significant,count,delta_ratio
0,-2.918618805369713,0.004343314126666505,True,101,40.70043636670725
1,-4.654187879217298,9.627297409019886e-06,True,105,28.86068230971695
All,-4.229308417813292,3.531653476629435e-05,True,206,34.66561026969762
