Category,t_statistic,p_value,statistically significant,count,delta_ratio
Culture/Tradition,-2.5087745798244216,0.026152317275202654,True,14,83.11407820864105
Ethnic/Racial Prejudice,-2.6190451485032606,0.021224584083341522,True,14,62.29238945770964
Ideology/Politics,-1.4818815954602162,0.145045875066193,False,48,65.95450004309728
Other,-2.3313173438093484,0.06710115065931012,False,6,20.840185587336098
Personality/Behavior,-6.210213694888315,8.503670548802973e-09,True,117,38.007445785683345
Residential area,-1.5281421076642314,0.13855291496252958,False,27,34.0220788748389
Values,-1.6206751605728782,0.11629646747729787,False,29,49.56428319455124
