Category,t_statistic,p_value,statistically significant,count,delta_ratio
Culture/Tradition,-2.407836458031033,0.03161766071213952,True,14,74.9776985083047
Ethnic/Racial Prejudice,-3.1687267330278015,0.00739997591106793,True,14,55.08287850825818
Ideology/Politics,-4.197672498510043,0.00012205769439242611,True,47,34.38208106042889
Other,-2.6762642786142323,0.044016702464301005,True,6,17.079850183859797
Personality/Behavior,-6.31721830397935,5.091931237326396e-09,True,117,31.0361625706664
Residential area,-1.565178785180238,0.12963233866452198,False,27,32.426960946725806
Values,-1.6419356933948919,0.1117892549547866,False,29,35.79635755501226
