,t_statistic,p_value,statistically significant,count,delta_ratio
0,-3.117435673485493,0.002382382736839075,True,101,45.02367924591571
1,-5.222115035443491,9.124738390465602e-07,True,105,32.869206749307594
All,-4.659998390271158,5.686764848617587e-06,True,206,38.82843841026594
