,t_statistic,p_value,statistically significant,count,delta_ratio
0,-2.808790637123474,0.005981312610220353,True,101,58.74514121543412
1,-5.5342943617749665,2.3526086797207433e-07,True,105,43.185198746075294
All,-4.242387559637134,3.347645974425523e-05,True,206,50.814102578139575
