Category,t_statistic,p_value,statistically significant,count,delta_ratio
Culture/Tradition,-2.8815646776221064,0.01285474883195371,True,14,91.29883461825763
Ethnic/Racial Prejudice,-2.880872992620022,0.012871819405316287,True,14,67.09368853699809
Ideology/Politics,-4.248859494026906,0.00010365199745636665,True,47,40.24524820017661
Other,-2.1812542693377943,0.08098477211019602,False,6,28.434281167032665
Personality/Behavior,-6.136280876270938,1.2091492755223169e-08,True,117,45.49958178251112
Residential area,-1.5538637982820103,0.13230621092570136,False,27,41.26386514610413
Values,-1.6375674429012523,0.1127032780937843,False,29,54.64066447123762
