Category,t_statistic,p_value,statistically significant,count,delta_ratio
Culture/Tradition,-2.9146289016037814,0.01206429378305828,True,14,94.81001883008211
Ethnic/Racial Prejudice,-3.068911468211948,0.008967617970272027,True,14,53.364995356243924
Ideology/Politics,-1.751142645670346,0.08644567548767118,False,48,83.76395970385117
Other,-2.605462031751443,0.04793188715305947,True,6,43.08065711138704
Personality/Behavior,-6.487287743774785,2.2359271750521253e-09,True,117,61.8579679331143
Residential area,-1.6284482387742092,0.11548860220665108,False,27,58.687098089745135
Values,-1.4697822347956395,0.1527686757879158,False,29,181.30593640546007
