,t_statistic,p_value,statistically significant,count,delta_ratio
0,-2.346537929208519,0.02090096841039147,True,102,120.90399266370638
1,-3.0924293646552496,0.00254323728237555,True,106,75.74513192338162
All,-3.097085798008874,0.0022252297219085026,True,208,97.89034247873319
