Category,t_statistic,p_value,statistically significant,count,delta_ratio
Culture/Tradition,-3.045890268821026,0.009373810748192924,True,14,112.9212003637876
Ethnic/Racial Prejudice,-2.8714634528074168,0.013106278130162944,True,14,65.19998889578876
Ideology/Politics,-1.629948092337379,0.1097971404341544,False,48,95.41546865453766
Other,-2.364616013299187,0.06438118234504481,False,6,54.57446205834472
Personality/Behavior,-1.484369657241227,0.14040003027083525,False,118,113.10704707114077
Residential area,-1.6489272698191708,0.11119496167829962,False,27,65.44042934864895
Values,-1.4547098596270713,0.15686927923117017,False,29,199.0411737657272
