,t_statistic,p_value,statistically significant,count,delta_ratio
0,-3.796160663314389,0.00025469305881171934,True,99,69.63971760951283
1,-4.901008867726577,3.4839773962467087e-06,True,106,60.43307206748012
All,-6.014862513955141,8.208118035898081e-09,True,205,64.87920820729104
