,t_statistic,p_value,statistically significant,count,delta_ratio
0,-3.1999290868994565,0.0018373387147004084,True,102,167.2573746708211
1,-5.253428183880294,7.870712285976035e-07,True,106,98.02287664935749
All,-4.60393781728901,7.2293936671850316e-06,True,208,131.97440933295985
