,t_statistic,p_value,statistically significant,count,delta_ratio
0,-2.074612633537576,0.04056498730707576,True,102,159.34322652246573
1,-2.8495260501669657,0.005270456030080436,True,106,89.11886679004253
All,-2.660417371834622,0.008415900118254764,True,208,123.55581242805775
