Category,t_statistic,p_value,statistically significant,count,delta_ratio
Culture/Tradition,-2.9871839251860637,0.010494355150687053,True,14,113.08505101082613
Ethnic/Racial Prejudice,-3.063932887716764,0.009053949858526067,True,14,64.3566600819921
Ideology/Politics,-1.6796955415422838,0.09965301841190305,False,48,99.24664848104263
Other,-2.542123273778995,0.05175981860638216,False,6,51.22998133901794
Personality/Behavior,-6.3118007847235065,5.226364376559774e-09,True,117,77.13925528513744
Residential area,-1.5642826299634516,0.12984247995247641,False,27,74.61013300220128
Values,-1.5427730640242963,0.1341134843376084,False,29,199.52532388531282
