,t_statistic,p_value,statistically significant,count,delta_ratio
0,-2.1592110454749425,0.03320134374771894,True,102,139.34809574233572
1,-2.9227134405068735,0.004250014243897566,True,106,80.84570332957495
All,-2.737690624334397,0.006725915996120828,True,208,109.53437653198648
