,t_statistic,p_value,statistically significant,count,delta_ratio
0,-2.121539234114235,0.03632340421336069,True,102,121.98934175334276
1,-2.8628212602082916,0.005069828359828879,True,106,74.00744762275572
All,-2.7072814800231577,0.007350436674524154,True,208,97.53703032140899
