,t_statistic,p_value,statistically significant,count,delta_ratio
0,-2.911547441758188,0.004434857026022675,True,101,64.66596996025685
1,-4.435861323830532,2.2668040585137614e-05,True,106,60.24789123189513
All,-4.66710235003153,5.497228409408893e-06,True,207,62.403572157327645
