,t_statistic,p_value,statistically significant,count,delta_ratio
0,-2.9040442679335365,0.004533927977882068,True,101,70.91782096229258
1,-4.436748673892187,2.258957920501212e-05,True,106,67.38606083764256
All,-4.700554741091243,4.743234611018157e-06,True,207,69.1092867921819
