,t_statistic,p_value,statistically significant,count,delta_ratio
0,-2.908675553705034,0.004472539461156749,True,101,70.43274705925975
1,-4.625320657142904,1.0711304565936911e-05,True,106,66.38764846799758
All,-4.65780563541153,5.726504129792178e-06,True,207,68.36134391590811
