Category,t_statistic,p_value,statistically significant,count,delta_ratio
Culture/Tradition,-1.4929619153884042,0.15931508613050374,False,14,159.24061150457212
Ethnic/Racial Prejudice,-1.4743686097250843,0.16418371257174602,False,14,102.07634679983335
Ideology/Politics,-1.30787753983171,0.1974134433036806,False,47,25.823515577831785
Other,-3.036016717011374,0.028881973094928664,True,6,116.53447667195837
Personality/Behavior,-1.053658540999789,0.2942290549120674,False,117,95.65282450693651
Residential area,-2.7378790019733774,0.011009409483808501,True,27,129.75266304573304
Values,2.3458572655367353,0.02629475961806163,True,29,-12.080778190419261
