,t_statistic,p_value,statistically significant,count,delta_ratio
0,0.12489018805642024,0.9008562955659627,False,103,65.64391494972219
1,-1.5880339323684247,0.1153738010661613,False,103,41.514703352476154
All,-1.1485791813213777,0.25206797758642385,False,206,53.57930915109917
