,t_statistic,p_value,statistically significant,count,delta_ratio
0,-1.0045579504237,0.31751041340793934,False,102,83.28112363417239
1,-2.1301644034044473,0.035539487657555546,True,104,56.65079884863447
All,-2.337587928094802,0.020372944859403313,True,206,69.83668782011443
