,t_statistic,p_value,statistically significant,count,delta_ratio
0,-1.0008889473209883,0.3192490380732386,False,103,94.35548199862748
1,-2.271079920991315,0.025222469469109117,True,104,64.69530158511378
All,-2.4620939092684084,0.01463421520599111,True,207,79.45374884401191
