,t_statistic,p_value,statistically significant,count,delta_ratio
0,-1.424818506117019,0.15729242670703128,False,102,82.60073525490355
1,-2.0505994312741223,0.04287021075283579,True,103,55.79003756215203
All,-2.464327969951833,0.014554079346290827,True,205,69.1299944629357
