,t_statistic,p_value,statistically significant,count,delta_ratio
0,-2.492282100530096,0.014319375505952093,True,102,109.65954992484426
1,-2.567488428061088,0.011694097566169695,True,103,74.59355265159489
All,-3.3210609893063583,0.0010624536193336402,True,205,92.04102446560188
