Category,t_statistic,p_value,statistically significant,count,delta_ratio
Culture/Tradition,-1.7622962951682986,0.10149913266455678,False,14,149.26697820324628
Ethnic/Racial Prejudice,-1.8649863536688454,0.08491174742500851,False,14,95.48357937811654
Ideology/Politics,-0.9632183113415964,0.3404744241965795,False,47,24.642883595800534
Other,-3.182696695154923,0.024464198848670536,True,6,116.17960540256786
Personality/Behavior,-0.26508567243032083,0.7914139479137069,False,117,71.21302943293858
Residential area,-2.231761098427328,0.03446441263035157,True,27,145.76879862098232
Values,1.5201038897647923,0.13969788039956724,False,29,-5.821291189588238
