Category,t_statistic,p_value,statistically significant,count,delta_ratio
Culture/Tradition,-1.4743210649733005,0.16419632107350549,False,14,135.01728784136395
Ethnic/Racial Prejudice,-1.55407906864698,0.14416488537848918,False,14,97.64012868400256
Ideology/Politics,-0.9537949494765577,0.3451728988701245,False,47,22.6312097388108
Other,-2.8755280457311674,0.0347692351174453,True,6,118.9843500687717
Personality/Behavior,-0.9460795855139761,0.3460916349150608,False,116,79.67877224769694
Residential area,-2.492678332885585,0.019375668270893057,True,27,117.64470390147615
Values,2.1628950194166046,0.03923935867668949,True,29,-11.634852087090941
