,t_statistic,p_value,statistically significant,count,delta_ratio
0,-0.8350363648069543,0.40566813414999203,False,102,93.02788356577922
1,-1.9168924867979602,0.058022712524927474,False,104,59.843990233484824
All,-2.0659283588137183,0.04009253302899282,True,206,76.27485003879565
