,t_statistic,p_value,statistically significant,count,delta_ratio
0,-3.4972858321141964,0.0007027655009712771,True,101,55.270248598916325
1,-5.601816547316655,1.7165508370681654e-07,True,106,49.882981353567395
All,-5.720921039586007,3.696487720764175e-08,True,207,52.51155136216761
