Category,t_statistic,p_value,statistically significant,count,delta_ratio
Culture/Tradition,-1.693880857966103,0.11409614753236677,False,14,193.17302701382422
Ethnic/Racial Prejudice,-1.8473201977870286,0.08757897290653785,False,14,118.3802294661785
Ideology/Politics,-1.1984742675825317,0.2368705966996141,False,47,27.07289740343969
Other,-2.71698329635537,0.041925464949573825,True,6,152.14639935504408
Personality/Behavior,-2.52961663655939,0.01277230616083551,True,116,107.07089090745652
Residential area,-2.726702542030186,0.011301939941308526,True,27,150.523535139373
Values,2.4122964700616456,0.02265214623858748,True,29,-10.260593788758586
