,t_statistic,p_value,statistically significant,count,delta_ratio
0,-2.6489484148534497,0.009385008178881658,True,101,73.57181176981167
1,-4.244798072938538,4.735405574708766e-05,True,106,67.4741621206851
All,-4.212775210693696,3.7711125079706905e-05,True,207,70.44934383354395
