,t_statistic,p_value,statistically significant,count,delta_ratio
0,-4.163138003261113,6.61619988844276e-05,True,102,67.25625389985527
1,-5.8095005669147195,6.770381699729143e-08,True,106,54.27180495984714
All,-6.517199951711774,5.359368412994661e-10,True,208,60.63917895927421
