Category,t_statistic,p_value,statistically significant,count,delta_ratio
Culture/Tradition,-1.599148973008525,0.1337986651279499,False,14,139.4845753899539
Ethnic/Racial Prejudice,-1.832557540238967,0.0898655060466205,False,14,100.64123488825454
Ideology/Politics,-0.7419389759346983,0.461895928211261,False,47,22.79522206384709
Other,-2.8845242498654553,0.03440589377162654,True,6,151.57662855344424
Personality/Behavior,0.5945216884718303,0.5533111838029237,False,118,70.52540071591584
Residential area,-2.308022450404168,0.029211272355230248,True,27,136.47489601273668
Values,2.105147582375787,0.04437736301419615,True,29,-7.144839875197611
