,t_statistic,p_value,statistically significant,count,delta_ratio
0,-0.08654055797839083,0.9312063734724045,False,103,80.73104169535038
1,-1.9296393657376147,0.05640274907282726,False,104,54.6905065103091
All,-1.5567972514133368,0.12105359498029869,False,207,67.64787425938763
