Category,t_statistic,p_value,statistically significant,count,delta_ratio
Culture/Tradition,-1.500147696045123,0.15746647819989926,False,14,190.90054881975973
Ethnic/Racial Prejudice,-2.031818014108529,0.06492022813765537,False,13,123.1476815126773
Ideology/Politics,-1.0950836637929722,0.27918075697090244,False,47,27.676744887293513
Other,-3.216335506383137,0.02356167300201248,True,6,123.90365743586334
Personality/Behavior,-2.270044073889315,0.025035653902416657,True,118,113.45541102651828
Residential area,-2.5919722414506454,0.015451807290205418,True,27,132.63985935725643
Values,1.0086247811647702,0.32179193303014764,False,29,3.3624730515317953
