Category,t_statistic,p_value,statistically significant,count,delta_ratio
Culture/Tradition,-1.754363100675691,0.10289367642893199,False,14,173.42306765682187
Ethnic/Racial Prejudice,-1.9502902560126427,0.0730393154380974,False,14,104.91145905553591
Ideology/Politics,-1.0084956807218144,0.31849219911930354,False,47,24.093301532962386
Other,-3.1791758002703885,0.024560895995715662,True,6,141.2086551310577
Personality/Behavior,-0.15303510007496138,0.8786342144714244,False,118,84.93758213335502
Residential area,-2.3604620936573752,0.026033644631706834,True,27,156.48506119506703
Values,1.8378165006944003,0.0767224968332672,False,29,-6.170855966837423
