,t_statistic,p_value,statistically significant,count,delta_ratio
0,-0.43048371586683976,0.6677520548762956,False,103,83.81396525372956
1,-2.2600995274301234,0.025940357334117037,True,103,54.849196642840525
All,-2.075285396741493,0.03920810737017153,True,206,69.33158094828504
