,t_statistic,p_value,statistically significant,count,delta_ratio
0,-6.574147860407586,2.1804626487411334e-09,True,102,115.00371787127817
1,-4.8106116591772485,5.330334024726951e-06,True,101,91.36895541337088
All,-7.309824604021229,6.111796868227066e-12,True,203,103.24455034295977
