Category,t_statistic,p_value,statistically significant,count,delta_ratio
Culture/Tradition,-1.5858024807496567,0.13679921840908096,False,14,153.49666916798657
Ethnic/Racial Prejudice,-1.794954868291531,0.09593390176376108,False,14,100.28484282950161
Ideology/Politics,-1.13421253707123,0.26258165147140106,False,47,25.653147301937345
Other,-3.0730069955365225,0.02768891210334981,True,6,124.44967528729494
Personality/Behavior,-0.07146404311396753,0.9431515068162295,False,117,84.89295028667881
Residential area,-2.32611114100083,0.028077277042952268,True,27,132.56530519848582
Values,1.4441926090475203,0.1597823755431963,False,29,-2.9611521545335315
