,t_statistic,p_value,statistically significant,count,delta_ratio
0,-1.7779979762287932,0.07841359519195854,False,102,98.22149891172066
1,-1.936665207455648,0.05552630072636155,False,104,63.055320466813846
All,-2.515621662365137,0.012649399388367186,True,206,80.46770008516576
