,t_statistic,p_value,statistically significant,count,delta_ratio
0,-2.385625495854085,0.018895654840502197,True,103,111.71080402897245
1,-2.4384333923522203,0.01647946319279633,True,103,76.74807317820223
All,-3.1739200255933286,0.001735452282696764,True,206,94.22943860358734
