Category,t_statistic,p_value,statistically significant,count,delta_ratio
Culture/Tradition,-1.4932568805563726,0.15923884384153963,False,14,109.0723863226914
Ethnic/Racial Prejudice,-1.5560014012640273,0.14370905567229833,False,14,90.08477773154175
Ideology/Politics,-0.8000220305410985,0.4278103665918216,False,47,21.57039921207643
Other,-2.394989623942466,0.06200376079982813,False,6,130.66665723026787
Personality/Behavior,0.8333529223646118,0.4063583556599133,False,117,56.89035646369886
Residential area,-2.5229999075055964,0.01808908444434314,True,27,105.15615931093582
Values,2.6214933045470903,0.013994220552059638,True,29,-12.809823977538946
