,t_statistic,p_value,statistically significant,count,delta_ratio
0,-0.5310306036900367,0.5965520017424155,False,103,88.66268736793728
1,-1.7697029192723266,0.07973595933997156,False,104,56.09148093919052
All,-1.7757311169272345,0.0772535456392145,False,207,72.29840974190027
