,t_statistic,p_value,statistically significant,count,delta_ratio
0,-6.358444111206261,2.357441933879234e-09,True,150,16.61501315752619
1,-1.5338871853736749,0.13022801580689436,False,62,8.240526176207199
All,-6.3736736766215225,1.1422517804954393e-09,True,212,14.165870738461198
