Category,t_statistic,p_value,statistically significant,count,delta_ratio
Ideology/Politics,-2.3106038995037013,0.022576815758118148,True,120,9.864402191950445
Institutions,-0.9790902719001424,0.34051232138004095,False,19,8.415205533155614
Occupation/Social Status,-1.365565125192301,0.17547877183967406,False,91,9.291191606226498
Other,-1.5443433122018915,0.15690279109001937,False,10,16.702679545374018
Personality/Behavior,-1.4356625671480852,0.16080209357878153,False,33,18.428715943970893
Residential Area,-1.2745859350312876,0.21163388873327182,False,33,9.388754480068316
