Category,t_statistic,p_value,statistically significant,count,delta_ratio
Ideology/Politics,-4.580544795336032,1.1503071188147482e-05,True,120,12.251103248385885
Institutions,-0.8921788708926367,0.3840692279400114,False,19,9.018389614088793
Occupation/Social Status,-5.178207856178351,1.3558684023049028e-06,True,91,15.882716955109649
Other,-2.0885821353324423,0.06633570221306201,False,10,22.155027003044385
Personality/Behavior,-2.2980049105436287,0.028246001169437974,True,33,14.916772474809786
Residential Area,-2.035510160652642,0.05015092098575901,False,33,10.822898900193293
