Category,t_statistic,p_value,statistically significant,count,delta_ratio
Ideology/Politics,-1.0819503467070626,0.281462203988893,False,120,6.1444157691658035
Institutions,-1.3407411327735674,0.19668089512359985,False,19,6.97992852182238
Occupation/Social Status,0.6416185522738926,0.5227516395968785,False,91,6.421298795845305
Other,-1.362671719751184,0.20610589147265387,False,10,8.490228799223278
Personality/Behavior,-1.1480541294899995,0.25945659005329913,False,33,5.646033914301631
Residential Area,-1.3896408978425459,0.1742313627271524,False,33,7.563962087415923
