Category,t_statistic,p_value,statistically significant,count,delta_ratio
Ideology/Politics,-1.2211856136934782,0.22442968876334704,False,120,6.112937870114407
Institutions,-1.8632799685025434,0.07882262162903499,False,19,8.100728005605218
Occupation/Social Status,0.595650549155173,0.5529036757308753,False,91,7.163899298598329
Other,-1.2241592320919146,0.2519698274557723,False,10,8.23633135738824
Personality/Behavior,-1.8438263646028825,0.07448565301512311,False,33,8.726713371783855
Residential Area,-0.4743232027253079,0.6385936451048726,False,32,8.21037915470925
