Category,t_statistic,p_value,statistically significant,count,delta_ratio
Ideology/Politics,-1.360882785997508,0.17612246643526683,False,120,6.2468035264570405
Institutions,-0.6680631597408402,0.5125693001084266,False,19,6.650387912035977
Occupation/Social Status,0.1035663600805919,0.9177439176075057,False,91,7.769023234696748
Other,-1.4534771647599876,0.180053764014536,False,10,8.199458208262653
Personality/Behavior,-1.1015957751873617,0.27885450155361374,False,33,6.039909937924509
Residential Area,-1.1980043763037407,0.23971352785243957,False,33,7.9636839134639565
