Category,t_statistic,p_value,statistically significant,count,delta_ratio
Ideology/Politics,-2.7472877829998392,0.006944090008504499,True,120,7.745859447914635
Institutions,-1.3480310187237967,0.19436954301377807,False,19,8.927329266787227
Occupation/Social Status,-0.21814241724565303,0.8278120060195816,False,91,9.493593581871966
Other,-1.085363469553658,0.3059758829469099,False,10,8.324537957299544
Personality/Behavior,-1.0169550017200544,0.31680249849108905,False,33,6.690716014946152
Residential Area,-0.4341536904568194,0.6670901939460534,False,33,8.325686914787507
