,t_statistic,p_value,statistically significant,count,delta_ratio
0,-2.1309995406177586,0.0347414953974692,True,149,10.52208058199217
1,-1.6257429099283143,0.10916023053753356,False,62,6.488018724817704
All,-2.329536666467507,0.02078066450613182,True,211,9.336716434386402
