Category,t_statistic,p_value,statistically significant,count,delta_ratio
Ideology/Politics,-1.2027571533739332,0.23145792265506493,False,120,5.685481190577202
Institutions,-0.34702413404642124,0.7325974034346241,False,19,6.298574303759164
Occupation/Social Status,0.8233594002649883,0.4124800772757383,False,91,6.363534802291058
Other,-1.3668202426584302,0.20484884343755028,False,10,7.060930073583002
Personality/Behavior,0.44653948845612895,0.6582149828697935,False,33,5.8531934040707885
Residential Area,-0.8998716848677681,0.3749108566709787,False,33,7.3712481615263306
