,t_statistic,p_value,statistically significant,count,delta_ratio
0,0.7902283346572586,0.43065030646292946,False,150,4.372197052503702
1,1.1804040265489686,0.24242207476377764,False,62,2.2872167700917236
All,1.1888490397748732,0.23583531770899496,False,212,3.762438668024727
