Category,t_statistic,p_value,statistically significant,count,delta_ratio
Ideology/Politics,-1.508867151495277,0.13398324073713583,False,120,6.283163082307346
Institutions,-0.8259682901586399,0.4196357339628918,False,19,7.2226990865597305
Occupation/Social Status,0.8243281702096076,0.4119324387246721,False,91,6.298741128833199
Other,-1.0265560433737435,0.3314280689986467,False,10,7.86132866161679
Personality/Behavior,-1.2284132639835117,0.22825019394620724,False,33,7.978266071776541
Residential Area,-1.4722510063606105,0.15072101529412238,False,33,8.501669633722155
