,t_statistic,p_value,statistically significant,count,delta_ratio
0,-1.2352439255010654,0.21868392033954437,False,150,7.610723240809428
1,-0.19008729568148372,0.8498718871563478,False,62,4.783828591543982
All,-1.2432747195744014,0.21514628186463153,False,212,6.783989899986513
