Category,t_statistic,p_value,statistically significant,count,delta_ratio
Ideology/Politics,-5.698016644720119,9.632429865392375e-08,True,115,102.9976735254897
Institutions,-4.098292635782986,0.0007494814328708664,True,18,97.35274845143572
Occupation/Social Status,-4.207278980820457,6.378408250358586e-05,True,86,202.08469051791198
Other,-1.6213861758343633,0.13938512647163873,False,10,139.77697091288158
Personality/Behavior,-2.480998612350352,0.018546406288376657,True,33,170.10464765895082
Residential Area,-3.190829996492559,0.003107308612729643,True,34,209.75599162069597
