,t_statistic,p_value,statistically significant,count,delta_ratio
0,-4.3678170992684615,2.3656395758896868e-05,True,147,303.2430794284264
1,-2.7894296760894677,0.007098476562726588,True,60,146.0373224275255
All,-4.872046926162477,2.1998993115666443e-06,True,207,257.6761933412088
