,t_statistic,p_value,statistically significant,count,delta_ratio
0,-5.556129721339907,1.2825703125800974e-07,True,146,181.1835472195956
1,-4.272694979415501,7.136196509456722e-05,True,60,112.29663306299871
All,-6.341447210924328,1.4269110033260344e-09,True,206,161.119397465247
