,t_statistic,p_value,statistically significant,count,delta_ratio
0,-3.851854876640964,0.00017451962671983934,True,148,256.6343876929475
1,-2.2078804166587047,0.031086419032043365,True,61,127.74450975121125
All,-4.121445527300386,5.436828379764267e-05,True,209,219.01581087741678
