,t_statistic,p_value,statistically significant,count,delta_ratio
0,-3.9944766590635603,0.00010243015094433214,True,147,266.00955082888834
1,-2.137732806641895,0.036621970973400815,True,61,137.7654208239163
All,-4.357346484776941,2.071875852591306e-05,True,208,228.39949347166097
