,t_statistic,p_value,statistically significant,count,delta_ratio
0,-4.18488626766179,4.923376393960937e-05,True,146,286.83659145738494
1,-2.8257157322265414,0.0064283346206457275,True,60,143.60332741576207
All,-4.664401837002513,5.577815229405613e-06,True,206,245.11816503749478
