,t_statistic,p_value,statistically significant,count,delta_ratio
0,-3.9959244512981638,0.00010186774964637826,True,147,241.6106018639061
1,-2.6678090201230265,0.009841078385014117,True,60,131.56840658924375
All,-4.446489099286848,1.4262446490403138e-05,True,207,209.71431337849674
