,t_statistic,p_value,statistically significant,count,delta_ratio
0,-3.711726820845674,0.0002934334860202498,True,145,281.6374423921258
1,-2.1229104687716402,0.03789619272238735,True,61,140.4250922124531
All,-4.034674585098026,7.715911557553444e-05,True,206,239.8221348146499
