,t_statistic,p_value,statistically significant,count,delta_ratio
0,-3.4027861572464175,0.0008624577022708791,True,146,303.48798286882385
1,-2.1224489649393865,0.03793647954534273,True,61,136.0571930291775
All,-3.6647523858115485,0.0003149412532303729,True,207,254.14847475182657
