,t_statistic,p_value,statistically significant,count,delta_ratio
0,-4.005510929410925,9.792932440052356e-05,True,148,231.7012451106491
1,-2.1788036397397623,0.03328482620890011,True,61,127.31098206344551
All,-4.34365803812834,2.1893334223854856e-05,True,209,201.23327359926435
