,t_statistic,p_value,statistically significant,count,delta_ratio
0,-4.21123645323794,4.4073563067483315e-05,True,148,247.13584817828047
1,-2.0896454287969335,0.04089735815670491,True,61,129.87657488248146
All,-4.494827213119768,1.1554009975381445e-05,True,209,212.9118497522339
