,t_statistic,p_value,statistically significant,count,delta_ratio
0,-5.157905477078675,8.241514030360749e-07,True,143,271.7109453226259
1,-3.4391391355352487,0.0010768962020196126,True,60,135.7569998730253
All,-5.963785605124905,1.0861334231821886e-08,True,203,231.52751317003464
