,t_statistic,p_value,statistically significant,count,delta_ratio
0,-3.5437344150480046,0.0005312740015836602,True,146,318.27985224554203
1,-2.2383582307411163,0.028920202344493565,True,61,139.7960097518766
All,-3.8449098287328924,0.00016069534892031607,True,207,265.6831643609353
