Category,t_statistic,p_value,statistically significant,count,delta_ratio
Appearance/Impression,-2.432560062137967,0.02248602219613949,True,26,42.66555875150384
Athletic Ability,-4.341510366621068,0.003389810741342856,True,8,34.46657854116407
Culture/Tradition,-7.306389478017865,1.0186088785200833e-10,True,92,39.04570624669578
Drinking,-4.927840755873778,1.1692992435207688e-05,True,46,37.578430632444984
Ideology/Politics,-2.9350805446448645,0.007053478109368856,True,26,53.982519049725994
Institutions,-5.906524008366298,6.119746425974144e-08,True,91,60.0100180639051
Personality/Behavior,-3.3512780774969357,0.001828842067479976,True,39,69.92047363323923
Residential area,-2.4713734885176866,0.03104565213464776,True,12,46.4287862795706
