Category,t_statistic,p_value,statistically significant,count,delta_ratio
Appearance/Impression,-1.0508256915387084,0.3033908025657999,False,26,118.08908347306688
Athletic Ability,-4.351590787576337,0.00334834786575038,True,8,97.35052510562964
Culture/Tradition,-3.470875172624414,0.0007952578791647419,True,92,132.84793684321696
Drinking,-2.695644372772849,0.009913948448801177,True,45,141.52337720122486
Ideology/Politics,-3.5420123298063166,0.0015242697647711453,True,27,140.81744608328324
Institutions,-2.0384903826341456,0.044371119416382325,True,93,139.90149256853653
Personality/Behavior,-2.294149986799979,0.027400037915915082,True,39,254.74262373352738
Residential area,-2.3541821283422144,0.03820425619222846,True,12,81.4402697663009
