,t_statistic,p_value,statistically significant,count,delta_ratio
0,-2.7130146220941738,0.007180848255051663,True,227,156.37852884226524
1,-1.5653431330646046,0.12393850985455274,False,50,169.1373513198435
All,-2.784426315304265,0.005733131721478659,True,277,158.6815653905646
