,t_statistic,p_value,statistically significant,count,delta_ratio
0,-10.279602375777582,1.6466044846062602e-20,True,222,117.00320109222153
1,-5.088543822608735,6.2317903719121665e-06,True,48,80.7756925424737
All,-11.483687392863915,4.1863651578010345e-25,True,270,110.56275512782192
