Category,t_statistic,p_value,statistically significant,count,delta_ratio
Appearance/Impression,-2.4073622460871817,0.023776555232781573,True,26,45.10250522762206
Athletic Ability,-4.722407810731075,0.0021515004523394365,True,8,31.53064175802134
Culture/Tradition,-7.022629831106505,3.8270683459225505e-10,True,92,42.2990896262508
Drinking,-4.71582886842659,2.354466763110983e-05,True,46,40.70356365418828
Ideology/Politics,-2.8702144419504436,0.008228931016049728,True,26,59.4925568041904
Institutions,-5.381690804794885,5.810621084360372e-07,True,91,66.05527460759363
Personality/Behavior,-3.2602791047452206,0.0023518077018562953,True,39,77.64311721992503
Residential area,-2.4394705544801876,0.03285354012575421,True,12,45.823591002350774
