,t_statistic,p_value,statistically significant,count,delta_ratio
0,-6.767832414097337,1.1295463103278667e-10,True,225,59.81269383403731
1,-2.93195634890279,0.0051474471912018194,True,49,46.2628115421854
All,-7.385503401068274,1.8481405493380424e-12,True,274,57.38953970155285
