,t_statistic,p_value,statistically significant,count,delta_ratio
0,-2.6728772230180113,0.008068656223092774,True,227,169.91343155630972
1,-1.5974941084179006,0.11671876971128342,False,49,125.46742821356969
All,-3.098347147740696,0.002147593363946516,True,276,162.02265560053343
