Category,t_statistic,p_value,statistically significant,count,delta_ratio
Appearance/Impression,-2.2431513012394264,0.03399194015033024,True,26,43.580526806952804
Athletic Ability,-4.672043664849093,0.0022820155217362975,True,8,27.634039205587523
Culture/Tradition,-6.408013207185089,6.397082118174269e-09,True,92,39.37461918570501
Drinking,-4.78876053835075,1.8522841595849806e-05,True,46,39.013552733511546
Ideology/Politics,-2.8987832767320416,0.007689968553677911,True,26,55.027196797231746
Institutions,-5.388036791924095,5.657712896932478e-07,True,91,62.246736132200745
Personality/Behavior,-3.1554506906646376,0.0031303793445708675,True,39,72.63845631050224
Residential area,-2.4709329678673218,0.031069941918395426,True,12,46.24770335522123
