Category,t_statistic,p_value,statistically significant,count,delta_ratio
Appearance/Impression,-1.0564435266778143,0.30086809677422444,False,26,98.39193977346046
Athletic Ability,-3.96976391944646,0.005393928942830704,True,8,70.44106842916196
Culture/Tradition,-3.786763976799836,0.00027346324859689095,True,92,129.39134631662327
Drinking,-1.1561308587999537,0.25372889852004277,False,46,170.56771023926186
Ideology/Politics,-3.683153606223249,0.0010621809916011222,True,27,120.84077089053294
Institutions,-2.081600492358299,0.04015662089163051,True,93,121.4040681474196
Personality/Behavior,-2.5380525506967633,0.01536824619774381,True,39,232.1447564211895
Residential area,-2.377929628534325,0.03663492177199794,True,12,73.11348369132227
