Category,t_statistic,p_value,statistically significant,count,delta_ratio
Appearance/Impression,-2.7162925696466957,0.011804039485718162,True,26,46.14166370059616
Athletic Ability,-4.349857281078147,0.0033554382402597475,True,8,31.626432259910096
Culture/Tradition,-6.108942304732461,2.4422322497028152e-08,True,92,40.60805200973302
Drinking,-4.65348413047,2.888120380899948e-05,True,46,40.777005744777405
Ideology/Politics,-2.6625715341621548,0.013364554534120495,True,26,58.7575947031837
Institutions,-5.275505510257684,9.05904852947342e-07,True,91,64.51739703052907
Personality/Behavior,-3.1999932755243754,0.002773601449292654,True,39,73.35919223333877
Residential area,-2.4993971152057592,0.029538009006875886,True,12,49.58267740841825
