,t_statistic,p_value,statistically significant,count,delta_ratio
0,-8.808523115290331,3.612619834600066e-16,True,224,55.005028867655895
1,-3.953546727183777,0.0002524388608598679,True,49,42.52258561074616
All,-9.668500860228862,3.3710602642766533e-19,True,273,52.76459033436439
