Category,t_statistic,p_value,statistically significant,count,delta_ratio
Appearance/Impression,-1.0377341459721225,0.3093273529823398,False,26,93.45899182116467
Athletic Ability,-4.322994658473004,0.003467448869985183,True,8,53.9256348836189
Culture/Tradition,-2.492380713902225,0.014498786403790149,True,92,116.12491700847683
Drinking,-2.2614950936077434,0.028722673642624128,True,45,110.49724472295601
Ideology/Politics,-3.326882698928984,0.002625750261909407,True,27,114.27587276391453
Institutions,-1.9044722602609734,0.059973194975501645,False,93,109.31639366302312
Personality/Behavior,-2.0941457064932307,0.0429703244223225,True,39,186.62960265813035
Residential area,-2.281250814494798,0.04344058227176445,True,12,70.86717117194821
