,t_statistic,p_value,statistically significant,count,delta_ratio
0,-2.6272522255686215,0.009197041704215751,True,227,169.50561847223415
1,-1.4999871835042329,0.1401670252631959,False,49,122.00847217462596
All,-2.9834734731294144,0.0031058424466949763,True,276,161.07315409331093
