,t_statistic,p_value,statistically significant,count,delta_ratio
0,-2.3655837416531864,0.018847209310783892,True,227,230.38785198960747
1,-1.4243240469590717,0.16082185320703646,False,49,158.29414943089887
All,-2.71279399400636,0.007092708104791939,True,276,217.5886076947643
