,t_statistic,p_value,statistically significant,count,delta_ratio
0,-2.617251219122068,0.009462576224199742,True,227,195.659099905114
1,-1.6353590703299479,0.10838243150516602,False,50,190.55892803751806
All,-2.7667962751437423,0.006043497659878532,True,277,194.73849126475372
