Category,t_statistic,p_value,statistically significant,count,delta_ratio
Appearance/Impression,-2.8515234055315966,0.008600731818007726,True,26,45.83204825044044
Athletic Ability,-4.422589354055689,0.003071647730155889,True,8,28.328135195656905
Culture/Tradition,-6.939375710074653,5.628943611502553e-10,True,92,39.83832391055929
Drinking,-4.79050191621305,1.841683374489067e-05,True,46,38.97629897289657
Ideology/Politics,-2.820052088362761,0.009262956948639154,True,26,53.07337012856658
Institutions,-5.311057407690162,7.811038124762095e-07,True,91,63.87144253179613
Personality/Behavior,-3.3548901271570744,0.0018105664931488874,True,39,72.51479437707722
Residential area,-2.3817489772832796,0.03638842521627476,True,12,45.24897288479499
