,t_statistic,p_value,statistically significant,count,delta_ratio
0,-4.06637836746759,6.595691243769174e-05,True,227,113.7954593476757
1,-3.283846689729954,0.001961686959577364,True,47,75.4814246711876
All,-4.506126010280196,9.800630599753297e-06,True,274,107.22334391046789
