,t_statistic,p_value,statistically significant,count,delta_ratio
0,-2.668449031736891,0.008172430121416375,True,227,152.10756852376613
1,-1.5976981559533041,0.11653971663795992,False,50,154.80725541468303
All,-2.7401936424239106,0.006540686888161553,True,277,152.59487662681977
