,t_statistic,p_value,statistically significant,count,delta_ratio
0,-2.711570763703584,0.007211189033124356,True,227,216.4222751806996
1,-1.8679151462422074,0.06801564911822718,False,48,134.32070963870456
All,-3.0596158983943544,0.0024358671740675893,True,275,202.09182010427864
