Category,t_statistic,p_value,statistically significant,count,delta_ratio
Appearance/Impression,-1.0539040405538902,0.30200661914239685,False,26,114.64588589203038
Athletic Ability,-4.596739611990334,0.002493787008643175,True,8,114.00822883058564
Culture/Tradition,-3.517170984335229,0.0006826186617875121,True,92,141.24388567165124
Drinking,-2.3270350478211084,0.024629116262904305,True,45,151.37091991687745
Ideology/Politics,-3.6734987885899937,0.0010888578904378668,True,27,149.08486737986283
Institutions,-2.051438938957059,0.043067089133591,True,93,152.28189218577654
Personality/Behavior,-2.586178832596754,0.013661550074609367,True,39,256.6990438437087
Residential area,-2.339474025181523,0.03920864642462001,True,12,73.300192200528
