,t_statistic,p_value,statistically significant,count,delta_ratio
0,-6.96880035738212,3.529617688973931e-11,True,225,62.1631046364702
1,-3.2792520210665015,0.0019411807026243084,True,49,46.93017488246299
All,-7.674576470367789,2.956248301852917e-13,True,274,59.438967563673295
