,t_statistic,p_value,statistically significant,count,delta_ratio
0,-2.6251480762126955,0.009252345877223641,True,227,178.93428098269789
1,-1.495144917809627,0.14142261890099525,False,49,129.38288779985422
All,-2.997744353338466,0.002968476839146264,True,276,170.1371133524104
