,t_statistic,p_value,statistically significant,count,delta_ratio
0,-6.614352829910431,2.707110126872227e-10,True,225,55.53891264003772
1,-3.121302388820764,0.003046224324103564,True,49,43.57879570471655
All,-7.286548174449495,3.425968650889506e-12,True,274,53.40005961145838
