,t_statistic,p_value,statistically significant,count,delta_ratio
0,-2.593144126755331,0.010131141463767472,True,227,131.98663626134
1,-1.347626518229584,0.18410521334594301,False,49,104.77474044700605
All,-2.7824805127975933,0.005768036917648261,True,276,127.15553881604163
