Category,t_statistic,p_value,statistically significant,count,delta_ratio
Appearance/Impression,-1.0474395683707685,0.30491853620972403,False,26,121.12944294941596
Athletic Ability,-4.38813582521012,0.0032026435881164473,True,8,89.25906855933874
Culture/Tradition,-3.6497772908153054,0.0004376099962428115,True,92,140.10910733247778
Drinking,-2.7234431779805277,0.009228953366165936,True,45,135.97025875040663
Ideology/Politics,-3.654016006516185,0.0011446997615724578,True,27,140.18416691096826
Institutions,-2.1033537104558078,0.03816422544004957,True,93,138.0269857000115
Personality/Behavior,-2.441174723122972,0.019408551800092703,True,39,248.67688128955353
Residential area,-2.429489997590934,0.03343990261000653,True,12,75.82576300096878
