Category,t_statistic,p_value,statistically significant,count,delta_ratio
Appearance/Impression,-1.038140011072445,0.3091420923699087,False,26,169.30759665860197
Athletic Ability,-3.5642630229841568,0.009166992569347552,True,8,130.40419784003177
Culture/Tradition,-3.2699341158372928,0.0015196377148120985,True,92,163.61901038073836
Drinking,-2.2610313227520096,0.028753682018586097,True,45,172.6690072220187
Ideology/Politics,-3.617257221425069,0.0012577789365802448,True,27,183.9999902505853
Institutions,-1.946452350021598,0.05465146745679474,False,93,191.30804513906438
Personality/Behavior,-2.4632163615056233,0.018412542274535884,True,39,369.06413306628883
Residential area,-2.324707204340798,0.04024269374698159,True,12,73.76043576438848
