Category,t_statistic,p_value,statistically significant,count,delta_ratio
Appearance/Impression,-2.069860772366521,0.04894693617972027,True,26,66.91566529585192
Athletic Ability,-5.246815786828391,0.0011903536057931451,True,8,106.9402121783883
Culture/Tradition,-5.73656371781981,1.2806957074699524e-07,True,91,114.08069646855222
Drinking,-6.530432185579141,6.182223420228019e-08,True,44,102.20493472862282
Ideology/Politics,-4.1243544227353075,0.0003377988455963822,True,27,106.12350949622846
Institutions,-7.075278814249746,3.427308830678804e-10,True,89,88.04807536182985
Personality/Behavior,-4.9538593352480325,1.5333099399276516e-05,True,39,156.03457325599638
Residential area,-2.52899927029395,0.02802325873539142,True,12,62.09966066227841
