,t_statistic,p_value,statistically significant,count,delta_ratio
0,-6.9777231261988515,3.350343411593884e-11,True,225,57.96148632328292
1,-2.9350165675884505,0.005104707130407469,True,49,45.30306960231286
All,-7.578175498101538,5.473995032668825e-13,True,274,55.697754865883155
