Category,t_statistic,p_value,statistically significant,count,delta_ratio
Appearance/Impression,-2.773872281630694,0.010322519966472673,True,26,42.36222699122856
Athletic Ability,-4.380151583454536,0.0032338706382095046,True,8,25.970610218782564
Culture/Tradition,-6.083404976615869,2.7352638020502344e-08,True,92,36.984439706574
Drinking,-4.474242787453938,5.173850641082772e-05,True,46,36.494199001177805
Ideology/Politics,-2.8355412387604413,0.008931219359152788,True,26,50.61476300256603
Institutions,-5.037116675022402,2.4175882794554974e-06,True,91,60.99570835553486
Personality/Behavior,-3.266934997141209,0.002309173081601113,True,39,70.63766411548484
Residential area,-2.497231370774756,0.02965192515260307,True,12,46.39815086359444
