,t_statistic,p_value,statistically significant,count,delta_ratio
0,-2.5751092549662227,0.010658668545724387,True,227,152.65144069333743
1,-1.354868039630405,0.18180231605134742,False,49,123.34129234301537
All,-2.726465432594121,0.0068129829870461405,True,276,147.4478273992585
