,t_statistic,p_value,statistically significant,count,delta_ratio
0,-6.935793660115149,4.278755267338544e-11,True,225,59.99799078816619
1,-3.034702252477512,0.003880665089312614,True,49,47.534274064419165
All,-7.578816602434841,5.45169949716232e-13,True,274,57.7690779434085
