Category,t_statistic,p_value,statistically significant,count,delta_ratio
Appearance/Impression,-2.4698609216582303,0.020693795236628898,True,26,43.91768548702752
Athletic Ability,-4.217663620140504,0.003948026601613401,True,8,30.151688433750024
Culture/Tradition,-7.620606986529362,2.3202862936270994e-11,True,92,40.320635038063955
Drinking,-4.566655290800665,3.833820121765641e-05,True,46,40.44779066040003
Ideology/Politics,-2.7856566562888596,0.010041756910050157,True,26,56.6684257353191
Institutions,-5.131947681627689,1.6403591606337597e-06,True,91,63.930865286615656
Personality/Behavior,-3.1701801824907694,0.0030078413096895277,True,39,75.44504827558725
Residential area,-2.382156413743991,0.03636222484059904,True,12,46.74083397799282
