Category,t_statistic,p_value,statistically significant,count,delta_ratio
Appearance/Impression,-1.211887889624129,0.2368853142702566,False,26,81.44107085861538
Athletic Ability,-4.446958152913188,0.002982560172085962,True,8,61.383048577874824
Culture/Tradition,-3.671814882000407,0.00040603054032963877,True,92,106.68463534526447
Drinking,-2.0399701876266154,0.04738433677654197,True,45,90.79147161793142
Ideology/Politics,-2.884985163316445,0.0077666371127389595,True,27,98.67604225186463
Institutions,-2.3479820705179093,0.02106671360129574,True,91,90.76116069599665
Personality/Behavior,-3.0073350908409515,0.004655047179300061,True,39,146.2663409586048
Residential area,-2.5059791868964822,0.029194420288468033,True,12,81.36145092106467
