Category,t_statistic,p_value,statistically significant,count,delta_ratio
Appearance/Impression,-2.9407639855161176,0.006958472255316737,True,26,42.32160490366531
Athletic Ability,-4.266973548937,0.0037145062158268627,True,8,30.83681682841346
Culture/Tradition,-9.02526226755831,2.796573409413235e-14,True,92,39.207677871603366
Drinking,-5.149359262500173,5.5856894922963465e-06,True,46,36.85673857931046
Ideology/Politics,-3.2701904444431658,0.0031270739827123223,True,26,55.659089847599965
Institutions,-7.115871609831765,2.7151382928835215e-10,True,90,57.43222569356926
Personality/Behavior,-3.520725116731554,0.0011363331038917472,True,39,67.3763332144788
Residential area,-2.6846842734855074,0.02122980130243214,True,12,46.131219547960306
