,t_statistic,p_value,statistically significant,count,delta_ratio
0,-1.9216046865140461,0.0575024836957753,False,101,106.45140040297977
1,-2.9736276046454546,0.0036509566431739073,True,106,71.46193587205718
All,-2.6213317188733627,0.009412025797821098,True,207,88.53409006347353
