Category,t_statistic,p_value,statistically significant,count,delta_ratio
Culture/Tradition,-2.3106105669061696,0.04125433533716916,True,12,74.9286112456793
Ethnic/Racial Prejudice,0.41184324275661727,0.688365512431699,False,12,22.99211210378162
Ideology/Politics,-0.8231193319555953,0.4146871006017788,False,47,23.501559659130784
Other,-3.1065313726593966,0.026655248671516127,True,6,78.6719375694103
Personality/Behavior,-4.4879409442457705,1.6825587657867215e-05,True,119,67.5058443553195
Residential area,-3.829118381917022,0.0008105407692979038,True,25,48.79034574513781
Values,-1.718356685163466,0.09677214883001287,False,29,38.37361110771978
