Category,t_statistic,p_value,statistically significant,count,delta_ratio
Culture/Tradition,-0.2983061984744077,0.7705716937763802,False,13,78.37405702660045
Ethnic/Racial Prejudice,0.9130459376438608,0.3778406332258244,False,14,26.152968235121048
Ideology/Politics,-0.7103726870431059,0.48105918956947336,False,47,29.404551694610497
Other,-3.2649669018002183,0.022322546298708033,True,6,70.04941069919686
Personality/Behavior,0.37494751232074025,0.7083841448129651,False,117,74.61198465229096
Residential area,-1.817949991457273,0.08061282645085716,False,27,57.516314781455655
Values,1.4455377807598186,0.15940739768095152,False,29,8.350942121729977
