Category,t_statistic,p_value,statistically significant,count,delta_ratio
Culture/Tradition,-1.0557738564691257,0.3118642740779672,False,13,68.36581450524751
Ethnic/Racial Prejudice,1.0194096078777701,0.32660578963068065,False,14,17.766071867450776
Ideology/Politics,-0.24536383046465043,0.8072661292781188,False,47,26.59711540370943
Other,-3.0508393322014666,0.02839710575210704,True,6,74.80984251704534
Personality/Behavior,1.147889143385142,0.2533761267047278,False,117,54.30915217438537
Residential area,-0.7104045598823074,0.4837773014440181,False,27,44.204483175285446
Values,0.7167806801370774,0.47944619619075624,False,29,14.747310843799081
