,t_statistic,p_value,statistically significant,count,delta_ratio
0,0.5370918492377199,0.5923854330793481,False,102,44.471744512644776
1,0.9516869554862712,0.3434836896986846,False,104,19.098260354582845
All,1.0798888459650586,0.2814605381770789,False,206,31.661830180419344
