,t_statistic,p_value,statistically significant,count,delta_ratio
0,0.6821684070102865,0.4966786737346883,False,103,50.07439006036434
1,1.7094570671286677,0.09040705038584444,False,103,20.090933134934527
All,1.7046559133411048,0.08977359689612709,False,206,35.08266159764943
