,t_statistic,p_value,statistically significant,count,delta_ratio
0,-2.097182548933025,0.03849963279454221,True,101,124.85948055072345
1,-2.8817378995180865,0.004796426561502771,True,106,87.42481518119367
All,-2.9035665148842362,0.004091429489077083,True,207,105.69003838081932
