Category,t_statistic,p_value,statistically significant,count,delta_ratio
Culture/Tradition,-0.3528885573912417,0.7302930141225789,False,13,76.44767631142851
Ethnic/Racial Prejudice,0.9510865297342546,0.3589090674480043,False,14,26.652052223167523
Ideology/Politics,-0.3913726194647813,0.6973289135501501,False,47,28.001510194335978
Other,-3.167516724651139,0.024884185456972976,True,6,73.80534621671798
Personality/Behavior,-0.6530726780355253,0.515012945108495,False,116,73.65065343389166
Residential area,-2.351670934712625,0.026543292251218195,True,27,57.605693843764826
Values,1.3103103115075174,0.20073849475370747,False,29,10.636244192190391
