,t_statistic,p_value,statistically significant,count,delta_ratio
0,-2.3579736926217847,0.02030143146408442,True,102,120.09433352114075
1,-3.0441248682767914,0.0029494688244783287,True,106,75.16345499494894
All,-3.0434149048837997,0.002642296903909144,True,208,97.19686657990839
