Category,t_statistic,p_value,statistically significant,count,delta_ratio
Culture/Tradition,-0.48018632458278854,0.6397293254199794,False,13,63.24913965734235
Ethnic/Racial Prejudice,1.0379967822935503,0.31819377597323095,False,14,21.460850274729918
Ideology/Politics,-0.3452935418241371,0.7314477242767448,False,47,27.19060048313945
Other,-2.9110194148304176,0.033360132090239004,True,6,70.94467614186784
Personality/Behavior,0.3442041942869627,0.731321329026966,False,116,60.853663000609146
Residential area,-1.1544193414826631,0.2588291311823457,False,27,48.94487095015381
Values,1.3458270864301387,0.1891551904496945,False,29,9.274772006805634
