Category,t_statistic,p_value,statistically significant,count,delta_ratio
Culture/Tradition,-0.5960430742520078,0.5622210471304048,False,13,58.780534424334576
Ethnic/Racial Prejudice,1.2277293269704908,0.24131558236213674,False,14,11.011774010061986
Ideology/Politics,0.21748658973484325,0.8287909924802019,False,47,22.907310227823736
Other,-2.4156375162652632,0.06044191254159923,False,6,68.31880017978155
Personality/Behavior,1.450166705725397,0.14968752952510667,False,118,46.26014117551579
Residential area,-0.26808291056657346,0.7907509733506114,False,27,46.73113409348238
Values,0.7945935520984511,0.43353368387531976,False,29,12.069575569268252
