Category,t_statistic,p_value,statistically significant,count,delta_ratio
Culture/Tradition,-2.9318868652501924,0.011670996397035508,True,14,102.53264793192743
Ethnic/Racial Prejudice,-2.9472997863667127,0.011330486917259611,True,14,62.01980602108799
Ideology/Politics,-1.6917379616948731,0.09731697331064186,False,48,90.59535051510208
Other,-2.491853915673724,0.05503601575533727,False,6,52.92842865302764
Personality/Behavior,-1.5143266372411333,0.13263985594716093,False,118,96.731858011955
Residential area,-1.4839969738794183,0.14983263649924516,False,27,70.51912502565749
Values,-1.4610312410465651,0.15513888752718705,False,29,172.57215197671178
