,t_statistic,p_value,statistically significant,count,delta_ratio
0,-0.5521829318166046,0.5820428782528735,False,102,71.36886354391274
1,1.0338163002105263,0.30366697160277784,False,103,33.99808096173669
All,0.5614467105748745,0.575109299201986,False,205,52.59232400262428
