,t_statistic,p_value,statistically significant,count,delta_ratio
0,0.5547144171749162,0.580304360517514,False,103,55.47628286935915
1,1.1402697292392183,0.25687072700061314,False,102,24.218974117507443
All,1.145190979047754,0.25347178233222584,False,205,39.92386583185245
