,t_statistic,p_value,statistically significant,count,delta_ratio
0,-1.0087065382172082,0.31550231286424185,False,103,73.66681947068537
1,0.5737862402254734,0.567388012551494,False,102,37.071947114910174
All,-0.31101249087109906,0.7561086919893809,False,205,55.45863907903137
