,t_statistic,p_value,statistically significant,count,delta_ratio
0,-2.815583584531363,0.005876048901505743,True,100,89.53772588752241
1,-3.3214118296813453,0.0012328349283107281,True,106,81.49134851087513
All,-4.21326001876423,3.770671243750031e-05,True,206,85.3973569461408
