,t_statistic,p_value,statistically significant,count,delta_ratio
0,-4.000338483747841,0.00012066414256253945,True,102,64.3277441701292
1,-2.652239005818948,0.009313689461392405,True,100,38.197284263203265
All,-4.641115547407304,6.244537851850136e-06,True,202,51.391872929076754
