,t_statistic,p_value,statistically significant,count,delta_ratio
0,0.9459225870184423,0.3464235403490631,False,103,46.98918985697171
1,1.7804092178143527,0.07801588827522037,False,102,18.506956310062634
All,1.8172877994205086,0.07064030617203582,False,205,32.81754194582671
