Category,t_statistic,p_value,statistically significant,count,delta_ratio
Culture/Tradition,-1.3328755824446785,0.20546230196852394,False,14,61.13844075791962
Ethnic/Racial Prejudice,1.26728286762467,0.22728571459089347,False,14,8.46840753293252
Ideology/Politics,0.3746361841010097,0.7096526960030923,False,47,23.17113236313975
Other,-3.12784448696254,0.026020663963512703,True,6,62.27060626915869
Personality/Behavior,1.3886410573324997,0.1676025481374819,False,117,37.199812515006265
Residential area,-0.3294039231776307,0.7444894132180346,False,27,50.78480283007385
Values,1.0320124508143333,0.31089851468484075,False,29,10.395679822474987
