Category,t_statistic,p_value,statistically significant,count,delta_ratio
Culture/Tradition,-0.4372341881418521,0.669706546945595,False,13,58.52752708842684
Ethnic/Racial Prejudice,1.1399342024930308,0.27488165956412947,False,14,12.104696326596676
Ideology/Politics,-0.06111900920791322,0.9515292132893672,False,47,25.492339894315602
Other,-2.3840423595443476,0.06284950879945567,False,6,78.56560121524694
Personality/Behavior,0.9417792346078252,0.3482628704273453,False,117,54.50162911966143
Residential area,-1.2458371153065377,0.22393419203353632,False,27,49.16932641182819
Values,0.7474090856374938,0.4610477910755436,False,29,14.83722427939051
