Category,t_statistic,p_value,statistically significant,count,delta_ratio
Culture/Tradition,-2.8659452553675275,0.013245730440750891,True,14,97.94934591039907
Ethnic/Racial Prejudice,-3.036330723607525,0.009547814226055818,True,14,55.80589911425148
Ideology/Politics,-1.835651628710807,0.0727404544062005,False,48,87.58138552428476
Other,-2.4569267332099547,0.057445134002195836,False,6,46.71022425868816
Personality/Behavior,-1.5115995458746798,0.13333207254721133,False,118,82.71774115233715
Residential area,-1.6325486844020483,0.11461801935317942,False,27,60.397846675095565
Values,-1.5464383937011357,0.13322787563152963,False,29,171.71382719915772
