Category,t_statistic,p_value,statistically significant,count,delta_ratio
Culture/Tradition,-0.45761540537926765,0.6554037093878267,False,13,58.67391131844688
Ethnic/Racial Prejudice,1.0266853229617934,0.32329393247222304,False,14,17.807993174368068
Ideology/Politics,0.16518291304517488,0.8695238122547775,False,47,24.3210060056549
Other,-2.8476388491623528,0.0359230423872201,True,6,85.620261638082
Personality/Behavior,1.5728435951547037,0.11845541139192783,False,118,47.16057907055059
Residential area,-1.0742528699983878,0.2925783526110734,False,27,53.095278673030535
Values,1.504860546839066,0.14355798730998692,False,29,3.764717014444565
