,t_statistic,p_value,statistically significant,count,delta_ratio
0,-0.8729093668424689,0.3847830606193037,False,102,69.39437998766515
1,0.5583410307412949,0.5778472069253668,False,102,33.68067144860662
All,-0.06770029102836109,0.9460908515487718,False,204,51.53752571813588
