,t_statistic,p_value,statistically significant,count,delta_ratio
0,0.37871636510588724,0.7056934247916795,False,102,57.7953184642698
1,1.4079837723125972,0.16217641089556575,False,103,24.89034297755954
All,1.2151960032034321,0.22569588729181264,False,205,41.2625746831422
