,t_statistic,p_value,statistically significant,count,delta_ratio
0,-0.1727081933117526,0.863226426944833,False,102,58.87848859874587
1,0.9336962262312373,0.3526874458078534,False,102,28.52449062661031
All,0.6130467101483226,0.5405316699433576,False,204,43.70148961267809
