Category,t_statistic,p_value,statistically significant,count,delta_ratio
Culture/Tradition,-0.6070464935737458,0.555132403136855,False,13,62.13499396856048
Ethnic/Racial Prejudice,1.1526909454326182,0.26979295722465535,False,14,15.178509257122453
Ideology/Politics,0.25625938913454194,0.7988931498651002,False,47,23.702983870866017
Other,-3.050542566338773,0.028406723380865476,True,6,78.55744650379748
Personality/Behavior,1.636213844352777,0.10448213068868219,False,118,42.73174688041606
Residential area,-0.36050163179605493,0.721384390087245,False,27,42.55755040422137
Values,0.8459021817674146,0.404778640954809,False,29,13.130524349365844
