,t_statistic,p_value,statistically significant,count,delta_ratio
0,0.9686229465582167,0.3350245421941501,False,103,48.05246839173295
1,1.8403255983841165,0.06862786720996751,False,103,20.07220465336218
All,1.8749846313057135,0.06221678485320843,False,206,34.06233652254757
