Category,t_statistic,p_value,statistically significant,count,delta_ratio
Culture/Tradition,-3.172243203421259,0.0073500471606977305,True,14,101.40884399569113
Ethnic/Racial Prejudice,-2.8947034569535166,0.012534699475260785,True,14,61.59024583173229
Ideology/Politics,-1.873109649646156,0.06727982316740853,False,48,93.48690124515177
Other,-2.665545119510201,0.044586151950277195,True,6,52.79019928921941
Personality/Behavior,-6.548721651220285,1.657095554204068e-09,True,117,71.88078223106878
Residential area,-1.6781188828169602,0.1053058519077823,False,27,67.3993944000937
Values,-1.58659788958396,0.12424738035356683,False,28,95.64948885859454
