,t_statistic,p_value,statistically significant,count,delta_ratio
0,-2.196431336677566,0.03034828707228105,True,102,124.75822747204435
1,-3.1793600560272983,0.001940054099144017,True,106,75.50496157504944
All,-2.8190827207774607,0.005283623550408875,True,208,99.65800542838348
