,t_statistic,p_value,statistically significant,count,delta_ratio
0,-2.192302969502915,0.0306538310917168,True,102,122.42806033045596
1,-3.0492251775202006,0.002903900020626813,True,106,76.53484001650224
All,-2.8450429712681147,0.004886616738448394,True,208,99.04016920892185
