,t_statistic,p_value,statistically significant,count,delta_ratio
0,0.8358442022327924,0.4051962946704707,False,103,51.82178717492939
1,1.6476614579448845,0.10249944186611559,False,103,20.453907227773
All,1.7693376374161371,0.07832433252511299,False,206,36.1378472013512
