Category,t_statistic,p_value,statistically significant,count,delta_ratio
Culture/Tradition,-0.15276406268156079,0.881122942621557,False,13,47.98892335217532
Ethnic/Racial Prejudice,1.0382428029454656,0.3180835075693202,False,14,14.550954379881158
Ideology/Politics,-0.24573268674521145,0.8069822925424669,False,47,25.38045528401267
Other,-1.9387737804449405,0.11024389493588795,False,6,84.61243723468607
Personality/Behavior,1.550005657508309,0.12386420174585987,False,117,41.966419605712225
Residential area,-0.7342362869004871,0.46937513851862367,False,27,42.85535852581968
Values,0.8139727066198731,0.42252923988264346,False,29,13.306761827007588
