Category,t_statistic,p_value,statistically significant,count,delta_ratio
Culture/Tradition,-1.8403948704111504,0.08864500452564325,False,14,35.13446261093661
Ideology/Politics,-1.1972595851609853,0.2510850626862817,False,15,50.16184362224261
Personality/Behavior,-5.196923600938574,3.563317248696125e-07,True,330,37.890179219676476
Values,-3.473008980603534,0.001010394511484636,True,56,30.457512476004407
