Category,t_statistic,p_value,statistically significant,count,delta_ratio
Culture/Tradition,1.333534220966208,0.20525209187947555,False,14,1.7309409090738663
Ideology/Politics,1.1744102649903039,0.259821061204608,False,15,-14.282497081837917
Personality/Behavior,2.440656189843104,0.015195849778275167,True,325,6.048279191350968
Values,-2.1667138123704612,0.03460584290246089,True,56,27.446011863652846
