,t_statistic,p_value,statistically significant,count,delta_ratio
0,3.1315789801729,0.0019490658382548883,True,247,0.36274811875647817
1,2.844327340652158,0.006390135189726358,True,52,-7.818103466389771
All,3.1715990809371397,0.0016735276154659097,True,300,-1.0117814048393903
