Category,Type,t_statistic,p_value,statistically significant,count,delta_ratio
Culture/Tradition,-1,1.0406727059641827,0.31699590989560267,False,14,3.1838681189705995
Ideology/Politics,-1,1.2147113119133557,0.24456724913495267,False,15,-17.898237378716345
Personality/Behavior,-1,2.2703143798341423,0.02626929251620221,True,71,-5.6385092152943015
Personality/Behavior,0,1.4180339247280371,0.15841884010159069,False,140,20.212734215842218
Personality/Behavior,1,1.412114193021402,0.16068879588131094,False,113,-4.673848813969055
Values,-1,-1.8152259175258119,0.0751489952372201,False,54,19.592620971897755
Values,0,0.2730324329343591,0.8303178735987138,False,2,-5.772682632769537
