,t_statistic,p_value,statistically significant,count,delta_ratio
0,2.7295434912611993,0.00680039778708939,True,247,3.870996100399778
1,2.5303447347449413,0.014524532099237307,True,52,-4.545927659594141
All,2.7601163016914967,0.006134838670121338,True,300,2.494713075611622
