Category,t_statistic,p_value,statistically significant,count,delta_ratio
Culture/Tradition,1.2070881363963446,0.2489034884026858,False,14,-0.7422436932347424
Ideology/Politics,1.1972577081804834,0.25108577086574524,False,15,-18.088798275441622
Personality/Behavior,2.449363596944259,0.014841671846945946,True,324,2.825252251861877
Values,-1.8905215934012738,0.06396117301585837,False,56,19.39561237241144
