Category,t_statistic,p_value,statistically significant,count,delta_ratio
Culture/Tradition,-2.1886045104770875,0.047480277953996425,True,14,35.35296226197714
Ideology/Politics,-1.378396319098739,0.1897108760536036,False,15,43.53843157275022
Personality/Behavior,-6.955051526365786,1.90792733073172e-11,True,330,34.75725754549751
Values,-4.662322516908706,2.0343886356399834e-05,True,56,29.316148774865407
