,t_statistic,p_value,statistically significant,count,delta_ratio
0,2.6780428888006425,0.007904266557398669,True,247,4.492295974528868
1,2.1496984700920105,0.03634507829361317,True,52,-2.8586987364899525
All,2.693174779227203,0.007476934743987976,True,300,3.3423791720200686
