,t_statistic,p_value,statistically significant,count,delta_ratio
0,2.43710145918572,0.015512296536500263,True,248,9.555536354578578
1,2.1762913106254578,0.03418953037334231,True,52,-2.041949435335666
All,2.46200222696224,0.014378596980823458,True,301,7.671290951316408
