Category,Type,t_statistic,p_value,statistically significant,count,delta_ratio
Culture/Tradition,-1,1.2588082494815107,0.2302357898407462,False,14,0.9143622733039323
Ideology/Politics,-1,1.4350009628594695,0.17324888336156774,False,15,-21.53417308713571
Personality/Behavior,-1,2.5060153804283614,0.014537300883801172,True,71,-10.530007167877528
Personality/Behavior,0,1.5447129009145444,0.12468940358018725,False,140,19.843195115916227
Personality/Behavior,1,1.4053133194022172,0.1626959113999299,False,113,-6.660079584546326
Values,-1,-1.6337852091795382,0.10823107877080661,False,54,18.990112185223467
Values,0,0.52489651076262,0.6922797299650552,False,2,-9.989713876775564
