,t_statistic,p_value,statistically significant,count,delta_ratio
0,-5.347877378113948,1.996114281571037e-07,True,253,47.59286219475911
1,-2.340684337603315,0.023196966668054497,True,52,29.00581401797097
All,-5.654938555917162,3.5863198767910036e-08,True,306,44.447395312202445
