,t_statistic,p_value,statistically significant,count,delta_ratio
0,-4.367037597244419,1.840483116286588e-05,True,253,34.727819995891316
1,-2.4654966414505313,0.01708758700483513,True,52,23.468275369851828
All,-4.656685316437958,4.80262845235135e-06,True,306,32.83418957628052
