Category,t_statistic,p_value,statistically significant,count,delta_ratio
Culture/Tradition,-1.7099373815594716,0.11102182305386969,False,14,34.79163431690402
Ideology/Politics,-1.141648539100859,0.2727516496079709,False,15,42.76869797715988
Personality/Behavior,-4.689044083085712,4.028031944456179e-06,True,330,32.25683455719154
Values,-3.539023318960852,0.0008253032583993178,True,56,28.400352475561174
