Category,Type,t_statistic,p_value,statistically significant,count,delta_ratio
Culture/Tradition,-1,1.485058074667722,0.16136958567710952,False,14,0.6691806502678552
Ideology/Politics,-1,1.2246600838333948,0.24091101256155384,False,15,-15.560215048900494
Personality/Behavior,-1,2.182169436204417,0.032455399608334344,True,71,-13.059078935710605
Personality/Behavior,0,2.172554840246374,0.03149696444635524,True,141,13.35328501132485
Personality/Behavior,1,1.7371651981551797,0.08510713452185545,False,113,-7.069507419704357
Values,-1,-1.8360978540715591,0.07195514928009163,False,54,21.36776779359901
Values,0,0.3878178504507713,0.7644757585469272,False,2,-6.549299641837986
