,t_statistic,p_value,statistically significant,count,delta_ratio
0,-4.7062412448733095,4.165590393937777e-06,True,253,37.34548337264112
1,-2.522400091476283,0.014818593510341175,True,52,24.96507125115204
All,-5.019459051818179,8.824482513015279e-07,True,306,35.26133104357787
