Category,Type,t_statistic,p_value,statistically significant,count,delta_ratio
Culture/Tradition,-1,-1.7099373815594716,0.11102182305386969,False,14,34.79163431690402
Ideology/Politics,-1,-1.141648539100859,0.2727516496079709,False,15,42.76869797715988
Personality/Behavior,-1,-1.1489171428427685,0.25444601399559086,False,72,26.806506728645157
Personality/Behavior,0,-3.6173553679825674,0.00041191001108319494,True,144,37.04197698007042
Personality/Behavior,1,-2.944502590492045,0.003927745379162692,True,114,29.654756441058026
Values,-1,-3.301382369935217,0.0017261270026555457,True,54,27.520719184568065
Values,0,-1.2473050448575544,0.4302238326525311,False,2,52.15045133237517
