,t_statistic,p_value,statistically significant,count,delta_ratio
0,2.8015369895272784,0.005488813835494833,True,248,8.904080772458988
1,2.230404039062312,0.030147901968326472,True,52,-3.9756306908665535
All,2.8213225656851093,0.005101675369389333,True,301,6.79077750901593
