Category,t_statistic,p_value,statistically significant,count,delta_ratio
Culture/Tradition,1.485058074667722,0.16136958567710952,False,14,0.6691806502678552
Ideology/Politics,1.2246600838333948,0.24091101256155384,False,15,-15.560215048900494
Personality/Behavior,3.003501194072332,0.002876759498961587,True,325,0.4823515191838737
Values,-1.7174933527922942,0.09151544641981475,False,56,20.370729670904826
