Category,Type,t_statistic,p_value,statistically significant,count,delta_ratio
Culture/Tradition,-1,1.578489274065992,0.13846785783703167,False,14,-11.336732028572202
Ideology/Politics,-1,1.9743940845408074,0.0699705207395845,False,14,-6.2930630454808165
Personality/Behavior,-1,0.8999336919886503,0.371241115896466,False,71,5.0689772306167695
Personality/Behavior,0,-1.1018908751378265,0.27239984032006903,False,141,10.843308572586038
Personality/Behavior,1,-0.5460060315788265,0.5861575044328844,False,112,4.913347755049206
Values,-1,-3.7361048953997242,0.0004587410286776688,True,54,24.451888573292187
Values,0,-4.132309161876141,0.15115320103100333,False,2,17.214206170835304
