Category,t_statistic,p_value,statistically significant,count,delta_ratio
Culture/Tradition,1.43396311190674,0.17519651786427587,False,14,-0.6247857879945098
Ideology/Politics,1.2371952804936446,0.2363652386429303,False,15,-20.987094113868178
Personality/Behavior,3.1316134592188645,0.00189747644692349,True,324,1.7747655395613424
Values,-1.459594257140936,0.1500900116588457,False,56,20.938281119217923
