Category,t_statistic,p_value,statistically significant,count,delta_ratio
Culture/Tradition,1.3459549910879856,0.20132054504071212,False,14,-3.25488972645128
Ideology/Politics,1.2068082146085524,0.24750237942715606,False,15,-20.296641712550617
Personality/Behavior,2.8298877964818088,0.0049478847999459945,True,324,2.252584481674723
Values,-1.8990285577072683,0.06281088802449569,False,56,19.793147960374974
