Category,Type,t_statistic,p_value,statistically significant,count,delta_ratio
Culture/Tradition,-1,-1.725333727418246,0.10814277913122843,False,14,39.393146640937466
Ideology/Politics,-1,-1.2795924591077417,0.2214883438472721,False,15,42.18525834534498
Personality/Behavior,-1,-3.3449998718987715,0.0013172079734519743,True,72,33.75254993271255
Personality/Behavior,0,-3.996575851130306,0.00010253164190641483,True,144,46.012510669758
Personality/Behavior,1,-2.9000378533860336,0.004484647048944564,True,114,35.59675582009733
Values,-1,-3.451539937884977,0.0011025032390122053,True,54,32.680872361760635
Values,0,-1.2056911949210107,0.4408033822397875,False,2,68.22762922275211
