Category,t_statistic,p_value,statistically significant,count,delta_ratio
Culture/Tradition,1.3146639354535419,0.21134426669195533,False,14,2.1044073073450456
Ideology/Politics,1.1727239736558588,0.2604749322768775,False,15,-16.760061099290493
Personality/Behavior,2.2614740490347125,0.024392496004149337,True,325,6.362304188763174
Values,-2.4117990498586606,0.01923888153473628,True,56,26.86752562798444
