Category,t_statistic,p_value,statistically significant,count,delta_ratio
Culture/Tradition,1.2588082494815107,0.2302357898407462,False,14,0.9143622733039323
Ideology/Politics,1.4350009628594695,0.17324888336156774,False,15,-21.53417308713571
Personality/Behavior,2.73123590960134,0.006656377310944991,True,324,3.943913006960595
Values,-1.4440416421084488,0.1543998694324751,False,56,17.95511839729493
