,t_statistic,p_value,statistically significant,count,delta_ratio
0,2.9849150676334415,0.003122543214564084,True,247,5.387830915316624
1,2.5955245233828035,0.012304940352951384,True,52,-5.549671132025356
All,3.0383522066729682,0.0025887453721761683,True,300,3.5475918182291677
