Category,t_statistic,p_value,statistically significant,count,delta_ratio
Culture/Tradition,-1.7925042941698068,0.09634183303565996,False,14,43.57142444440705
Ideology/Politics,-1.4624999047024214,0.16568898281121636,False,15,58.77374661000647
Personality/Behavior,-5.575883256704015,5.140341480618086e-08,True,330,49.37245812182587
Values,-3.3826210458821033,0.001328633253792411,True,56,39.503288773245565
