,t_statistic,p_value,statistically significant,count,delta_ratio
0,2.8896103770519694,0.004201428731851958,True,247,9.458714190627528
1,1.6279766849078392,0.10969277056532384,False,52,-1.4369091999525008
All,2.9311995787634495,0.0036370530897529806,True,300,7.6311187284388415
