Category,Type,t_statistic,p_value,statistically significant,count,delta_ratio
Culture/Tradition,-1,1.2845381469317836,0.22137224820828258,False,14,1.8762111888279704
Ideology/Politics,-1,1.1992122582868632,0.2503491621567823,False,15,-16.86267578852297
Personality/Behavior,-1,2.070980762681275,0.0420492737839978,True,71,-7.006207002018739
Personality/Behavior,0,1.8787531981774948,0.06235735272360844,False,141,22.059442314268455
Personality/Behavior,1,1.3019482770257949,0.19560538562354982,False,113,-4.824581583535484
Values,-1,-1.9098501683483895,0.06157093242721205,False,54,25.149293595804252
Values,0,-0.016915273834177413,0.9892324291062227,False,2,1.052810152780384
