Category,t_statistic,p_value,statistically significant,count,delta_ratio
Culture/Tradition,1.578489274065992,0.13846785783703167,False,14,-11.336732028572202
Ideology/Politics,1.9743940845408074,0.0699705207395845,False,14,-6.2930630454808165
Personality/Behavior,-0.5714719209958843,0.5680772242263217,False,324,7.528082841586213
Values,-3.9356380018892536,0.0002352744218906806,True,56,24.193399916061583
