Category,t_statistic,p_value,statistically significant,count,delta_ratio
Culture/Tradition,-2.081279924434154,0.05773919074898988,False,14,59.56972169618494
Ideology/Politics,-2.5759437937627583,0.02198198036758516,True,15,90.22504571516552
Personality/Behavior,-8.143727258048637,8.168270490333357e-15,True,328,83.4450009574412
Values,-4.252470763355259,8.264919222898388e-05,True,56,69.21435870239857
