,t_statistic,p_value,statistically significant,count,delta_ratio
0,-5.66308760105746,4.0429475092132416e-08,True,253,46.27380747616133
1,-2.3867088205548415,0.02074716089992167,True,52,28.722526164330898
All,-5.988701346056192,5.9441716540233216e-09,True,306,43.27892259784771
