,t_statistic,p_value,statistically significant,count,delta_ratio
0,2.8150205155432397,0.005272292209180439,True,247,7.978862570041019
1,2.2257034607927184,0.03048141747823862,True,52,-3.952261600479931
All,2.8581838045902432,0.004559991288417962,True,300,5.965048453962438
