Category,Type,t_statistic,p_value,statistically significant,count,delta_ratio
Culture/Tradition,-1,1.43396311190674,0.17519651786427587,False,14,-0.6247857879945098
Ideology/Politics,-1,1.2371952804936446,0.2363652386429303,False,15,-20.987094113868178
Personality/Behavior,-1,2.553353010074499,0.012850377759395593,True,71,-14.249059884375528
Personality/Behavior,0,1.968605230637201,0.050987842856987764,False,140,18.949697927668975
Personality/Behavior,1,1.5703991351364677,0.11914319847630085,False,113,-9.435844453673624
Values,-1,-1.6056447425393634,0.11429459749462205,False,54,22.03464231811848
Values,0,0.49149277839248623,0.7091801835173857,False,2,-8.66347125109718
