Category,Type,t_statistic,p_value,statistically significant,count,delta_ratio
Culture/Tradition,-1,1.333534220966208,0.20525209187947555,False,14,1.7309409090738663
Ideology/Politics,-1,1.1744102649903039,0.259821061204608,False,15,-14.282497081837917
Personality/Behavior,-1,1.7600490927258543,0.08276808721156403,False,71,-5.320150541674194
Personality/Behavior,0,1.7643840573109446,0.07984822156846486,False,141,19.60600440662934
Personality/Behavior,1,1.2456454932299523,0.21549413888597363,False,113,-3.7258866874938463
Values,-1,-2.198807301131773,0.03227805299125734,True,54,28.47420083419071
Values,0,0.10082700418684665,0.9360277334622038,False,2,-0.3150903408695227
