Category,Type,t_statistic,p_value,statistically significant,count,delta_ratio
Culture/Tradition,-1,1.3288266684960524,0.20675839300426888,False,14,7.717716553065731
Ideology/Politics,-1,1.3468387707459897,0.19943096493501974,False,15,-13.56606342840867
Personality/Behavior,-1,2.6715911060895534,0.00938249396220466,True,71,-7.3860222904483654
Personality/Behavior,0,1.2971114978247402,0.19674168703607928,False,140,20.85206410476417
Personality/Behavior,1,1.8005609578576973,0.07446350511991845,False,113,-5.375750581977658
Values,-1,-2.3018387560577604,0.025303363223719812,True,54,30.080390576913953
Values,0,-0.3499991715847097,0.7856666229514746,False,2,17.39624777518345
