,t_statistic,p_value,statistically significant,count,delta_ratio
0,3.2273851613746074,0.0014190356450500474,True,247,3.7123477918521255
1,2.5901410322292047,0.01247581349822562,True,52,-7.086883946587378
All,3.271442636672998,0.001195211627706729,True,300,1.9287609629139102
