,t_statistic,p_value,statistically significant,count,delta_ratio
0,-5.48749639203311,9.921643973486843e-08,True,253,45.81319555937644
1,-2.3405024755479973,0.023207139467227588,True,52,29.39172916899007
All,-5.811671000668436,1.5569610078678827e-08,True,306,43.03269892095027
