,t_statistic,p_value,statistically significant,count,delta_ratio
0,-4.953681624753496,1.3361553028553217e-06,True,253,47.429417936378485
1,-2.209059636051997,0.031688703819175344,True,52,29.48153615327494
All,-5.274474725259045,2.5281594254689604e-07,True,306,44.36772287778426
