,t_statistic,p_value,statistically significant,count,delta_ratio
0,-5.268153442861375,2.9577267698375526e-07,True,253,42.74697884402598
1,-2.2248252034296865,0.030544092115815186,True,52,28.387281577306066
All,-5.602403881455759,4.725368574891349e-08,True,306,40.32009556878285
