Category,t_statistic,p_value,statistically significant,count,delta_ratio
Culture/Tradition,1.3288266684960524,0.20675839300426888,False,14,7.717716553065731
Ideology/Politics,1.3468387707459897,0.19943096493501974,False,15,-13.56606342840867
Personality/Behavior,2.619987473406427,0.009208558768497039,True,324,5.516733260128624
Values,-2.3540900009496153,0.022167421916798803,True,56,29.627385476852158
