Category,t_statistic,p_value,statistically significant,count,delta_ratio
Culture/Tradition,1.0406727059641827,0.31699590989560267,False,14,3.1838681189705995
Ideology/Politics,1.2147113119133557,0.24456724913495267,False,15,-17.898237378716345
Personality/Behavior,2.617851118184467,0.009265176378780614,True,324,5.868221357881208
Values,-1.7163103925304564,0.0917332509994951,False,56,18.68671727173107
