,t_statistic,p_value,statistically significant,count,delta_ratio
0,2.68826102613716,0.00767117906738671,True,248,9.409560847903489
1,1.9592504734842855,0.055560794211442846,False,52,-2.5601656160399564
All,2.7035644580887936,0.007251315385516206,True,301,7.4723444253815146
