Category,Type,t_statistic,p_value,statistically significant,count,delta_ratio
Culture/Tradition,-1,-1.7586359879380027,0.10214046044043962,False,14,37.92000475391743
Ideology/Politics,-1,-1.365780429466111,0.19354931682047435,False,15,50.76571807834911
Personality/Behavior,-1,-3.40653426777198,0.0010866401093058728,True,72,35.4455003168189
Personality/Behavior,0,-3.9983728064224837,0.0001018345449716188,True,144,46.46808681706397
Personality/Behavior,1,-2.623202407315989,0.009913000673697023,True,114,36.37511118317537
Values,-1,-3.1623519899944754,0.0025894413347871243,True,54,32.55464294014128
Values,0,-1.2285830973622904,0.4349302220841336,False,2,71.05212927580044
