Category,Type,t_statistic,p_value,statistically significant,count,delta_ratio
Culture/Tradition,-1,-2.081279924434154,0.05773919074898988,False,14,59.56972169618494
Ideology/Politics,-1,-2.5759437937627583,0.02198198036758516,True,15,90.22504571516552
Personality/Behavior,-1,-4.789137559893694,9.240247065034243e-06,True,70,82.82020894030924
Personality/Behavior,0,-5.389216163725341,2.847674525179018e-07,True,144,94.87372395525553
Personality/Behavior,1,-3.9745649446052655,0.0001246107926626541,True,114,69.39236349703751
Values,-1,-4.078838129473721,0.00015287938723711916,True,54,64.33603338889617
Values,0,-1.32925898172369,0.4106011310776395,False,2,200.92914216696408
