Category,Type,t_statistic,p_value,statistically significant,count,delta_ratio
Culture/Tradition,-1,1.2070881363963446,0.2489034884026858,False,14,-0.7422436932347424
Ideology/Politics,-1,1.1972577081804834,0.25108577086574524,False,15,-18.088798275441622
Personality/Behavior,-1,1.9045029292805598,0.06095446493864445,False,71,-7.717224267235015
Personality/Behavior,0,1.6549768313691082,0.1001692967231841,False,141,13.289360123611424
Personality/Behavior,1,1.3022920343163715,0.1955123019078571,False,112,-3.6651350433239034
Values,-1,-1.9229620046681517,0.05986510865884328,False,54,20.2592791923994
Values,0,0.20223361995566136,0.8729673971685044,False,2,-3.9233917672635155
