Category,t_statistic,p_value,statistically significant,count,delta_ratio
Culture/Tradition,1.2845381469317836,0.22137224820828258,False,14,1.8762111888279704
Ideology/Politics,1.1992122582868632,0.2503491621567823,False,15,-16.86267578852297
Personality/Behavior,2.552022588278356,0.011168556316783566,True,325,6.362347539166192
Values,-1.8980556611399098,0.06294154390438254,False,56,24.288704901410547
