Category,Type,t_statistic,p_value,statistically significant,count,delta_ratio
Culture/Tradition,-1,1.4425805093213773,0.1727973426382562,False,14,-3.6508540736404473
Ideology/Politics,-1,1.2399933097825266,0.2353598014853213,False,15,-24.396967298195833
Personality/Behavior,-1,2.4869608230625633,0.01527085560821805,True,71,-14.869429046291554
Personality/Behavior,0,2.032655684223949,0.04399144538391457,True,140,11.799019685661799
Personality/Behavior,1,1.4616263004026473,0.14664372637322484,False,113,-7.797963680254735
Values,-1,-1.5707251208283013,0.12219801697579548,False,54,14.420175170721738
Values,0,0.4300568664262112,0.7414393941503338,False,2,-6.373584658131206
