Category,t_statistic,p_value,statistically significant,count,delta_ratio
Culture/Tradition,1.4425805093213773,0.1727973426382562,False,14,-3.6508540736404473
Ideology/Politics,1.2399933097825266,0.2353598014853213,False,15,-24.396967298195833
Personality/Behavior,3.2105404581968986,0.001458068500742643,True,324,-0.8797425992680052
Values,-1.4255651387722572,0.1596448483337347,False,56,13.677540891119852
