,t_statistic,p_value,statistically significant,count,delta_ratio
0,3.214206031261451,0.0014822842514219813,True,248,2.1658373214780067
1,2.109303005725722,0.039847533873476254,True,52,-5.4462947271478805
All,3.236838886740169,0.0013439060172407927,True,301,0.9423324191639458
