Category,Type,t_statistic,p_value,statistically significant,count,delta_ratio
Culture/Tradition,-1,1.3459549910879856,0.20132054504071212,False,14,-3.25488972645128
Ideology/Politics,-1,1.2068082146085524,0.24750237942715606,False,15,-20.296641712550617
Personality/Behavior,-1,2.2076936679292922,0.030544649169406735,True,71,-9.776652968850467
Personality/Behavior,0,1.5355222885072937,0.12692869960552505,False,140,15.254426120901751
Personality/Behavior,1,1.492472676460263,0.13838683994432624,False,113,-6.297698443143821
Values,-1,-1.98662151372914,0.0521451846011934,False,54,20.784925085566748
Values,0,0.38439246599201715,0.7663735131927135,False,2,-6.984834419802996
