,t_statistic,p_value,statistically significant,count,delta_ratio
0,-5.308269658521523,2.4280846626398976e-07,True,253,46.17336298231492
1,-2.3965287139159885,0.02025552931564831,True,52,26.880307954079296
All,-5.6031182067193335,4.70774146864785e-08,True,306,42.873419755373554
