,t_statistic,p_value,statistically significant,count,delta_ratio
0,-5.664778372428095,4.0077514598400515e-08,True,253,58.5228732167412
1,-2.508527256474928,0.01534505592234889,True,52,33.50320820131168
All,-5.992043981676943,5.835870838201612e-09,True,306,54.244952175556435
