,t_statistic,p_value,statistically significant,count,delta_ratio
0,-0.22934174683940112,0.8187946491178099,False,246,11.422136524797065
1,0.5630391854893882,0.5758752573641679,False,52,2.6314437961237944
All,-0.12244518926603357,0.9026289849438853,False,299,9.884543742480558
