Category,Type,t_statistic,p_value,statistically significant,count,delta_ratio
Culture/Tradition,-1,1.3146639354535419,0.21134426669195533,False,14,2.1044073073450456
Ideology/Politics,-1,1.1727239736558588,0.2604749322768775,False,15,-16.760061099290493
Personality/Behavior,-1,1.8749152368655098,0.06497638069496266,False,71,-5.847693638413586
Personality/Behavior,0,1.3613710375076387,0.17558348545190994,False,141,19.083672637271093
Personality/Behavior,1,1.3578546047927706,0.1772391727799426,False,113,-1.8394932051312176
Values,-1,-2.3477924988505254,0.022650562623883437,True,54,27.559792896185876
Values,0,-0.6852339831300124,0.6175525878409298,False,2,8.176309386545658
