,t_statistic,p_value,statistically significant,count,delta_ratio
0,-2.9712564232901624,0.0034693350809348166,True,147,15.397004540546746
1,-3.884762946382818,0.0002547707210469817,True,62,12.56804877259243
All,-3.9320769417800676,0.00011469429268729662,True,209,14.557792781632065
