Category,t_statistic,p_value,statistically significant,count,delta_ratio
Ideology/Politics,-3.6650765165959536,0.00037070182580782384,True,120,11.440728861748052
Institutions,-2.55356827077694,0.019950341068673196,True,19,10.953013064382565
Occupation/Social Status,-0.7193228567785012,0.47380569726908783,False,91,12.302594808253204
Other,-0.9840920224796256,0.35078445306271333,False,10,12.201893729724244
Personality/Behavior,-3.4360163715604526,0.0017002772917764483,True,32,19.452620841351155
Residential Area,-1.3219563045705265,0.1958550644975765,False,32,10.341175902857541
