,t_statistic,p_value,statistically significant,count,delta_ratio
0,-5.460936093340577,2.0231701308332162e-07,True,145,304.32960315037155
1,-2.742527083895829,0.008025260206730615,True,61,158.98201918480922
All,-6.023555737518437,7.790060832776397e-09,True,206,261.2897845974623
