,t_statistic,p_value,statistically significant,count,delta_ratio
0,-5.262347947833565,4.979707615056949e-07,True,147,332.4974842779094
1,-2.671116376067058,0.009716661896893334,True,61,157.40602368277544
All,-5.793547448430547,2.5377423041305855e-08,True,208,281.14854631491346
