,t_statistic,p_value,statistically significant,count,delta_ratio
0,-5.317434151460756,3.899000814954066e-07,True,146,279.3162988720311
1,-2.7869519393876376,0.007114055622355486,True,61,155.45636510339995
All,-5.878751883259925,1.646274774005825e-08,True,207,242.8165116262026
