,t_statistic,p_value,statistically significant,count,delta_ratio
0,-4.875642198921921,2.799026836784015e-06,True,147,18.449013129412577
1,-3.981112082347762,0.00018511013261365134,True,62,13.758958002567462
All,-5.946026313251201,1.146609132659959e-08,True,209,17.057704909965704
