,t_statistic,p_value,statistically significant,count,delta_ratio
0,-5.331325676365173,3.6576705368343846e-07,True,146,292.42989329859483
1,-2.646748317820734,0.01036458278942125,True,61,154.0123052395889
All,-5.87518424555814,1.676922868786426e-08,True,207,251.6401692812066
