Category,t_statistic,p_value,statistically significant,count,delta_ratio
Ideology/Politics,-3.718080310964511,0.000308552568956488,True,119,146.72332476804155
Institutions,-5.473437223689461,4.120711370563472e-05,True,18,169.24689726544096
Occupation/Social Status,-4.196920188390306,6.504675690510023e-05,True,88,217.89959255631092
Other,-1.1576355807042824,0.27681070922095113,False,10,239.02324530364405
Personality/Behavior,-2.347844287016155,0.025670602344343655,True,31,276.6462250904814
Residential Area,-3.3764062970074913,0.0019415937548273748,True,33,307.3322364482297
