,t_statistic,p_value,statistically significant,count,delta_ratio
0,-5.377304440923594,2.9338681631353756e-07,True,147,374.4009468619251
1,-2.652535012699391,0.010207248384064659,True,61,161.03136705069778
All,-5.899069598186969,1.4728831038685945e-08,True,208,311.8262143211325
