Category,t_statistic,p_value,statistically significant,count,delta_ratio
Ideology/Politics,-3.448635863933557,0.00078191816509127,True,119,153.1298572619584
Institutions,-5.026631326241833,0.00010364329270682263,True,18,180.616699774057
Occupation/Social Status,-4.3058185504919475,4.393231841689269e-05,True,87,210.0162275236881
Other,-1.1066795898074513,0.2971337901430913,False,10,373.5371357896155
Personality/Behavior,-2.596753609979763,0.014099579155543074,True,33,328.9307515264298
Residential Area,-3.049398232883723,0.0045772858937042655,True,33,333.694191686385
