Category,t_statistic,p_value,statistically significant,count,delta_ratio
Ideology/Politics,-5.494164100448923,2.2662305713403118e-07,True,120,16.78606747471421
Institutions,-3.0527189549590745,0.006851687766056746,True,19,12.317881660351622
Occupation/Social Status,-5.648199040760888,1.8735561363909975e-07,True,91,21.281804803258474
Other,-1.6903704965863255,0.12521747505580733,False,10,19.609168201392
Personality/Behavior,-2.850526315644279,0.007577401266483338,True,33,21.2801970734471
Residential Area,-3.195305399055547,0.0032036828663071807,True,32,13.602444249746986
