,t_statistic,p_value,statistically significant,count,delta_ratio
0,-2.9324038569009416,0.003894977253785753,True,150,14.510266131498259
1,-3.0133180354243403,0.0037597326409309515,True,62,11.286605602861878
All,-3.461830832655216,0.0006493723104928254,True,212,13.567497486331012
