Category,t_statistic,p_value,statistically significant,count,delta_ratio
Ideology/Politics,-6.7708885020824985,5.702177387310933e-10,True,116,125.85978665206545
Institutions,-5.71756336397537,2.5148571008512216e-05,True,18,129.31667296415577
Occupation/Social Status,-7.619202277245325,2.7583454407947497e-11,True,89,144.71516823576533
Other,-1.4081381485130953,0.1926826044694667,False,10,157.6531642322116
Personality/Behavior,-3.571408824205139,0.001147388323527844,True,33,205.13923411766353
Residential Area,-3.9924988837830986,0.0003436960532937365,True,34,248.60727150943836
