Category,t_statistic,p_value,statistically significant,count,delta_ratio
Ideology/Politics,-3.541013511005443,0.0005715726945212139,True,119,169.07135315944174
Institutions,-4.693432178285945,0.00020910015256202295,True,18,186.43975486860163
Occupation/Social Status,-4.610288048540041,1.3877823388059369e-05,True,87,195.13764008995628
Other,-1.1274056455408301,0.28872983663432855,False,10,526.1024974430564
Personality/Behavior,-2.6171174753377646,0.013427516515450683,True,33,401.92218384093997
Residential Area,-2.7400930571797084,0.009833222820761557,True,34,428.1903087268863
