,t_statistic,p_value,statistically significant,count,delta_ratio
0,-4.592331956925468,9.299325450918453e-06,True,149,386.1119392258281
1,-2.812883227888195,0.006627190631987908,True,61,164.38370264297504
All,-4.965080398640626,1.4239409272552294e-06,True,210,321.70516574223745
