,t_statistic,p_value,statistically significant,count,delta_ratio
0,-5.014133676013619,1.513119922357421e-06,True,148,374.4210849209439
1,-2.6013070376608165,0.011679055711876154,True,61,153.83956072992535
All,-5.466236310117594,1.3089304908692877e-07,True,209,310.04083144892405
