,t_statistic,p_value,statistically significant,count,delta_ratio
0,-5.545270136366948,1.34997395012322e-07,True,146,256.946586283812
1,-3.2781930264475143,0.001740712427261441,True,61,151.39449918236215
All,-6.202202100517582,2.9997163786025396e-09,True,207,225.84186496406105
