,t_statistic,p_value,statistically significant,count,delta_ratio
0,-4.90716612869321,2.439264542180529e-06,True,147,350.6334265440734
1,-2.6309681672663032,0.010804934637903454,True,61,160.19445737072337
All,-5.392171193735781,1.8907550611977993e-07,True,208,294.7835365461198
