,t_statistic,p_value,statistically significant,count,delta_ratio
0,-2.754556196558519,0.0066201878884289194,True,148,14.02100064318595
1,-3.5511468434549207,0.0007460923439571423,True,62,11.442954344038293
All,-3.625582379770061,0.00036220532994054596,True,210,13.259863164389976
