Category,t_statistic,p_value,statistically significant,count,delta_ratio
Ideology/Politics,-3.3567116400421293,0.0010619178190004752,True,119,167.0997102319026
Institutions,-5.076792844007448,9.334276135967221e-05,True,18,191.67446859898536
Occupation/Social Status,-4.3395945788849595,3.874303567772703e-05,True,87,202.26420707985523
Other,-1.1354364384188376,0.2855244327174421,False,10,439.57913864478223
Personality/Behavior,-2.2326285965734174,0.033186689652613614,True,31,411.35128226858944
Residential Area,-3.1649635673620273,0.003393492519676295,True,33,322.1624764186932
