,t_statistic,p_value,statistically significant,count,delta_ratio
0,-5.1946207154534205,6.729235198329485e-07,True,148,20.063603004192963
1,-4.0620040120393055,0.00014115033074753428,True,62,14.141537366999971
All,-6.155287324134006,3.773712098999323e-09,True,210,18.315183625593125
