,t_statistic,p_value,statistically significant,count,delta_ratio
0,-5.37659035360737,3.0187040651857213e-07,True,144,293.7584084075487
1,-2.777600154918529,0.007297566328674074,True,61,158.40291890119653
All,-5.934541090637555,1.248253684793236e-08,True,205,253.4818968959025
