,t_statistic,p_value,statistically significant,count,delta_ratio
0,-4.650211550081052,7.287832622490376e-06,True,149,362.7045053277022
1,-2.742484649847067,0.008026179610751622,True,61,161.69191845072706
All,-5.064689778191101,8.968650533933911e-07,True,210,304.31513485391406
