,t_statistic,p_value,statistically significant,count,delta_ratio
0,-7.945431863395987,4.646160174156861e-13,True,148,185.46029821689416
1,-6.336053014435523,3.5575268164526494e-08,True,60,125.36690516442994
All,-9.356327612713258,1.4076020463218345e-17,True,208,168.12566560560637
