,t_statistic,p_value,statistically significant,count,delta_ratio
0,-4.454631689367177,1.6538752872543774e-05,True,148,17.326064638640062
1,-4.239160779644415,7.725020930532846e-05,True,62,12.632186162859723
All,-5.4039860569914175,1.7690299644679084e-07,True,210,15.940252898171584
