Category,t_statistic,p_value,statistically significant,count,delta_ratio
Culture/Tradition,1.9306926439449912,0.07562455769704651,False,14,-21.82933488685104
Ideology/Politics,1.354336934579605,0.19708556235494495,False,15,-45.39323418643783
Personality/Behavior,4.089504958613395,5.455111241980856e-05,True,326,-26.236629027689627
Values,0.31026786165979214,0.7575299520468772,False,56,-3.5843602771549388
