Category,t_statistic,p_value,statistically significant,count,delta_ratio
Culture/Tradition,-2.4668896300787346,0.02829984587913722,True,14,28.31021557710372
Ideology/Politics,-1.3347320463295589,0.20326561318083483,False,15,27.373900109666465
Personality/Behavior,-9.159666726427071,5.849333758538634e-18,True,328,27.902384333111698
Values,-4.959589279576517,7.150871034691417e-06,True,56,25.794028902055764
