Category,Type,t_statistic,p_value,statistically significant,count,delta_ratio
Culture/Tradition,-1,-2.020095418702397,0.06447457669954627,False,14,27.655990849184597
Ideology/Politics,-1,-0.8770089536332061,0.3952821979721991,False,15,21.278941783196288
Personality/Behavior,-1,0.5530292339360535,0.5819805575145716,False,72,16.990522495709808
Personality/Behavior,0,-3.7988841953821804,0.00021430986714657743,True,144,26.158803318547037
Personality/Behavior,1,-4.03780982989035,9.859624964533941e-05,True,114,19.169707710020905
Values,-1,-3.532984690569847,0.0008608471765089954,True,54,18.67672620404472
Values,0,-1.5495095236232195,0.3648533658318476,False,2,32.54387650852163
