Category,t_statistic,p_value,statistically significant,count,delta_ratio
Culture/Tradition,2.183963028864445,0.047886125719143226,True,14,-21.222160551808997
Ideology/Politics,1.4073072908566775,0.18114918081810777,False,15,-46.55523326928248
Personality/Behavior,4.136129062965474,4.508726281873309e-05,True,324,-30.24872179962483
Values,1.558169725438395,0.12492914625676005,False,56,-9.284155686411133
