Category,Type,t_statistic,p_value,statistically significant,count,delta_ratio
Culture/Tradition,-1,2.215765028718746,0.04516943441082085,True,14,-24.742954120602736
Ideology/Politics,-1,3.589892192616779,0.0032949537645641444,True,14,-40.15157783900683
Personality/Behavior,-1,4.7166763667907805,1.2102470961782594e-05,True,70,-30.691983400083302
Personality/Behavior,0,6.176276003796174,6.806742320451993e-09,True,140,-25.26087744515556
Personality/Behavior,1,5.837221300464462,5.351718595855143e-08,True,112,-25.81130363070942
Values,-1,4.57292351791237,2.9253014502832182e-05,True,54,-15.111241192016792
Values,0,2.2523799579791475,0.26600017999053727,False,2,-18.798460234337234
