Category,Type,t_statistic,p_value,statistically significant,count,delta_ratio
Culture/Tradition,-1,-2.0169314663981797,0.06484186973776238,False,14,23.55771827540975
Ideology/Politics,-1,-0.35603957358007443,0.7271190122121268,False,15,14.374732760223532
Personality/Behavior,-1,0.8802705014871237,0.3816827154104856,False,72,11.522472130211456
Personality/Behavior,0,-1.393267866663524,0.1657007131068487,False,144,20.552455191368814
Personality/Behavior,1,-3.3532373184766784,0.0010874817581364954,True,114,15.74362473174101
Values,-1,-3.2607559387289253,0.0019451866954037866,True,54,15.063971640882782
Values,0,-1.4831791301424004,0.37765475627600986,False,2,26.950019203809678
