Category,Type,t_statistic,p_value,statistically significant,count,delta_ratio
Culture/Tradition,-1,2.04222527698581,0.06195877483356454,False,14,-19.47529249924282
Ideology/Politics,-1,1.4464262354790025,0.17007379647041634,False,15,-45.52248511448737
Personality/Behavior,-1,1.9409682833956583,0.05623239294704664,False,72,-36.07138753825366
Personality/Behavior,0,2.708065801001329,0.0076117285052179524,True,141,-22.088752616585687
Personality/Behavior,1,2.4066289525621283,0.017736110833341305,True,113,-30.43740375816052
Values,-1,0.5738822111904084,0.5684750532678444,False,54,-5.916155975418965
Values,0,1.366266668757028,0.40223556055347953,False,2,-29.632168436491053
