,t_statistic,p_value,statistically significant,count,delta_ratio
0,4.056579491227286,6.682039376584968e-05,True,248,-29.557140645611625
1,4.452420852268561,4.644061620218281e-05,True,52,-27.621000483635104
All,4.1266603675826214,4.773295520017246e-05,True,301,-29.24095815923459
