Category,Type,t_statistic,p_value,statistically significant,count,delta_ratio
Culture/Tradition,-1,1.906748820978949,0.07889624418055988,False,14,-24.359458243167474
Ideology/Politics,-1,1.3650627310067545,0.1937695694847527,False,15,-47.23201361643761
Personality/Behavior,-1,2.0824745582764748,0.040903165686581325,True,72,-37.219294535070816
Personality/Behavior,0,2.697108980490843,0.007853701910387928,True,141,-24.688838154033423
Personality/Behavior,1,1.9322342322284896,0.05587917585418895,False,112,-29.491154910913973
Values,-1,1.4462055160070355,0.15400772602187238,False,54,-10.661039181224941
Values,0,2.7260139146887052,0.22383171656107595,False,2,-34.45243260342646
