Category,t_statistic,p_value,statistically significant,count,delta_ratio
Culture/Tradition,2.1210769376730494,0.053715125485744225,False,14,-19.939279045071075
Ideology/Politics,1.4783945740719349,0.16144618910896835,False,15,-44.115718949433834
Personality/Behavior,3.905946882499592,0.00011425481154113541,True,325,-29.14692035479104
Values,0.8878604935641685,0.3784821864598178,False,56,-6.778663030397503
