Category,Type,t_statistic,p_value,statistically significant,count,delta_ratio
Culture/Tradition,-1,-1.9757375115209652,0.06980300797012978,False,14,28.677059618164165
Ideology/Politics,-1,-0.9898983536884214,0.3390248907892939,False,15,24.371712673250542
Personality/Behavior,-1,-0.018264709375487773,0.9854789110394178,False,72,20.052857229815757
Personality/Behavior,0,-3.7110623831183194,0.00029482441003515005,True,144,28.278551763197623
Personality/Behavior,1,-3.374399372084868,0.0010143369721213036,True,114,21.683807428537904
Values,-1,-4.002035815008153,0.0001962982273776808,True,54,20.755601130219706
Values,0,-1.4724418584092114,0.3798016654859223,False,2,43.35980404274932
