Category,t_statistic,p_value,statistically significant,count,delta_ratio
Culture/Tradition,-1.9589183589976844,0.07192694399675553,False,14,27.876838063615732
Ideology/Politics,-0.7670213502438883,0.4558098078733783,False,15,22.135909030263896
Personality/Behavior,-2.901235177895331,0.003967347199017118,True,330,21.785782984312835
Values,-3.566916160661133,0.0007572298054668668,True,56,20.229497814965722
