Category,t_statistic,p_value,statistically significant,count,delta_ratio
Culture/Tradition,2.1125311404426648,0.05455655222309175,False,14,-19.136702510791185
Ideology/Politics,1.6743983039383963,0.11623671085049611,False,15,-47.858939856055166
Personality/Behavior,4.236895178461691,2.9624466144409703e-05,True,323,-29.027648427156738
Values,1.6531686441892797,0.103994154082488,False,56,-11.3244835311326
