Category,Type,t_statistic,p_value,statistically significant,count,delta_ratio
Culture/Tradition,-1,2.183963028864445,0.047886125719143226,True,14,-21.222160551808997
Ideology/Politics,-1,1.4073072908566775,0.18114918081810777,False,15,-46.55523326928248
Personality/Behavior,-1,1.8715685676874132,0.0654450722108844,False,71,-40.94117725588908
Personality/Behavior,0,3.373547917538082,0.0009617148395298288,True,140,-23.645310105014058
Personality/Behavior,1,2.1617918293548266,0.03276246021942095,True,113,-31.711671355826127
Values,-1,1.2413599102026263,0.21993891130605203,False,54,-8.367316012514312
Values,0,1.2678239514758216,0.4251635348624734,False,2,-34.0388268816253
