Category,t_statistic,p_value,statistically significant,count,delta_ratio
Culture/Tradition,-1.9812469362441576,0.0691198745433055,False,14,21.329564869385955
Ideology/Politics,-0.3637757044032056,0.7214603237793131,False,15,11.647314905699812
Personality/Behavior,0.9315889454776808,0.3522321000493337,False,330,13.048569744279748
Values,-4.01444968777924,0.0001819808599979236,True,56,13.059504173386967
