,t_statistic,p_value,statistically significant,count,delta_ratio
0,4.360046692185362,1.9155547450446848e-05,True,246,-30.012690376408678
1,3.998659056184984,0.0002060088135603267,True,52,-28.013588607342456
All,4.47199849291571,1.103095048327198e-05,True,299,-29.672511729876643
