,t_statistic,p_value,statistically significant,count,delta_ratio
0,4.114943296352171,5.28686978421563e-05,True,247,-31.177044022696638
1,4.046570450248337,0.00017656592718200104,True,52,-29.564169401043916
All,4.201232324689782,3.508140052073804e-05,True,300,-30.922695985925273
