,t_statistic,p_value,statistically significant,count,delta_ratio
0,-4.4533512371940605,1.2713730038415133e-05,True,253,26.69650226267843
1,-2.4308437468761834,0.018618682331172445,True,52,16.24940583904341
All,-4.825982318978295,2.2054971017538414e-06,True,306,24.876322186175198
