Category,Type,t_statistic,p_value,statistically significant,count,delta_ratio
Culture/Tradition,-1,1.8997029854850702,0.07988321009859763,False,14,-16.95589246738462
Ideology/Politics,-1,1.8059665583390703,0.09246348466413844,False,15,-42.40383689087903
Personality/Behavior,-1,3.9427712778590243,0.0001886952782936359,True,71,-35.494948208014485
Personality/Behavior,0,3.4815381528552924,0.0006666414430171494,True,140,-19.89333220794885
Personality/Behavior,1,2.7112432055713183,0.007759620362128965,True,113,-30.574015708608737
Values,-1,0.9734134038084984,0.33476978558476134,False,54,-7.317131940039924
Values,0,0.49814749646885187,0.7057769359406547,False,2,-14.981794928392823
