Category,t_statistic,p_value,statistically significant,count,delta_ratio
Culture/Tradition,2.0337029014136956,0.06291669712490965,False,14,-20.97395640095445
Ideology/Politics,1.3735038928142884,0.19119197233173493,False,15,-47.13352130663152
Personality/Behavior,3.78341238688503,0.00018412916864709604,True,326,-28.90604961925814
Values,0.8958636321354714,0.37422989950350194,False,56,-8.243740763621933
