,t_statistic,p_value,statistically significant,count,delta_ratio
0,8.626195772476633,8.358402083058762e-16,True,244,-27.386637433472522
1,4.637301964187815,2.488733465390046e-05,True,52,-25.731526091203648
All,9.388466038434077,1.6865001383151967e-18,True,297,-27.107522840765654
