Category,t_statistic,p_value,statistically significant,count,delta_ratio
Culture/Tradition,-2.020095418702397,0.06447457669954627,False,14,27.655990849184597
Ideology/Politics,-0.8770089536332061,0.3952821979721991,False,15,21.278941783196288
Personality/Behavior,-1.8819203551297028,0.0607293772449388,False,330,21.744036292437162
Values,-3.811821565353184,0.00035053561712584453,True,56,19.17198157206175
