Category,t_statistic,p_value,statistically significant,count,delta_ratio
Culture/Tradition,2.04222527698581,0.06195877483356454,False,14,-19.47529249924282
Ideology/Politics,1.4464262354790025,0.17007379647041634,False,15,-45.52248511448737
Personality/Behavior,3.83054285123305,0.00015344201933060222,True,326,-28.07079952872694
Values,0.8320872602872762,0.4089580668860002,False,56,-6.763156420457253
