,t_statistic,p_value,statistically significant,count,delta_ratio
0,4.0305977543375215,7.414023011024441e-05,True,248,-30.414486299030578
1,4.185894129031128,0.0001122702755614047,True,52,-28.49334705562371
All,4.119557763530169,4.91465762238243e-05,True,301,-30.0776814658339
