Category,t_statistic,p_value,statistically significant,count,delta_ratio
Culture/Tradition,2.215765028718746,0.04516943441082085,True,14,-24.742954120602736
Ideology/Politics,3.589892192616779,0.0032949537645641444,True,14,-40.15157783900683
Personality/Behavior,9.401453327621779,1.054278875316153e-18,True,322,-26.63300523902815
Values,4.883650449435174,9.35930212426838e-06,True,56,-15.242927586385383
