,t_statistic,p_value,statistically significant,count,delta_ratio
0,-3.2195014053089266,0.0014527324143910438,True,253,27.811110865606448
1,-2.285812742131819,0.026453269883278584,True,52,17.025741377527005
All,-3.521460610545232,0.0004947422311572222,True,306,25.95020142749443
