,t_statistic,p_value,statistically significant,count,delta_ratio
0,5.2102316400892486,3.9910343108851454e-07,True,247,-27.21524186655436
1,4.228627152994978,9.759196797333156e-05,True,52,-26.38270574148128
All,5.381074346715978,1.4976069508528104e-07,True,300,-27.081692944838824
