Category,Type,t_statistic,p_value,statistically significant,count,delta_ratio
Culture/Tradition,-1,-2.0625961296273974,0.059723459929419534,False,14,30.97131503886756
Ideology/Politics,-1,-1.1736866396518282,0.26010149730277443,False,15,21.913082181669377
Personality/Behavior,-1,-0.18279274606662013,0.8554815980579844,False,72,18.10793179815391
Personality/Behavior,0,-4.727214485194395,5.3944812391509125e-06,True,144,28.33841516300722
Personality/Behavior,1,-4.149498254489807,6.482245644697438e-05,True,114,19.53712165436472
Values,-1,-4.457784424461806,4.328713260217276e-05,True,54,20.34356187047065
Values,0,-1.5596676732456338,0.36296065586133774,False,2,38.14999124968986
