Category,t_statistic,p_value,statistically significant,count,delta_ratio
Culture/Tradition,1.9112232396100495,0.07827524398871392,False,14,-23.339157165480763
Ideology/Politics,1.3497162781806333,0.19852822667564957,False,15,-48.22300341014472
Personality/Behavior,4.18718502287341,3.6439336640376566e-05,True,325,-29.57624909030998
Values,1.0828389799534668,0.283604431529045,False,56,-9.013103494952524
