Category,Type,t_statistic,p_value,statistically significant,count,delta_ratio
Culture/Tradition,-1,1.9306926439449912,0.07562455769704651,False,14,-21.82933488685104
Ideology/Politics,-1,1.354336934579605,0.19708556235494495,False,15,-45.39323418643783
Personality/Behavior,-1,2.053860131140287,0.043672869684655356,True,72,-34.71706483168319
Personality/Behavior,0,2.8214879055002835,0.0054757428304137235,True,141,-20.45673225412326
Personality/Behavior,1,2.499764950528361,0.013876669686949655,True,113,-28.045249091276553
Values,-1,0.11663387756447022,0.907591033681433,False,54,-2.9361708037391248
Values,0,1.0987391365778234,0.47007109207833897,False,2,-21.085476059381886
