,t_statistic,p_value,statistically significant,count,delta_ratio
0,3.927680480395519,0.00011122659789657083,True,249,-29.41332291462698
1,4.054548198437231,0.00017207649044826702,True,52,-27.973931523225655
All,3.9839290718121285,8.508420154957336e-05,True,302,-29.14966109980709
