Category,t_statistic,p_value,statistically significant,count,delta_ratio
Culture/Tradition,2.157735353712769,0.050241272012203075,False,14,-19.458322643913398
Ideology/Politics,1.4804470262418112,0.16090501403450896,False,15,-49.12097591743334
Personality/Behavior,4.561595241536403,7.211364936149974e-06,True,325,-30.437556866684574
Values,2.158196688394876,0.03529446927947049,True,56,-14.37686408195524
