Category,t_statistic,p_value,statistically significant,count,delta_ratio
Culture/Tradition,1.9816131363229412,0.06907468621241031,False,14,-23.235874047659248
Ideology/Politics,1.3607477417067158,0.19509809246009022,False,15,-48.745613204041796
Personality/Behavior,4.167777776203136,3.954008929101906e-05,True,324,-29.969995017179833
Values,1.6413202140062244,0.10643779283130317,False,56,-11.67004647969084
