,t_statistic,p_value,statistically significant,count,delta_ratio
0,-1.7585671110309582,0.07986486110557348,False,253,22.586771187332264
1,-0.9711090981524961,0.3360772947881988,False,52,13.586679805645762
All,-1.8893827453270042,0.05978890664853096,False,306,21.044728664699758
