Category,t_statistic,p_value,statistically significant,count,delta_ratio
Culture/Tradition,1.8997029854850702,0.07988321009859763,False,14,-16.95589246738462
Ideology/Politics,1.8059665583390703,0.09246348466413844,False,15,-42.40383689087903
Personality/Behavior,5.225964943433147,3.115037630492905e-07,True,324,-27.03725804615634
Values,1.1239733992316459,0.2659061678525559,False,56,-7.590869903909669
