Category,Type,t_statistic,p_value,statistically significant,count,delta_ratio
Culture/Tradition,-1,2.0337029014136956,0.06291669712490965,False,14,-20.97395640095445
Ideology/Politics,-1,1.3735038928142884,0.19119197233173493,False,15,-47.13352130663152
Personality/Behavior,-1,1.93374221828386,0.05713171038249728,False,72,-37.32580661610674
Personality/Behavior,0,2.6920124348262457,0.007968611133131315,True,141,-23.38710283663748
Personality/Behavior,1,2.1438746039748517,0.03420561309208066,True,113,-30.42772211993438
Values,-1,0.582473257308048,0.5627178786625534,False,54,-7.481711587562908
Values,0,1.1132075417569904,0.4659279404152591,False,2,-28.818528517215537
