,t_statistic,p_value,statistically significant,count,delta_ratio
0,3.978005823327155,9.126022002583377e-05,True,249,-28.112986007706446
1,4.488751999344915,4.111155866692779e-05,True,52,-28.28462898073751
All,4.054732731008494,6.39777193068511e-05,True,302,-28.152658883707478
