,t_statistic,p_value,statistically significant,count,delta_ratio
0,3.9087848864669135,0.00011986215695420624,True,248,-30.07477611528043
1,4.190300592459122,0.00011066275480512515,True,52,-28.279866307298224
All,3.9777876415857545,8.726154456471044e-05,True,301,-29.747587086511167
