,t_statistic,p_value,statistically significant,count,delta_ratio
0,-3.2343186075376233,0.001382288529066574,True,253,25.144733996854985
1,-1.7794564205330101,0.08112408364341864,False,52,15.425205265011321
All,-3.4850007091604422,0.0005642991067105273,True,306,23.481287800983036
