,t_statistic,p_value,statistically significant,count,delta_ratio
0,0.7120054695049036,0.47712002805698683,False,253,14.076217161124227
1,-0.30477069121047573,0.7617810820835981,False,52,10.911770041748902
All,0.654921779826833,0.5130117235460022,False,306,13.550886895430256
