Category,Type,t_statistic,p_value,statistically significant,count,delta_ratio
Culture/Tradition,-1,1.9816131363229412,0.06907468621241031,False,14,-23.235874047659248
Ideology/Politics,-1,1.3607477417067158,0.19509809246009022,False,15,-48.745613204041796
Personality/Behavior,-1,2.011128214768476,0.048164212858123896,True,71,-40.72061579615751
Personality/Behavior,0,3.1917725392270935,0.0017486415784259864,True,140,-23.97192800733339
Personality/Behavior,1,2.107922972639417,0.037268111561813644,True,113,-30.64641365497706
Values,-1,1.3243971344821523,0.19105412829282284,False,54,-10.991053494013068
Values,0,1.0588613076397106,0.4818044722719443,False,2,-30.00285709299064
