Category,t_statistic,p_value,statistically significant,count,delta_ratio
Culture/Tradition,-2.1105273929286557,0.05475561261336075,False,14,22.95971108992471
Ideology/Politics,-0.4365266580226225,0.6691115945103255,False,15,12.854013112293611
Personality/Behavior,0.33267333311175507,0.7395927539353085,False,330,13.854982219407228
Values,-4.047541088210478,0.00016326394272661712,True,56,13.687852732431915
