,t_statistic,p_value,statistically significant,count,delta_ratio
0,4.206754121653441,3.631807372721755e-05,True,247,-30.892683630614055
1,4.236531797518787,9.508922657593321e-05,True,52,-29.54886901182433
All,4.295885741722824,2.3555999851476547e-05,True,300,-30.653902588636296
