,t_statistic,p_value,statistically significant,count,delta_ratio
0,4.570381094422909,7.696986230994282e-06,True,248,-31.334772661947692
1,4.265248480090143,8.651132985945855e-05,True,52,-29.329970292190083
All,4.687781247061235,4.19723903687608e-06,True,301,-31.006344419047583
