Category,t_statistic,p_value,statistically significant,count,delta_ratio
Culture/Tradition,1.906748820978949,0.07889624418055988,False,14,-24.359458243167474
Ideology/Politics,1.3650627310067545,0.1937695694847527,False,15,-47.23201361643761
Personality/Behavior,3.829214844542407,0.00015432043450582777,True,325,-29.119768419280547
Values,1.8361798356511292,0.07173834663975927,False,56,-11.510731803446424
