Category,Type,t_statistic,p_value,statistically significant,count,delta_ratio
Culture/Tradition,-1,2.1125311404426648,0.05455655222309175,False,14,-19.136702510791185
Ideology/Politics,-1,1.6743983039383963,0.11623671085049611,False,15,-47.858939856055166
Personality/Behavior,-1,1.9473472356668657,0.05550529322527851,False,71,-38.24189011979239
Personality/Behavior,0,3.5347906850117368,0.0005559016163960854,True,139,-23.39916975245817
Personality/Behavior,1,2.076975102857429,0.0400910286182182,True,113,-30.16169599889099
Values,-1,1.309356632238947,0.19606168881435893,False,54,-10.469393182354196
Values,0,1.162923637979876,0.4521365875530134,False,2,-34.41192294814955
