Category,Type,t_statistic,p_value,statistically significant,count,delta_ratio
Culture/Tradition,-1,2.157735353712769,0.050241272012203075,False,14,-19.458322643913398
Ideology/Politics,-1,1.4804470262418112,0.16090501403450896,False,15,-49.12097591743334
Personality/Behavior,-1,2.1788337097467667,0.032664639110742945,True,72,-37.22871060882911
Personality/Behavior,0,3.4286949721644104,0.0007984052237629567,True,140,-26.43305864167097
Personality/Behavior,1,2.4225689620815216,0.017014536436705897,True,113,-31.071775292060654
Values,-1,1.7813087728710342,0.08059252133698583,False,54,-13.464512412755209
Values,0,1.6639676432198496,0.34449711273200445,False,2,-39.01035915035613
