Category,Type,t_statistic,p_value,statistically significant,count,delta_ratio
Culture/Tradition,-1,-1.9589183589976844,0.07192694399675553,False,14,27.876838063615732
Ideology/Politics,-1,-0.7670213502438883,0.4558098078733783,False,15,22.135909030263896
Personality/Behavior,-1,0.24734910652690953,0.8053519335437614,False,72,16.854524210814358
Personality/Behavior,0,-3.269047194508571,0.0013517871325136649,True,144,26.336642877845634
Personality/Behavior,1,-3.4935226801022226,0.0006815869409098486,True,114,19.151807607323075
Values,-1,-3.295934292080844,0.0017540861729460169,True,54,19.319606137405415
Values,0,-1.4981738157017173,0.37469210381461066,False,2,44.796573109093984
