,t_statistic,p_value,statistically significant,count,delta_ratio
0,4.036537347851817,7.232165501980208e-05,True,249,-26.022890195124088
1,4.001774102311821,0.00020395828838312604,True,52,-26.17559419207639
All,4.127228705680446,4.7581846981039954e-05,True,302,-26.052988549092014
