Category,t_statistic,p_value,statistically significant,count,delta_ratio
Culture/Tradition,-2.0169314663981797,0.06484186973776238,False,14,23.55771827540975
Ideology/Politics,-0.35603957358007443,0.7271190122121268,False,15,14.374732760223532
Personality/Behavior,-0.6895215439446085,0.49098115283337784,False,330,16.921044728335787
Values,-3.5408453336254473,0.0008206841262570984,True,56,15.48847333955874
