,t_statistic,p_value,statistically significant,count,delta_ratio
0,0.8552688148882246,0.39322454127125994,False,250,151.3624665902155
1,-2.4288588051477795,0.01871001709046844,True,52,70.2207173290472
All,0.7756262170261546,0.4385766592437532,False,303,137.31920910560308
