,t_statistic,p_value,statistically significant,count,delta_ratio
0,-2.024667166156207,0.04399084433194285,True,245,249.19954202477595
1,-2.8053684128058363,0.007096642201102688,True,52,98.11249443501656
All,-2.197198507379274,0.028778407506138335,True,298,222.35654361572395
