Category,t_statistic,p_value,statistically significant,count,delta_ratio
Culture/Tradition,-2.724175956302166,0.01737388376960073,True,14,75.92872784381298
Ideology/Politics,-1.9607428714605903,0.07169371460944816,False,14,184.2525859507946
Personality/Behavior,-1.9909809664688332,0.04732778242243045,True,323,204.14393763072133
Values,-1.9550447746442403,0.05566719727818057,False,56,82.5015659918447
