Category,Type,t_statistic,p_value,statistically significant,count,delta_ratio
Culture/Tradition,-1,-1.8209578949842486,0.0916996567797704,False,14,74.09069692837646
Ideology/Politics,-1,-1.2644072226397778,0.22828335295885713,False,14,150.13758318681258
Personality/Behavior,-1,0.6721611819905917,0.5036936909614519,False,71,85.27672631679931
Personality/Behavior,0,-0.6936662690009965,0.489032692031908,False,142,194.00898343477817
Personality/Behavior,1,-2.2897101442077523,0.0238948864163575,True,114,59.07701084866479
Values,-1,-0.9637057265355222,0.33957011828801476,False,54,50.272560690085676
Values,0,-1.0776255009095992,0.47622528568413575,False,2,114.52119735981003
