Category,Type,t_statistic,p_value,statistically significant,count,delta_ratio
Culture/Tradition,-1,-2.901431165444559,0.012373877727029596,True,14,94.48325481251236
Ideology/Politics,-1,-2.5029522684833254,0.026441152556001747,True,14,200.80660823611694
Personality/Behavior,-1,-1.175072589079486,0.24400478046273505,False,70,121.28076372817458
Personality/Behavior,0,-2.8941662947071345,0.004411095321673377,True,141,319.91701665254675
Personality/Behavior,1,-3.291331070068777,0.001337374205066147,True,112,86.79748282139472
Values,-1,-4.306414511703932,7.204250780144538e-05,True,54,86.03707488863847
Values,0,-1.0789117529517211,0.4758466536667839,False,2,271.03458874737174
