,t_statistic,p_value,statistically significant,count,delta_ratio
0,-5.008567630168563,1.055046818595548e-06,True,244,313.6206076539576
1,-2.801953467735707,0.007161894426446997,True,52,103.57471399737497
All,-5.279980507958519,2.5053490714162303e-07,True,297,276.06859129051924
