Category,t_statistic,p_value,statistically significant,count,delta_ratio
Culture/Tradition,-2.6219188817894277,0.021109044151355127,True,14,77.91103493873285
Ideology/Politics,-2.2483633234836415,0.042535763350045275,True,14,139.81319907438734
Personality/Behavior,-5.462371775994159,9.413438655186212e-08,True,323,133.26022524743777
Values,-2.1088926235458634,0.039521599980732375,True,56,70.66845430277084
