,t_statistic,p_value,statistically significant,count,delta_ratio
0,-6.195213297800909,2.443170789505808e-09,True,246,127.37700078875744
1,-3.33714344461135,0.001585692357481228,True,52,69.09121044037234
All,-6.622959331088321,1.6411766673679253e-10,True,299,117.00500979828425
