,t_statistic,p_value,statistically significant,count,delta_ratio
0,-5.641515163289179,4.710812969242852e-08,True,242,310.8118502077655
1,-2.8949067227499743,0.005569986879502277,True,52,107.12941041638244
All,-5.9125951609398175,9.329931856848889e-09,True,295,274.16500506757893
