Category,t_statistic,p_value,statistically significant,count,delta_ratio
Culture/Tradition,-2.2859063545234166,0.03968241700743888,True,14,95.99302973414419
Ideology/Politics,-2.004733325892288,0.06627602997482615,False,14,280.88811504310127
Personality/Behavior,-5.606176496077103,4.481376295617983e-08,True,320,245.84043218484325
Values,-2.2430588517117025,0.028941746021781123,True,56,109.72018242677677
