Category,t_statistic,p_value,statistically significant,count,delta_ratio
Culture/Tradition,-2.396068816491171,0.03232194455622085,True,14,85.8341278111072
Ideology/Politics,-1.9948306322479676,0.06746171892069826,False,14,144.73042494988547
Personality/Behavior,-1.4691635335883293,0.14275870415817682,False,325,171.4947448840011
Values,-1.2294478735545082,0.22413765015643958,False,56,71.07981500098158
