,t_statistic,p_value,statistically significant,count,delta_ratio
0,-3.8180163877793043,0.00017064069002282475,True,245,243.7832313871343
1,-2.8939371009906196,0.005584745128328222,True,52,94.28883038311339
All,-4.070759113574207,6.013816904520213e-05,True,298,217.18597693551476
