Category,Type,t_statistic,p_value,statistically significant,count,delta_ratio
Culture/Tradition,-1,-2.396068816491171,0.03232194455622085,True,14,85.8341278111072
Ideology/Politics,-1,-1.9948306322479676,0.06746171892069826,False,14,144.73042494988547
Personality/Behavior,-1,0.26365792664881593,0.7928293338745159,False,70,108.32271386020693
Personality/Behavior,0,-1.074037013513737,0.2846537677473137,False,141,277.08664108197115
Personality/Behavior,1,-2.46482339444894,0.015212825874477944,True,114,79.6840853028768
Values,-1,-0.6795414870756857,0.4997520918332743,False,54,65.42042626550037
Values,0,-1.0977585788212216,0.4703540476009061,False,2,223.8833108589747
