Category,t_statistic,p_value,statistically significant,count,delta_ratio
Culture/Tradition,-2.9818251280653,0.010603035640359472,True,14,91.51044557446933
Ideology/Politics,-2.394107590275813,0.03244077207487543,True,14,233.1163632227077
Personality/Behavior,-4.050700034405433,6.400328818930944e-05,True,324,231.75538465926167
Values,-2.232009151151271,0.029707194033952358,True,56,98.78833880346235
