Category,Type,t_statistic,p_value,statistically significant,count,delta_ratio
Culture/Tradition,-1,-1.8480558479320184,0.08746641414647559,False,14,71.08196574271035
Ideology/Politics,-1,-1.9626041087779857,0.07145650410766037,False,14,165.4316329194452
Personality/Behavior,-1,1.0790691988575007,0.28426108977369763,False,71,95.31245259536665
Personality/Behavior,0,-4.190971250538864,4.913605098629239e-05,True,140,235.67418382009703
Personality/Behavior,1,-2.3130066020261175,0.022548443302463368,True,113,70.72563537792936
Values,-1,-0.9628294149307843,0.3400056675851407,False,54,63.589520505277676
Values,0,-1.0661569298490892,0.47962283279189416,False,2,188.7927858741362
