Category,t_statistic,p_value,statistically significant,count,delta_ratio
Culture/Tradition,-2.2611564598375655,0.041542342725808624,True,14,79.58863025613951
Ideology/Politics,-1.8177848290049405,0.09220720897699577,False,14,174.5726634126776
Personality/Behavior,-4.368639535186898,1.688206430405937e-05,True,323,151.59754269171202
Values,-1.3499780419358045,0.1825528605295276,False,56,68.62150829296777
