Category,t_statistic,p_value,statistically significant,count,delta_ratio
Culture/Tradition,-1.8209578949842486,0.0916996567797704,False,14,74.09069692837646
Ideology/Politics,-1.2644072226397778,0.22828335295885713,False,14,150.13758318681258
Personality/Behavior,-0.6124790470918533,0.5406478375517881,False,327,123.35994633938543
Values,-1.3156187030627788,0.19375997752958424,False,56,52.567154856861556
