Category,Type,t_statistic,p_value,statistically significant,count,delta_ratio
Culture/Tradition,-1,-2.70458612223405,0.018035543999635712,True,14,79.97814389936735
Ideology/Politics,-1,-1.2500587192314865,0.23331342387116868,False,14,141.96096039006335
Personality/Behavior,-1,-2.9920261308861504,0.003858860113737616,True,69,81.41740353817627
Personality/Behavior,0,-4.65153868784065,7.510067444032392e-06,True,142,148.01625128722452
Personality/Behavior,1,-4.292021092006482,3.77858192391698e-05,True,113,69.83456128076305
Values,-1,-2.867396122101902,0.005926727539977085,True,54,49.08147721656629
Values,0,-1.1321104123078147,0.46060395694860323,False,2,154.04279366975757
