Category,t_statistic,p_value,statistically significant,count,delta_ratio
Culture/Tradition,-2.70458612223405,0.018035543999635712,True,14,79.97814389936735
Ideology/Politics,-1.2500587192314865,0.23331342387116868,False,14,141.96096039006335
Personality/Behavior,-6.686634914082044,1.005191234924641e-10,True,324,106.56609244335269
Values,-1.942226241163524,0.05723750778386098,False,56,52.83009566132312
