,t_statistic,p_value,statistically significant,count,delta_ratio
0,-4.418245527454023,1.4971847672577575e-05,True,245,189.786220445826
1,-2.6940996383627343,0.009530909505976275,True,52,74.04943457922703
All,-4.63488998772061,5.3543720777633e-06,True,298,169.34828809121584
