,t_statistic,p_value,statistically significant,count,delta_ratio
0,-5.306373807882533,2.5102966898131e-07,True,245,161.17812689078767
1,-2.9770857514045392,0.004443005359122557,True,52,76.5251109179424
All,-5.725706995397171,2.5204918735004853e-08,True,298,146.09965525510742
