Category,t_statistic,p_value,statistically significant,count,delta_ratio
Culture/Tradition,-2.901431165444559,0.012373877727029596,True,14,94.48325481251236
Ideology/Politics,-2.5029522684833254,0.026441152556001747,True,14,200.80660823611694
Personality/Behavior,-3.7308447676325533,0.00022550133055571826,True,323,196.03489438073538
Values,-2.1060180305090026,0.03978114456708395,True,56,92.6441289550218
