Category,t_statistic,p_value,statistically significant,count,delta_ratio
Culture/Tradition,-1.72459679763448,0.10827906280048111,False,14,67.43959373677437
Ideology/Politics,0.8336150613859812,0.4184940388921353,False,15,144.14007201914706
Personality/Behavior,0.38566800438167514,0.6999941039731173,False,327,125.6700785649185
Values,-1.3535093324877185,0.181429607807238,False,56,52.39003475986932
