Category,Type,t_statistic,p_value,statistically significant,count,delta_ratio
Culture/Tradition,-1,-2.8835505748360126,0.012805861575939562,True,14,93.17363741751879
Ideology/Politics,-1,-2.4589069042035496,0.02872795897779053,True,14,283.0615843315447
Personality/Behavior,-1,-1.8207928290915476,0.07297438600793689,False,70,150.40980990316115
Personality/Behavior,0,-3.8508757516348613,0.00017894765979357003,True,140,415.34808856199044
Personality/Behavior,1,-3.9817695281696333,0.0001225003665386125,True,112,96.13708737246782
Values,-1,-4.7162614918752,1.7871494890301535e-05,True,54,98.74990351528514
Values,0,-1.121123791719166,0.4636861597257661,False,2,343.4969894436964
