Category,Type,t_statistic,p_value,statistically significant,count,delta_ratio
Culture/Tradition,-1,-2.2859063545234166,0.03968241700743888,True,14,95.99302973414419
Ideology/Politics,-1,-2.004733325892288,0.06627602997482615,False,14,280.88811504310127
Personality/Behavior,-1,-2.951850376426294,0.004331758377566204,True,69,154.10250228046542
Personality/Behavior,0,-4.018910525471969,9.570798133724916e-05,True,139,411.4311914526561
Personality/Behavior,1,-4.129476909132709,7.067649932736715e-05,True,112,96.84758955248698
Values,-1,-4.185540584387037,0.00010766072056924022,True,54,98.12855706792222
Values,0,-1.051273946242467,0.48409027118495657,False,2,422.6940671158505
