,t_statistic,p_value,statistically significant,count,delta_ratio
0,-1.4835517928254394,0.139207928308744,False,247,210.09022894207544
1,-2.602776018094034,0.01207814984870784,True,52,83.12184280558354
All,-1.6380655434249152,0.10245989327387282,False,300,187.6776654065001
