Category,Type,t_statistic,p_value,statistically significant,count,delta_ratio
Culture/Tradition,-1,-2.724175956302166,0.01737388376960073,True,14,75.92872784381298
Ideology/Politics,-1,-1.9607428714605903,0.07169371460944816,False,14,184.2525859507946
Personality/Behavior,-1,0.06606903074802951,0.9475139263689076,False,70,140.45638161954864
Personality/Behavior,0,-2.2550271211688995,0.02568325691387863,True,141,324.2917515681811
Personality/Behavior,1,-3.188907023276911,0.0018562364796511444,True,112,92.69114437715226
Values,-1,-4.3590221654648555,6.040007961192782e-05,True,54,76.2437768466956
Values,0,-1.09420144305379,0.4713828377435827,False,2,251.46187291087068
