,t_statistic,p_value,statistically significant,count,delta_ratio
0,-4.187548645068565,3.9357719756878965e-05,True,246,291.03290825024266
1,-2.867837052127791,0.005995913116932227,True,52,96.29602992089556
All,-4.358723710768784,1.8031057723429752e-05,True,299,256.46548876689195
