Category,Type,t_statistic,p_value,statistically significant,count,delta_ratio
Culture/Tradition,-1,-1.72459679763448,0.10827906280048111,False,14,67.43959373677437
Ideology/Politics,-1,0.8336150613859812,0.4184940388921353,False,15,144.14007201914706
Personality/Behavior,-1,1.2838296311382686,0.20337556158416287,False,72,82.74440474444145
Personality/Behavior,0,-0.912454235327659,0.36308712269745846,False,142,203.6199878908797
Personality/Behavior,1,-2.6085492103262116,0.010333072529078377,True,113,55.066197067465886
Values,-1,-1.0263697538319716,0.3093790325922366,False,54,49.32865218794562
Values,0,-1.0375627199557116,0.48826516526234615,False,2,135.04736420180922
