,t_statistic,p_value,statistically significant,count,delta_ratio
0,-0.6464141488728596,0.518608930645826,False,249,150.5662520188558
1,-2.483023255699313,0.016357327764250598,True,52,66.79283728545278
All,-0.7527429286744278,0.4521927018885906,False,302,135.97434182259985
