Category,t_statistic,p_value,statistically significant,count,delta_ratio
Culture/Tradition,-1.8480558479320184,0.08746641414647559,False,14,71.08196574271035
Ideology/Politics,-1.9626041087779857,0.07145650410766037,False,14,165.4316329194452
Personality/Behavior,-0.7266520055703225,0.46796543616715347,False,324,147.38755144071183
Values,-1.3688348361670661,0.17661578486889368,False,56,68.06106569702263
