Category,Type,t_statistic,p_value,statistically significant,count,delta_ratio
Culture/Tradition,-1,-2.9818251280653,0.010603035640359472,True,14,91.51044557446933
Ideology/Politics,-1,-2.394107590275813,0.03244077207487543,True,14,233.1163632227077
Personality/Behavior,-1,-0.815617480088088,0.4174856058909455,False,71,144.8095895510444
Personality/Behavior,0,-3.8138268508335194,0.00020504954448061086,True,140,377.9038075883926
Personality/Behavior,1,-1.9697273945226876,0.051338466685590486,False,113,105.31620096550131
Values,-1,-4.497039540961477,3.7889129450189747e-05,True,54,90.90216015843814
Values,0,-1.1294903642179817,0.46133593920718446,False,2,311.7151622191165
