,t_statistic,p_value,statistically significant,count,delta_ratio
0,-0.7754243190275474,0.4388367775024984,False,246,180.6655207460078
1,-2.578551447264973,0.01285103243240544,True,52,67.68722024502897
All,-0.8974177398590413,0.37022049215294994,False,299,160.7190058921927
