Category,Type,t_statistic,p_value,statistically significant,count,delta_ratio
Culture/Tradition,-1,-2.2611564598375655,0.041542342725808624,True,14,79.58863025613951
Ideology/Politics,-1,-1.8177848290049405,0.09220720897699577,False,14,174.5726634126776
Personality/Behavior,-1,-1.206085142116306,0.23190399085374755,False,70,107.6125973206749
Personality/Behavior,0,-3.622097654935478,0.00040866348383443934,True,140,237.55059714238013
Personality/Behavior,1,-2.357978842102485,0.02010925698831106,True,113,72.35434404462409
Values,-1,-1.002330106620393,0.32073861172193574,False,54,65.56169927287414
Values,0,-1.0530664301926398,0.48354869679026735,False,2,151.236351835496
