Category,t_statistic,p_value,statistically significant,count,delta_ratio
Culture/Tradition,-2.8835505748360126,0.012805861575939562,True,14,93.17363741751879
Ideology/Politics,-2.4589069042035496,0.02872795897779053,True,14,283.0615843315447
Personality/Behavior,-4.887674792312864,1.614500977685885e-06,True,322,246.72289713545447
Values,-2.43513803981731,0.01815666672215642,True,56,107.49087086987129
