Category,Type,t_statistic,p_value,statistically significant,count,delta_ratio
Culture/Tradition,-1,-2.6219188817894277,0.021109044151355127,True,14,77.91103493873285
Ideology/Politics,-1,-2.2483633234836415,0.042535763350045275,True,14,139.81319907438734
Personality/Behavior,-1,-1.486510444015331,0.1417662648959992,False,69,98.61985993800857
Personality/Behavior,0,-4.737364152840366,5.254381259462135e-06,True,141,197.31434921415573
Personality/Behavior,1,-3.419650541323795,0.0008755567710203553,True,113,74.4863644248128
Values,-1,-2.5664017536740604,0.013137665701981703,True,54,68.17414210418332
Values,0,-1.072106618188624,0.47785539481346606,False,2,138.01488366463371
