,t_statistic,p_value,statistically significant,count,delta_ratio
0,-2.545689327426198,0.011286284592925402,True,395,17.374728136940753
1,1.3546275297278372,0.17727265349394652,False,177,16.490875667492684
All,-1.0493660313552724,0.2944536216892461,False,572,17.10122833433182
