,t_statistic,p_value,statistically significant,count,delta_ratio
0,-3.2234323919504297,0.001372951799647953,True,392,18.515123122154208
1,1.2304280400189724,0.2201882013796664,False,176,14.815275035698061
All,-1.8310794865578164,0.06761327157394298,False,568,17.36869132071709
