,t_statistic,p_value,statistically significant,count,delta_ratio
0,-2.3879760113812973,0.017414183713765654,True,393,13.416260000552771
1,1.6989730172764004,0.09110126687371628,False,176,10.505103817486772
All,-0.5524830684126737,0.5808347689512181,False,569,12.515796928110564
