,t_statistic,p_value,statistically significant,count,delta_ratio
0,-2.5959926432399145,0.009787152376183834,True,392,16.942535134507946
1,1.4287499373793424,0.15485857102624903,False,176,15.604777547492125
All,-1.0746934610719479,0.2829691062276484,False,568,16.52801869909459
