,t_statistic,p_value,statistically significant,count,delta_ratio
0,-2.0525664882407715,0.04078840756928866,True,387,9.00637633050434
1,1.3525505476043949,0.17799557098167357,False,171,2.75086915070357
All,-0.5607883385083549,0.5751673452794281,False,558,7.089366065726684
