,t_statistic,p_value,statistically significant,count,delta_ratio
0,-2.9628902611835213,0.003232981154157531,True,394,20.537050859243383
1,0.42291407691315663,0.6728771762734671,False,176,17.129748353763823
All,-2.021894006460729,0.04365478929245741,True,570,19.484971489130395
