,t_statistic,p_value,statistically significant,count,delta_ratio
0,-3.0933369287732497,0.0021220821589148843,True,390,17.31191960382239
1,1.4770042718808492,0.14146159304445502,False,177,15.14630168678623
All,-0.815329023490346,0.4152269517960582,False,567,16.635880148239675
