,t_statistic,p_value,statistically significant,count,delta_ratio
0,-2.9812554747840907,0.0030502518153588086,True,392,18.815060291604492
1,1.3184926709178142,0.18905198151536776,False,177,12.843761075254617
All,-1.3670504893953244,0.17215025815089002,False,569,16.95755596595611
