,t_statistic,p_value,statistically significant,count,delta_ratio
0,-4.384256936492167,1.497843104897068e-05,True,392,18.41439232179642
1,0.8113694311616813,0.4182684408453379,False,174,11.376427112107223
All,-2.8596853974797063,0.0043972953578758555,True,566,16.250777575354867
