,t_statistic,p_value,statistically significant,count,delta_ratio
0,-2.3582821335779465,0.018853765075420588,True,390,15.68174507721269
1,0.5098286824758491,0.6108175394981854,False,175,17.757359219585382
All,-1.284370324710355,0.19953971523535488,False,565,16.32463441334583
