,t_statistic,p_value,statistically significant,count,delta_ratio
0,-2.635574409371974,0.008735442736952332,True,390,15.445044537826655
1,1.1393764694370658,0.2561033278708038,False,176,12.485336645976314
All,-0.8549320288647553,0.3929511476279334,False,566,14.524711341774251
