,t_statistic,p_value,statistically significant,count,delta_ratio
0,-2.6296016261487063,0.00888585818481231,True,392,17.218160562468206
1,1.4923593099543633,0.13739532723397438,False,177,13.664845610627548
All,-0.9077854953804305,0.3643765393284064,False,569,16.112823573934296
