,t_statistic,p_value,statistically significant,count,delta_ratio
0,0.37253451120569775,0.7098156728634555,False,247,178.1457323802677
1,-1.3649933202955247,0.1782468923359826,False,52,49.80784306500025
All,0.3408760504561049,0.7334362898376086,False,300,155.44955972557273
