Category,Type,t_statistic,p_value,statistically significant,count,delta_ratio
Culture/Tradition,-1,-2.014241307050598,0.06515567757188145,False,14,84.75052875100853
Ideology/Politics,-1,1.115418285853079,0.28345208008584855,False,15,34.263230989623885
Personality/Behavior,-1,1.4289612696308789,0.1574003491106631,False,72,67.81437069816515
Personality/Behavior,0,-0.37552363733642263,0.7078435136442207,False,140,205.63954637785494
Personality/Behavior,1,-2.2393604676060943,0.02710766920687081,True,113,44.2104976132454
Values,-1,-2.590065836087009,0.012364044091456304,True,54,85.7378803928531
Values,0,-1.023709478532946,0.4925417988893943,False,2,138.49316802234475
