Category,t_statistic,p_value,statistically significant,count,delta_ratio
Culture/Tradition,-2.844167891001869,0.01381049598353482,True,14,80.24732699550327
Ideology/Politics,0.28601080294071274,0.7793766359642677,False,14,52.811638253167516
Personality/Behavior,-1.1311928753539022,0.25881050777559733,False,325,118.11173150946249
Values,-2.100824178950453,0.04025386235072493,True,56,96.83235599031826
