Category,t_statistic,p_value,statistically significant,count,delta_ratio
Culture/Tradition,-2.0272280111256307,0.06365360358872045,False,14,79.8981810441772
Ideology/Politics,0.9636445791747072,0.35280806212926163,False,14,29.019001150055505
Personality/Behavior,-0.3300312005542281,0.7415930112766116,False,320,98.40688184322363
Values,-1.3080609080278134,0.19629338500984317,False,56,86.64238619124013
