Category,Type,t_statistic,p_value,statistically significant,count,delta_ratio
Culture/Tradition,-1,-2.7976377871312197,0.015097830578020357,True,14,79.01205621194721
Ideology/Politics,-1,0.5519616315061584,0.5903377793595216,False,14,21.69673968779199
Personality/Behavior,-1,-0.32016366792281337,0.7498556655240691,False,67,24.219511121183608
Personality/Behavior,0,-5.370836443956286,3.2102451255230207e-07,True,140,141.48907226618235
Personality/Behavior,1,-2.7043948961805935,0.007921103736761106,True,112,30.587659483695756
Values,-1,0.062218819438012773,0.9506226271368252,False,54,60.925375750761226
Values,0,-0.8350516172027493,0.5570708455786183,False,2,54.991201150876414
