Category,t_statistic,p_value,statistically significant,count,delta_ratio
Culture/Tradition,-2.601454702387297,0.021945327670277407,True,14,57.822563191090396
Ideology/Politics,0.9648347385893558,0.35223368121454524,False,14,12.495216597927936
Personality/Behavior,-2.795947443385311,0.005487530650302033,True,321,53.1527758729052
Values,-0.5583669086743509,0.5788599948633404,False,56,36.60714948587797
