Category,t_statistic,p_value,statistically significant,count,delta_ratio
Culture/Tradition,-2.7976377871312197,0.015097830578020357,True,14,79.01205621194721
Ideology/Politics,0.5519616315061584,0.5903377793595216,False,14,21.69673968779199
Personality/Behavior,-5.2046798769870195,3.4929512643408055e-07,True,319,77.92161512400864
Values,-0.4526334140291889,0.6525931669768448,False,56,60.71344094362249
