Category,t_statistic,p_value,statistically significant,count,delta_ratio
Culture/Tradition,-2.3150971795191846,0.037590186720586255,True,14,104.03732102826197
Ideology/Politics,-0.00675783230356659,0.9947106747397012,False,14,63.9690511295142
Personality/Behavior,0.32147815297688237,0.7480553541648578,False,325,143.7242207983458
Values,-1.5141486908451032,0.13571410936872133,False,56,101.80825379631695
