Category,Type,t_statistic,p_value,statistically significant,count,delta_ratio
Culture/Tradition,-1,-2.601454702387297,0.021945327670277407,True,14,57.822563191090396
Ideology/Politics,-1,0.9648347385893558,0.35223368121454524,False,14,12.495216597927936
Personality/Behavior,-1,0.5201254823327501,0.6046905448975803,False,68,20.923102394125227
Personality/Behavior,0,-2.4862624467784356,0.014093783601744772,True,140,87.82154632007199
Personality/Behavior,1,-4.329340043864294,3.269658718395949e-05,True,113,29.595164668955547
Values,-1,0.10470189190471929,0.9170075964494273,False,54,36.338245596312746
Values,0,-0.8967206835071272,0.5346307123758928,False,2,43.86755450413911
