Category,Type,t_statistic,p_value,statistically significant,count,delta_ratio
Culture/Tradition,-1,-2.3150971795191846,0.037590186720586255,True,14,104.03732102826197
Ideology/Politics,-1,-0.00675783230356659,0.9947106747397012,False,14,63.9690511295142
Personality/Behavior,-1,1.5742762449527803,0.1198694278128471,False,72,76.85978629152352
Personality/Behavior,0,-4.280446569961244,3.4538807327669676e-05,True,140,248.34084789430358
Personality/Behavior,1,-2.5778779908220932,0.011238860431862632,True,113,56.71458797584242
Values,-1,-1.1780439439265442,0.2440416259660823,False,54,98.70873361689574
Values,0,-1.0211728837313248,0.4933313060395776,False,2,185.49529864068919
