,t_statistic,p_value,statistically significant,count,delta_ratio
0,0.034432129802355604,0.9725605985208388,False,246,141.46762832768042
1,-1.4676362372234821,0.14834351722776645,False,52,40.4896855960088
All,-0.006050356577437999,0.9951765916250911,False,299,123.55590911256581
