,t_statistic,p_value,statistically significant,count,delta_ratio
0,-0.14453263881469922,0.8852006780036101,False,242,123.8965746188397
1,-1.0099666557079412,0.317279122787603,False,52,37.03789315156239
All,-0.17763271438245187,0.859133753156848,False,295,108.23332603080387
