Category,t_statistic,p_value,statistically significant,count,delta_ratio
Culture/Tradition,-2.666351960050304,0.0193985922420948,True,14,87.29500548139649
Ideology/Politics,0.43325682669457405,0.6719302708064723,False,14,49.81313119340619
Personality/Behavior,-1.8442694370720039,0.06606519844445918,False,322,133.73553515584453
Values,-2.026037950078668,0.04762241021513029,True,56,105.48248357006183
