,t_statistic,p_value,statistically significant,count,delta_ratio
0,-2.5698713864457896,0.010768459238546687,True,245,164.6729804441182
1,-1.2574158288232016,0.2143307474780401,False,52,55.24350342935067
All,-2.651021038715596,0.008455391274913626,True,298,145.12030184372162
