Category,t_statistic,p_value,statistically significant,count,delta_ratio
Culture/Tradition,-2.1867076410965987,0.047645747078955955,True,14,79.52762957718538
Ideology/Politics,0.6487618675431653,0.5277872046430039,False,14,43.594839061327825
Personality/Behavior,-0.09894407074234633,0.9212440537409788,False,324,114.04249733511216
Values,-1.4290704660698885,0.1586392767546557,False,56,85.1867107788956
