,t_statistic,p_value,statistically significant,count,delta_ratio
0,-3.7566654204777055,0.0002161986712939115,True,241,94.01192483387139
1,-1.1410697794013018,0.25917074886687985,False,52,29.791789478491438
All,-3.924728635776006,0.00010826768711122138,True,294,82.39131673288307
