Category,t_statistic,p_value,statistically significant,count,delta_ratio
Culture/Tradition,-2.6889302038568683,0.01858198226519098,True,14,106.97417974852767
Ideology/Politics,0.640091050226131,0.5332329807342048,False,14,49.42907844074789
Personality/Behavior,-2.8424292247989853,0.004762858697533221,True,323,130.5565199335627
Values,-2.783890501157269,0.007349301241791486,True,56,113.88479405367507
