,t_statistic,p_value,statistically significant,count,delta_ratio
0,-4.752779002431798,3.43687737069855e-06,True,244,204.09185473951518
1,-1.8797586461061202,0.0658593228598586,False,52,55.42359193349756
All,-4.8485394598934315,2.0120103126443393e-06,True,297,177.4596256502599
