Category,t_statistic,p_value,statistically significant,count,delta_ratio
Culture/Tradition,-2.542526437258693,0.02453700829239382,True,14,102.79733159136883
Ideology/Politics,0.9142038434501779,0.37725438356589147,False,14,48.81557685168142
Personality/Behavior,-0.1238817715561387,0.9014857024182947,False,325,138.2148749553424
Values,-2.2353933514788746,0.029470881156357365,True,56,94.74831294228903
