,t_statistic,p_value,statistically significant,count,delta_ratio
0,1.4393609684877928,0.15131436293350703,False,248,144.10687808828376
1,-1.7270570969197656,0.09021020358114328,False,52,46.22438742033071
All,1.4186511749149922,0.15703876199798716,False,301,126.81455602903615
