Category,Type,t_statistic,p_value,statistically significant,count,delta_ratio
Culture/Tradition,-1,-2.1867076410965987,0.047645747078955955,True,14,79.52762957718538
Ideology/Politics,-1,0.6487618675431653,0.5277872046430039,False,14,43.594839061327825
Personality/Behavior,-1,1.1942488771963844,0.23641180849020935,False,71,50.76830829957741
Personality/Behavior,0,-4.586365538005857,9.914427954859921e-06,True,141,202.43481885228917
Personality/Behavior,1,-1.9484045738563152,0.05389086258052061,False,112,42.87419454583543
Values,-1,-1.0326851408354842,0.3064406867458794,False,54,84.66598214401544
Values,0,-0.9457752842417125,0.517736680174412,False,2,99.24638392066036
