Category,Type,t_statistic,p_value,statistically significant,count,delta_ratio
Culture/Tradition,-1,-2.666351960050304,0.0193985922420948,True,14,87.29500548139649
Ideology/Politics,-1,0.43325682669457405,0.6719302708064723,False,14,49.81313119340619
Personality/Behavior,-1,0.3680464780756644,0.7139652554743954,False,70,64.57009609238837
Personality/Behavior,0,-4.6881923505754175,6.507013122858246e-06,True,140,237.31330786131593
Personality/Behavior,1,-2.278908462145927,0.02458522478763966,True,112,47.49171868866536
Values,-1,-2.380767166372465,0.020903127631582988,True,54,102.89079297735073
Values,0,-0.9774122178455792,0.5072717277729258,False,2,175.45812957326092
