,t_statistic,p_value,statistically significant,count,delta_ratio
0,-1.3557875829078334,0.17643059046173024,False,243,60.56248712723671
1,-0.5513832217763305,0.583778829590714,False,52,24.888389090079183
All,-1.443455132527329,0.149953367601119,False,296,54.11285554972653
