,t_statistic,p_value,statistically significant,count,delta_ratio
0,-0.0015048811170935484,0.9988004986675569,False,247,170.12421490348376
1,-1.543958173106673,0.1287814612664884,False,52,52.14441482397376
All,-0.03592106753564251,0.9713692665468029,False,300,149.1803622610116
