Category,t_statistic,p_value,statistically significant,count,delta_ratio
Culture/Tradition,-1.9582898119260768,0.07200745251359157,False,14,93.16577332347336
Ideology/Politics,0.5063673152161686,0.6210771060966681,False,14,69.19998340953197
Personality/Behavior,-5.080863180954095,6.388742492540305e-07,True,322,163.0601905846797
Values,-2.6757739213076626,0.009803111011497445,True,56,121.6483841642392
