Category,Type,t_statistic,p_value,statistically significant,count,delta_ratio
Culture/Tradition,-1,-2.6882115840417864,0.018607448594854102,True,14,91.18336390014943
Ideology/Politics,-1,0.19548551485180884,0.8480352245381622,False,14,65.33479507933183
Personality/Behavior,-1,0.45536799516321896,0.6502742436102934,False,70,75.19195620696934
Personality/Behavior,0,-4.386631789898616,2.2483226335290782e-05,True,141,257.5029956362888
Personality/Behavior,1,-2.6118804392010064,0.010238767486970378,True,113,53.40757814363898
Values,-1,-2.1671355145972764,0.0347387104489724,True,54,108.35427000497447
Values,0,-1.0436429752473835,0.4864067458108213,False,2,203.69846003803232
