Category,Type,t_statistic,p_value,statistically significant,count,delta_ratio
Culture/Tradition,-1,-1.9582898119260768,0.07200745251359157,False,14,93.16577332347336
Ideology/Politics,-1,0.5063673152161686,0.6210771060966681,False,14,69.19998340953197
Personality/Behavior,-1,-1.5855662155209647,0.11747754293667492,False,69,91.3902936682479
Personality/Behavior,0,-4.366053802684537,2.4534624480159098e-05,True,140,279.5081362955324
Personality/Behavior,1,-2.5680491373852377,0.011543895026156142,True,113,62.55143383878953
Values,-1,-3.351549377184898,0.00148775237815546,True,54,117.31988727120515
Values,0,-1.0275096742547734,0.49136274011519443,False,2,238.51780027615942
