Category,t_statistic,p_value,statistically significant,count,delta_ratio
Culture/Tradition,-2.014241307050598,0.06515567757188145,False,14,84.75052875100853
Ideology/Politics,1.115418285853079,0.28345208008584855,False,15,34.263230989623885
Personality/Behavior,0.9571454421107555,0.339207487269774,False,325,118.97833050296714
Values,-2.2641977642716995,0.02752585354690508,True,56,87.6219978081921
