Category,t_statistic,p_value,statistically significant,count,delta_ratio
Culture/Tradition,-2.6882115840417864,0.018607448594854102,True,14,91.18336390014943
Ideology/Politics,0.19548551485180884,0.8480352245381622,False,14,65.33479507933183
Personality/Behavior,-1.9410819600054745,0.053117952418859735,False,324,146.93338163406108
Values,-2.125233244313727,0.03807409974720257,True,56,111.75941964901222
