,t_statistic,p_value,statistically significant,count,delta_ratio
0,-1.8148645822816283,0.0707675481775334,False,246,185.54822584423977
1,-1.5225343203485489,0.13405219359150142,False,52,48.83158689465938
All,-1.8844022779313172,0.06048375419638939,False,299,161.2748640042787
