Category,Type,t_statistic,p_value,statistically significant,count,delta_ratio
Culture/Tradition,-1,-2.0272280111256307,0.06365360358872045,False,14,79.8981810441772
Ideology/Politics,-1,0.9636445791747072,0.35280806212926163,False,14,29.019001150055505
Personality/Behavior,-1,0.8528327010953617,0.3967460638760747,False,69,50.425983583121536
Personality/Behavior,0,-4.831408259653878,3.5584933668496238e-06,True,139,174.0220978169506
Personality/Behavior,1,-2.0300524496797054,0.04474242040471463,True,112,34.12265826821471
Values,-1,-0.8637385977986533,0.3916236750039165,False,54,84.772879092034
Values,0,-0.9482148184611584,0.5169179030832487,False,2,137.1190778698048
