,t_statistic,p_value,statistically significant,count,delta_ratio
0,-1.0384998074459617,0.3000570858302856,False,247,149.19266076170624
1,-1.125917065392274,0.26547109407636327,False,52,40.288338680472016
All,-1.0839595205293915,0.27925602613567246,False,300,129.92382005144265
