Category,Type,t_statistic,p_value,statistically significant,count,delta_ratio
Culture/Tradition,-1,-2.6889302038568683,0.01858198226519098,True,14,106.97417974852767
Ideology/Politics,-1,0.640091050226131,0.5332329807342048,False,14,49.42907844074789
Personality/Behavior,-1,0.11926590770212835,0.9054112562528289,False,70,70.359505152162
Personality/Behavior,0,-4.578268037794139,1.0306696538679854e-05,True,140,221.52335531302688
Personality/Behavior,1,-2.365056511999219,0.019747415934354903,True,113,55.14443215987301
Values,-1,-4.064862602490708,0.00016001889920966097,True,54,112.90146255643998
Values,0,-1.0597687071269943,0.48153226298290064,False,2,140.4347444790228
