,t_statistic,p_value,statistically significant,count,delta_ratio
0,-1.6892264427694779,0.09245866027089518,False,244,168.32439499819822
1,-1.4520890570005802,0.152601486122368,False,52,46.3586711783848
All,-1.7559751303718267,0.08012687436508768,False,297,146.55937358751027
