Category,t_statistic,p_value,statistically significant,count,delta_ratio
Culture/Tradition,-2.0505085427097716,0.06104066498100418,False,14,102.93998159189066
Ethnic/Racial Prejudice,-0.012826711615728566,0.9899608040846646,False,14,38.49940753835753
Ideology/Politics,-0.5763876529918184,0.5671629773914093,False,47,28.97214564371287
Other,-2.8877934568572883,0.034274904811130366,True,6,49.694973270417215
Personality/Behavior,0.7970661351362679,0.42704106488730564,False,117,50.102588551987395
Residential area,-0.8698562728686056,0.39233900990244996,False,27,46.689401101608894
Values,-0.5948792512616793,0.5567015104893944,False,29,27.47791629918969
