,t_statistic,p_value,statistically significant,count,delta_ratio
0,-2.806171993879806,0.006016039605746495,True,102,55.478492481696286
1,-3.3366379805666577,0.0011951808742064161,True,100,41.201904450215245
All,-4.355825032054877,2.1118497663147817e-05,True,202,48.410874644329425
