,t_statistic,p_value,statistically significant,count,delta_ratio
0,-2.7419039188613508,0.007226499046845967,True,102,61.69149156797589
1,-5.3840609389939855,4.4724808375801123e-07,True,106,47.205144007126954
All,-3.9763819095791435,9.668864289085957e-05,True,208,54.309025984081714
