Category,t_statistic,p_value,statistically significant,count,delta_ratio
Culture/Tradition,-1.920322922721234,0.07702600329460488,False,14,136.2352459989599
Ethnic/Racial Prejudice,-0.26215885376167436,0.7973071769086584,False,14,59.6690420754489
Ideology/Politics,-1.317835887986928,0.19408417280012688,False,47,33.52665130643421
Other,-2.1474699686985295,0.08451496824011515,False,6,63.72694460935098
Personality/Behavior,-1.6412237024317842,0.10348317056546048,False,116,92.81935860098093
Residential area,-1.9178171456679662,0.0661810076421776,False,27,56.73658650953398
Values,-0.8700935950260058,0.39164766404236373,False,29,28.972906102038277
