,t_statistic,p_value,statistically significant,count,delta_ratio
0,0.7393744863714581,0.4613778289515654,False,103,54.757134769142546
1,-0.39557336797280185,0.6932379195785915,False,104,37.89229717569524
All,0.3065840072265529,0.7594696857719987,False,207,46.283979649729396
