Category,t_statistic,p_value,statistically significant,count,delta_ratio
Culture/Tradition,-1.790727201507367,0.09663862364887005,False,14,112.39825356850118
Ethnic/Racial Prejudice,-0.22052615665340874,0.8288869672205773,False,14,52.131580542083775
Ideology/Politics,-0.9585259944149432,0.3428086928015377,False,47,29.673823789629033
Other,-2.2886606718706006,0.07076769509845918,False,6,56.00885754422218
Personality/Behavior,0.9743780660010443,0.33187910192559456,False,118,65.6356018845854
Residential area,-1.2409812739322863,0.22569359638355047,False,27,50.73857244992486
Values,-1.0319490273038718,0.31092770499124245,False,29,27.627646984912285
