,t_statistic,p_value,statistically significant,count,delta_ratio
0,-4.594468746685263,1.2560755484362938e-05,True,102,40.44312278663574
1,-7.357296008141652,4.339111305118034e-11,True,106,32.30093285030341
All,-7.315050730601609,5.553111084042816e-12,True,208,36.29373753062023
