Category,t_statistic,p_value,statistically significant,count,delta_ratio
Culture/Tradition,-2.0195310504923643,0.0645399515154198,False,14,119.12547149433988
Ethnic/Racial Prejudice,-0.08008480467281326,0.9373895380414796,False,14,47.776410062810804
Ideology/Politics,-1.3565348095872576,0.18154978384385162,False,47,31.8365753631082
Other,-2.782869495143186,0.03877027699901795,True,6,62.59234619802956
Personality/Behavior,-0.023216139584862,0.9815177537772581,False,117,76.22027436143148
Residential area,-1.477301356507822,0.1516065423076592,False,27,49.11873364802304
Values,-1.3071256238482416,0.2018032552508242,False,29,30.091645389491738
