Category,t_statistic,p_value,statistically significant,count,delta_ratio
Culture/Tradition,-1.7581608594471643,0.10222397215732162,False,14,118.0174568003977
Ethnic/Racial Prejudice,0.06285860813371022,0.9508353103868454,False,14,46.89565579802366
Ideology/Politics,-1.4916447610174868,0.14261893574650591,False,47,31.48330291842443
Other,-3.0382275961620566,0.028809067034891948,True,6,50.82891835928921
Personality/Behavior,-0.35698809325489056,0.721754946761488,False,116,76.17379346597153
Residential area,-1.3663330271706218,0.18353600708532175,False,27,46.55993607406766
Values,-2.2264516505924363,0.03420563255557101,True,29,30.14045814868811
