,t_statistic,p_value,statistically significant,count,delta_ratio
0,-1.372110149264918,0.17306899328559677,False,102,85.38190157408532
1,-1.239415009685223,0.21800847879867447,False,104,55.41829152516793
All,-1.7446994084146132,0.08253582491975366,False,206,70.25464213191344
