,t_statistic,p_value,statistically significant,count,delta_ratio
0,0.13658694595060822,0.8916265230527693,False,103,64.11527492333782
1,-1.2832692252112057,0.20230575001222048,False,103,42.100648281139
All,-0.930239112267506,0.3533414255860462,False,206,53.107961602238404
