,t_statistic,p_value,statistically significant,count,delta_ratio
0,-0.1350570002477477,0.892832966177922,False,103,72.17892371219902
1,-1.765617715113916,0.08045239811286181,False,103,49.1776587486542
All,-1.4655385348011334,0.14430613059557423,False,206,60.67829123042661
