Category,t_statistic,p_value,statistically significant,count,delta_ratio
Culture/Tradition,-1.8640858536525726,0.08504590952571672,False,14,115.40115850540738
Ethnic/Racial Prejudice,-0.0631381929456482,0.9506169458886542,False,14,45.36807585455391
Ideology/Politics,-1.2219901678205614,0.22793648355255475,False,47,29.825544560859885
Other,-3.191409532853409,0.024226750215936666,True,6,50.18680677443454
Personality/Behavior,0.696974693989265,0.48721305948032934,False,117,65.33345203699031
Residential area,-1.1626130498360285,0.25554709502476597,False,27,43.26093765744542
Values,-1.8620056015355813,0.07312853920985472,False,29,35.990136794438484
