,t_statistic,p_value,statistically significant,count,delta_ratio
0,0.27498160217503964,0.7838865982669818,False,103,65.97813372437231
1,-0.9248688017947956,0.35719594334941174,False,104,44.15552883351456
All,-0.5820571575717327,0.5611646388556004,False,207,55.01411967292687
