Category,t_statistic,p_value,statistically significant,count,delta_ratio
Culture/Tradition,-1.6764665865402175,0.11751487432373278,False,14,101.33436588189146
Ethnic/Racial Prejudice,-0.19875478848445588,0.8455292626723754,False,14,42.56106147156834
Ideology/Politics,-0.6539568943063561,0.5163957101404035,False,47,29.032930839427223
Other,-3.2809006365719964,0.021932696838451057,True,6,57.766347921683966
Personality/Behavior,1.3517096879144106,0.17907570028910325,False,118,51.63347444921198
Residential area,-0.9514386290794372,0.35014337096707715,False,27,37.98885393112905
Values,-1.0435743919212135,0.3056090297703295,False,29,31.64453190207292
