,t_statistic,p_value,statistically significant,count,delta_ratio
0,0.0712698334328013,0.943323937516442,False,102,54.377288022197625
1,-0.7292735472457857,0.46748947269324004,False,104,38.324883986955335
All,-0.5176812022564514,0.6052388993491209,False,206,46.273161713143274
