,t_statistic,p_value,statistically significant,count,delta_ratio
0,-0.20926849506773212,0.8346560255545906,False,103,68.53943578403991
1,-1.0354351409527809,0.3028906330051703,False,104,43.16888018485743
All,-0.9487450295457427,0.34386197666385987,False,207,55.792876449184945
