,t_statistic,p_value,statistically significant,count,delta_ratio
0,-1.2729838416383987,0.20591755665254174,False,103,85.88940129378722
1,-2.5003906449703064,0.013998651319102376,True,103,58.9146472261706
All,-2.7093718145707015,0.007311495833204821,True,206,72.40202425997893
