,t_statistic,p_value,statistically significant,count,delta_ratio
0,-2.794241108502752,0.0062256886652420455,True,102,64.28598098541475
1,-5.6699710649083945,1.2671704862657515e-07,True,106,49.480356884470126
All,-4.031450920728142,7.789956468727682e-05,True,208,56.74080716474106
