,t_statistic,p_value,statistically significant,count,delta_ratio
0,-1.874571003921542,0.0637413580024745,False,102,84.20896530471214
1,-2.0443196072517305,0.04349825082500807,True,103,58.68612159823018
All,-2.6539213114053277,0.008583322942463785,True,205,71.38529261316265
