,t_statistic,p_value,statistically significant,count,delta_ratio
0,-2.5463900704864186,0.01239416234023301,True,102,67.2231773041668
1,-4.834159209597179,4.590134970406912e-06,True,106,52.56533622622016
All,-3.6846035692611876,0.0002924570737855675,True,208,59.75331598559785
