,t_statistic,p_value,statistically significant,count,delta_ratio
0,-2.485054067295299,0.01459587556026951,True,102,68.6815656386888
1,-4.785107893516482,5.611778112335485e-06,True,106,52.199380198120934
All,-3.557944794178751,0.00046339444153283157,True,208,60.28199036609171
