,t_statistic,p_value,statistically significant,count,delta_ratio
0,-0.9141375278407657,0.36282174629778086,False,102,71.36892391526354
1,-1.5086722252126152,0.1344739173852896,False,103,49.64971386459015
All,-1.760436945114323,0.07983227328742971,False,205,60.45634520687641
