,t_statistic,p_value,statistically significant,count,delta_ratio
0,-2.498386579810796,0.014089518152703063,True,102,67.37410157297987
1,-4.63505545534484,1.0301421256037806e-05,True,106,51.00617018238849
All,-3.6429518200199564,0.00034071188591415475,True,208,59.03275192200541
