,t_statistic,p_value,statistically significant,count,delta_ratio
0,-3.269840658056948,0.001472120950590447,True,102,55.78688757913607
1,-6.898805604199377,4.088435608676002e-10,True,106,41.40610282133428
All,-4.836601009799721,2.5749550714873024e-06,True,208,48.45821842371785
