Category,t_statistic,p_value,statistically significant,count,delta_ratio
Culture/Tradition,-1.9668636010976923,0.07091634318083911,False,14,141.4659880508234
Ethnic/Racial Prejudice,-1.8200655728635902,0.0937672288417329,False,13,61.06493102364239
Ideology/Politics,-0.9837218850162105,0.33039828624039846,False,47,35.22387766528027
Other,-2.484557950773803,0.055530021541805134,False,6,59.541784472151825
Personality/Behavior,-0.9645765450717185,0.33674642038947167,False,118,87.34553993991052
Residential area,-0.8935873320755999,0.3797398932962338,False,27,40.3924403672686
Values,-1.7636574236728015,0.08870035133718113,False,29,62.91902936566828
