,t_statistic,p_value,statistically significant,count,delta_ratio
0,-0.061583080628332815,0.9510165522219178,False,102,67.47531887229133
1,-0.8410723304292292,0.4022557960022096,False,104,44.01853856561484
All,-0.654658609336661,0.5134214118192121,False,206,55.633060853386695
