,t_statistic,p_value,statistically significant,count,delta_ratio
0,0.9155164160266466,0.3608028101805931,False,251,4.0691988923188624
1,3.2005359631936146,0.00236150773522488,True,52,-12.118623751189357
All,0.9547008328321913,0.3404900383839745,False,304,1.3042434831207808
