,t_statistic,p_value,statistically significant,count,delta_ratio
0,1.1442296874332412,0.2536271418681637,False,250,2.132900789895314
1,3.2676187984311955,0.0019441182781465274,True,52,-10.417833609584447
All,1.1920741930577352,0.23416802658845373,False,303,-0.01862577149202584
