Category,Type,t_statistic,p_value,statistically significant,count,delta_ratio
Culture/Tradition,-1,-2.154859386292128,0.05050602264228076,False,14,18.71243497429158
Ideology/Politics,-1,-0.13289329047949763,0.8961690020574283,False,15,7.430340717302908
Personality/Behavior,-1,1.6412888259805563,0.10516026837121782,False,72,1.7483849801730276
Personality/Behavior,0,0.7750175274444712,0.4396089711055102,False,144,11.232956308585813
Personality/Behavior,1,-0.18136327059828425,0.8564073590452025,False,114,10.896258483270058
Values,-1,-2.888439254296534,0.005595268973892979,True,54,10.7813383396443
Values,0,-2.655140316156004,0.22930861603716757,False,2,11.115604502451271
