Category,Type,t_statistic,p_value,statistically significant,count,delta_ratio
Culture/Tradition,-1,1.382960308208729,0.18997046588978886,False,14,-4.317775684220456
Ideology/Politics,-1,1.2159463303862919,0.24411103457131544,False,15,-17.512594547382367
Personality/Behavior,-1,2.259814555738516,0.02690246840704253,True,72,-18.32202003624722
Personality/Behavior,0,-1.1037646817887048,0.2716023810998859,False,140,11.6257256886307
Personality/Behavior,1,1.4339284838376163,0.15437869097707366,False,113,-13.448971511219664
Values,-1,-0.7962152196283384,0.42945901228134586,False,54,6.200138612965186
Values,0,0.13095382425095242,0.9171039174790856,False,2,0.4114102313691692
