Category,Type,t_statistic,p_value,statistically significant,count,delta_ratio
Culture/Tradition,-1,1.330478317793236,0.20622888689511057,False,14,-0.24245904904614682
Ideology/Politics,-1,1.5001407337164145,0.15578925132904548,False,15,-18.70171879154907
Personality/Behavior,-1,2.024362921294549,0.04669585724922595,True,72,-18.1523920321938
Personality/Behavior,0,-0.43032129867831953,0.667628392437219,False,140,7.3612382919052655
Personality/Behavior,1,1.8956999215527066,0.06055422610798467,False,114,-16.51825465510183
Values,-1,-0.31830331323941,0.751505778166498,False,54,3.353387087986205
Values,0,0.5659146498922762,0.6721538085262106,False,2,-10.084096792511946
