Category,t_statistic,p_value,statistically significant,count,delta_ratio
Culture/Tradition,1.5547298270628644,0.1440104369017863,False,14,-2.4219452891470263
Ideology/Politics,1.6260711029052892,0.1262252134646118,False,15,-20.826958459712912
Personality/Behavior,3.227097392110212,0.0013787665864000134,True,324,-8.62492262513093
Values,-0.766439484657091,0.44669210415603333,False,56,6.315643738447435
