,t_statistic,p_value,statistically significant,count,delta_ratio
0,1.8361805815517345,0.06753284093983354,False,248,-0.9919127168239764
1,3.2979922098686676,0.0017790038752438133,True,52,-14.246894203244459
All,1.9026775737084125,0.05803993319808543,False,301,-3.301896833676824
