Category,t_statistic,p_value,statistically significant,count,delta_ratio
Culture/Tradition,1.4913026135391758,0.1597445562838839,False,14,-2.238869325826304
Ideology/Politics,1.2330113233245295,0.23787497549046646,False,15,-15.626739424182986
Personality/Behavior,1.6388450390540217,0.10221616787354283,False,325,-5.031639614269892
Values,-0.4845374659236156,0.6299285804511683,False,56,8.853667584312815
