Category,Type,t_statistic,p_value,statistically significant,count,delta_ratio
Culture/Tradition,-1,1.3359414416591697,0.2044852935145317,False,14,-0.3218735266035726
Ideology/Politics,-1,1.1530317804225623,0.2682044331935737,False,15,-12.20079377194832
Personality/Behavior,-1,-0.1647977656185364,0.8695649659762954,False,73,-7.502567945041047
Personality/Behavior,0,-1.4189017528672343,0.15815012745153162,False,141,24.751793700892172
Personality/Behavior,1,-0.46740994255292334,0.6411067132486354,False,114,-7.384749746404393
Values,-1,-2.00515986365455,0.05006459841640749,False,54,18.70350238430465
Values,0,-2.498260988448175,0.24239067675292447,False,2,14.493170080875478
