,t_statistic,p_value,statistically significant,count,delta_ratio
0,2.0051952080553317,0.04602446531787285,True,250,0.399288849568844
1,3.3942025729306793,0.0013392725741862485,True,52,-13.602640970138232
All,2.054157115398637,0.04082097420434223,True,303,-2.0208151472123337
