Category,Type,t_statistic,p_value,statistically significant,count,delta_ratio
Culture/Tradition,-1,-2.412482069410245,0.031343689233050996,True,14,25.992628112223358
Ideology/Politics,-1,-1.0239254268073221,0.3232384547021562,False,15,20.89558113322217
Personality/Behavior,-1,-2.207534148506638,0.0306044889112962,True,70,18.79774252290992
Personality/Behavior,0,-8.436571443571387,3.2610634285008515e-14,True,144,23.5251808630768
Personality/Behavior,1,-6.104220361565207,1.4909958283872437e-08,True,114,19.267322915668984
Values,-1,-4.857612365145844,1.0938660819264461e-05,True,54,18.205901295295952
Values,0,-1.4302860156574455,0.38844155054998225,False,2,47.03368299341291
