Category,Type,t_statistic,p_value,statistically significant,count,delta_ratio
Culture/Tradition,-1,-2.3901329923832986,0.03268286903999291,True,14,21.741130782625213
Ideology/Politics,-1,0.034355615881311044,0.9730786043812016,False,15,4.354984606155616
Personality/Behavior,-1,1.5427573853424605,0.1273352694664411,False,72,2.6696202064518926
Personality/Behavior,0,0.6949640954569878,0.48820548974129985,False,144,12.034258685919719
Personality/Behavior,1,-1.982417281426284,0.049859544925257016,True,114,12.078292487569263
Values,-1,-3.693657163675996,0.0005239712354676116,True,54,12.965294032976102
Values,0,-1.6241599587466367,0.35134141874737085,False,2,18.089120996385883
