Category,Type,t_statistic,p_value,statistically significant,count,delta_ratio
Culture/Tradition,-1,1.8683558614404294,0.08441143244811712,False,14,-15.408605512907023
Ideology/Politics,-1,2.8197447901214074,0.014472120783053476,True,14,-20.14024985445082
Personality/Behavior,-1,3.6738209787270644,0.00046388797811701627,True,71,-14.824876940470944
Personality/Behavior,0,4.331930294749728,2.8014482522612127e-05,True,141,-8.030682567779568
Personality/Behavior,1,4.302890608783822,3.645631203807948e-05,True,112,-12.711753792598774
Values,-1,0.4065583252935328,0.6859695024074636,False,54,1.8198116876077282
Values,0,2.225043951913089,0.2688949822859889,False,2,-7.240720662806408
