Category,t_statistic,p_value,statistically significant,count,delta_ratio
Culture/Tradition,1.5691282041418853,0.1406293063721649,False,14,-2.6604941597422957
Ideology/Politics,1.290505111496105,0.2177820061974967,False,15,-11.136285550377817
Personality/Behavior,1.458547510385333,0.14565244985449205,False,327,-3.877829979990708
Values,-1.1720014650219366,0.24624831717543058,False,56,11.952379651245849
