,t_statistic,p_value,statistically significant,count,delta_ratio
0,0.7865914591261813,0.4322601365841048,False,253,11.879994002868797
1,-0.8665203800537234,0.39026336258997485,False,52,11.574867113692324
All,0.67337913606001,0.5012160488924811,False,306,11.857481717127055
