,t_statistic,p_value,statistically significant,count,delta_ratio
0,0.7422604678327763,0.45862081873716243,False,253,12.493402681027456
1,-1.074622730600138,0.2876016730487297,False,52,12.534872736366781
All,0.5884997341711423,0.5566324571978892,False,306,12.511007050799167
