Category,t_statistic,p_value,statistically significant,count,delta_ratio
Culture/Tradition,-2.2372373895926887,0.04341792145933061,True,14,17.07979011500139
Ideology/Politics,0.0019362116162712133,0.9984824469275719,False,15,4.490278520577925
Personality/Behavior,2.636430957089305,0.008775601347062248,True,330,5.840976249841157
Values,-0.9316193558717712,0.3556048263453362,False,56,9.94385899544135
