Category,t_statistic,p_value,statistically significant,count,delta_ratio
Culture/Tradition,-2.3267770418041125,0.03678274739300165,True,14,25.404803645759817
Ideology/Politics,-0.3688389834321857,0.7177658448527785,False,15,9.797666544325077
Personality/Behavior,0.04410393090529417,0.9648483151779766,False,330,12.535522182518196
Values,-4.31913448040142,6.602899645723454e-05,True,56,14.091982415277263
