Category,Type,t_statistic,p_value,statistically significant,count,delta_ratio
Culture/Tradition,-1,-2.297824579731881,0.0388151805099234,True,14,21.542622296375253
Ideology/Politics,-1,-0.21931177595450305,0.8295724477410386,False,15,11.464363369931617
Personality/Behavior,-1,1.5176742999083497,0.13353684981252312,False,72,6.015608092068245
Personality/Behavior,0,-0.8090082268309834,0.4198543970415263,False,144,16.260965204276047
Personality/Behavior,1,-2.5314432378009117,0.012733965323162373,True,114,14.870757393331898
Values,-1,-3.721618802324684,0.0004800737243433869,True,54,15.930709367122859
Values,0,-1.2947237041224482,0.418680687635193,False,2,31.412847026551553
