Category,Type,t_statistic,p_value,statistically significant,count,delta_ratio
Culture/Tradition,-1,1.5691282041418853,0.1406293063721649,False,14,-2.6604941597422957
Ideology/Politics,-1,1.290505111496105,0.2177820061974967,False,15,-11.136285550377817
Personality/Behavior,-1,1.9236382666100207,0.05840965677063452,False,72,-17.64821507182334
Personality/Behavior,0,0.3373773571242926,0.7363377410679797,False,141,11.602380544484733
Personality/Behavior,1,2.2213713506629555,0.028319012113688577,True,114,-14.327320833842355
Values,-1,-1.1959750531769449,0.23702963102457034,False,54,12.37589304070575
Values,0,0.11183686074916503,0.9290970693758195,False,2,0.5175181358285069
