Category,t_statistic,p_value,statistically significant,count,delta_ratio
Culture/Tradition,-2.3713452041637084,0.03385081494219623,True,14,21.748248029173524
Ideology/Politics,-0.09175024046951955,0.9281963976823886,False,15,9.757362607946655
Personality/Behavior,0.7446746913992645,0.45699998803158914,False,330,12.33328816282137
Values,-3.757765125316411,0.00041638941688294995,True,56,15.078133386403966
