Category,Type,t_statistic,p_value,statistically significant,count,delta_ratio
Culture/Tradition,-1,1.4536507712606017,0.16975563211264574,False,14,-1.6040692853844758
Ideology/Politics,-1,1.2137972644739872,0.24490532478598975,False,15,-14.379822756442865
Personality/Behavior,-1,1.386031769644919,0.1700149994796462,False,73,-14.063334042806186
Personality/Behavior,0,-0.12227532660116405,0.9028563171468851,False,141,14.93675796344814
Personality/Behavior,1,1.3331641932163583,0.18515943112109828,False,114,-12.547039168236878
Values,-1,-1.5742362190179982,0.12138398186280532,False,54,12.039299099705724
Values,0,0.03039543405496442,0.9806556215342713,False,2,1.1313043047229299
