,t_statistic,p_value,statistically significant,count,delta_ratio
0,6.157454465450971,3.0044507251314003e-09,True,246,-9.518328771950971
1,3.6249603420691474,0.0006667317861050322,True,52,-12.550191358668872
All,6.7537295789342515,7.548231717857573e-11,True,299,-10.041883868938834
