,t_statistic,p_value,statistically significant,count,delta_ratio
0,1.5814405508084572,0.11503160287589122,False,253,8.761147484549117
1,-0.06705149915403662,0.9468028824949005,False,52,9.310563931803411
All,1.5591886009947924,0.11998873911846583,False,306,8.868600415661842
