,t_statistic,p_value,statistically significant,count,delta_ratio
0,1.7649414039718678,0.0788043982863451,False,249,-3.3290383176780622
1,3.5263203852362714,0.0009008196257430283,True,52,-14.705521207566582
All,1.8354082963102465,0.06743172008047206,False,302,-5.3114763383385775
