Category,t_statistic,p_value,statistically significant,count,delta_ratio
Culture/Tradition,-2.219959244270832,0.044822162268941375,True,14,20.641333740010523
Ideology/Politics,-0.19898349779417665,0.845136517476968,False,15,8.663812978345376
Personality/Behavior,2.0724437415878896,0.0390025558135037,True,330,8.26430942274604
Values,-2.5741137498627253,0.012773111463405349,True,56,11.499662307744684
