,t_statistic,p_value,statistically significant,count,delta_ratio
0,-0.9974990674497188,0.31948682100755527,False,251,9.566058731029026
1,2.014265501085631,0.049270366382062954,True,52,-8.088614591354009
All,-0.978005859274033,0.32885162290424796,False,304,6.548324492101109
