,t_statistic,p_value,statistically significant,count,delta_ratio
0,1.565533741286233,0.11872777550745572,False,250,0.743377413856264
1,3.1115873678996047,0.0030460913106320556,True,52,-12.882902135709564
All,1.6142639187503294,0.10751449592215974,False,303,-1.633943998627675
