Category,t_statistic,p_value,statistically significant,count,delta_ratio
Culture/Tradition,1.4512117010922985,0.17042192056918062,False,14,-1.5269301824301533
Ideology/Politics,1.2928001647140397,0.2170088512491473,False,15,-15.76764668307338
Personality/Behavior,1.8623028200389542,0.06345989572042934,False,327,-3.8531956687869675
Values,-0.8387535355152161,0.40523833625393335,False,56,8.124093602610701
