Category,Type,t_statistic,p_value,statistically significant,count,delta_ratio
Culture/Tradition,-1,-2.3888826343947787,0.03275938620047698,True,14,20.013353190049806
Ideology/Politics,-1,-0.07455256330034829,0.9416255077005423,False,15,7.865557681264475
Personality/Behavior,-1,1.658985452322632,0.10153021003152639,False,72,3.6554874479634125
Personality/Behavior,0,0.42200437090913695,0.6736555863836979,False,144,13.10755692216854
Personality/Behavior,1,-0.4290685678503007,0.6686902377132642,False,114,12.512718074565587
Values,-1,-3.5495676363799826,0.000818262449045177,True,54,13.102300766156944
Values,0,-1.652618959583083,0.34642376829983407,False,2,16.885277610174697
