Category,Type,t_statistic,p_value,statistically significant,count,delta_ratio
Culture/Tradition,-1,1.4512117010922985,0.17042192056918062,False,14,-1.5269301824301533
Ideology/Politics,-1,1.2928001647140397,0.2170088512491473,False,15,-15.76764668307338
Personality/Behavior,-1,1.9454395152362476,0.05568197741689768,False,72,-15.825582580529126
Personality/Behavior,0,0.6577886198488226,0.5117540780102682,False,141,10.800347278989737
Personality/Behavior,1,1.7705061615843296,0.07933947677763106,False,114,-14.41580705467363
Values,-1,-0.8514921846569617,0.3983270346430241,False,54,8.429227822191834
Values,0,0.03895814364756754,0.9752110114421966,False,2,-0.11453032607977864
