Category,Type,t_statistic,p_value,statistically significant,count,delta_ratio
Culture/Tradition,-1,1.4913026135391758,0.1597445562838839,False,14,-2.238869325826304
Ideology/Politics,-1,1.2330113233245295,0.23787497549046646,False,15,-15.626739424182986
Personality/Behavior,-1,1.7856244613430725,0.07843049258419743,False,72,-19.40659679297039
Personality/Behavior,0,-0.062353445099660565,0.9503709400366727,False,140,10.961674425982347
Personality/Behavior,1,1.6230437118855772,0.10739151975235632,False,113,-15.687100222844027
Values,-1,-0.5970235586599302,0.5530336944466878,False,54,9.461895409065578
Values,0,0.548039904254008,0.680838893650743,False,2,-7.5684836840117855
