,t_statistic,p_value,statistically significant,count,delta_ratio
0,1.941333401549722,0.05333263124077087,False,253,8.100641334835158
1,-0.12706317372989662,0.8993900599894409,False,52,9.856650219424901
All,1.9021068773296992,0.05809907389342852,False,306,8.426830122370166
