Category,t_statistic,p_value,statistically significant,count,delta_ratio
Culture/Tradition,1.2068186117425175,0.24900378969795497,False,14,-1.853218897110915
Ideology/Politics,1.1296562242880874,0.2776052293997036,False,15,-10.23999084671941
Personality/Behavior,-1.2722115385349906,0.204201903283791,False,328,4.259622133661199
Values,-1.7093106308713846,0.09303080878042885,False,56,12.88017690975988
