Category,t_statistic,p_value,statistically significant,count,delta_ratio
Culture/Tradition,1.3359414416591697,0.2044852935145317,False,14,-0.3218735266035726
Ideology/Politics,1.1530317804225623,0.2682044331935737,False,15,-12.20079377194832
Personality/Behavior,-1.4249406910562474,0.15512806411525568,False,328,6.403823112035665
Values,-2.14003719222686,0.036802929954388504,True,56,18.553133373467894
