,t_statistic,p_value,statistically significant,count,delta_ratio
0,1.8586861684924236,0.06425628691191129,False,249,-3.9214136587626887
1,3.31372791306206,0.0016987693811965432,True,52,-13.889458099577581
All,1.936392956144266,0.05375547230152998,False,302,-5.673202188847239
