,t_statistic,p_value,statistically significant,count,delta_ratio
0,-1.063467745143163,0.2885960179656939,False,251,13.095559741576867
1,2.8687647216562997,0.005980830122970646,True,52,-8.494440329746727
All,-1.0309122085962847,0.3034041703615455,False,304,9.368632807306364
