Category,t_statistic,p_value,statistically significant,count,delta_ratio
Culture/Tradition,1.3979688473209795,0.18551971589504562,False,14,-2.0274775580752147
Ideology/Politics,1.2646772623306106,0.2266349946154116,False,15,-18.73922711856761
Personality/Behavior,1.7032982192383792,0.08946825188269339,False,326,-7.009010723080119
Values,0.036749344079789664,0.9708179245892112,False,56,2.143344447537259
