Category,t_statistic,p_value,statistically significant,count,delta_ratio
Culture/Tradition,-2.154859386292128,0.05050602264228076,False,14,18.71243497429158
Ideology/Politics,-0.13289329047949763,0.8961690020574283,False,15,7.430340717302908
Personality/Behavior,1.674233057345307,0.09503512319229017,False,330,9.04728149727758
Values,-3.1681044905814972,0.002505023304505357,True,56,10.793276416887407
