,t_statistic,p_value,statistically significant,count,delta_ratio
0,3.3317119069229255,0.000995892265824985,True,247,-5.619318060239646
1,3.611718180221434,0.0006943791926916745,True,52,-13.594664799464958
All,3.469364717351588,0.0005984212946531241,True,300,-6.998734906642751
