,t_statistic,p_value,statistically significant,count,delta_ratio
0,1.165405636704575,0.24495674640564508,False,253,10.118231924143414
1,-0.04503534160772137,0.964255016258624,False,52,9.85310545411066
All,1.1350362641331564,0.25725131768071,False,306,10.088120536488201
