,t_statistic,p_value,statistically significant,count,delta_ratio
0,0.896868168557547,0.3706625693112847,False,248,0.5041487922945653
1,3.4975513036087604,0.0009826988453697147,True,52,-14.223855034675717
All,0.9599763661888739,0.33784015856615446,False,301,-2.108121172947313
