Category,t_statistic,p_value,statistically significant,count,delta_ratio
Culture/Tradition,1.8683558614404294,0.08441143244811712,False,14,-15.408605512907023
Ideology/Politics,2.8197447901214074,0.014472120783053476,True,14,-20.14024985445082
Personality/Behavior,6.875223012131601,3.2061966562042997e-11,True,324,-11.13768188148586
Values,0.7108594099810103,0.4801751595457814,False,56,1.4962212465215081
