Category,Type,t_statistic,p_value,statistically significant,count,delta_ratio
Culture/Tradition,-1,-2.372898951864749,0.03375273366186876,True,14,22.49946528585472
Ideology/Politics,-1,-0.21449785760696416,0.833251720575879,False,15,10.810374838835145
Personality/Behavior,-1,1.5112825925326367,0.13515471293303938,False,72,5.063645479682606
Personality/Behavior,0,0.25768222313477895,0.7970226152533813,False,144,13.649101248390663
Personality/Behavior,1,-2.3019109406417813,0.023172380579071384,True,114,13.898237654216086
Values,-1,-3.0968077906837586,0.003124684030167569,True,54,12.611448406092919
Values,0,-1.4456882244433997,0.38524530712289184,False,2,22.7513583102514
