Category,Type,t_statistic,p_value,statistically significant,count,delta_ratio
Culture/Tradition,-1,1.2981608769401813,0.2167912864457043,False,14,-2.8795600425082415
Ideology/Politics,-1,1.1929047027683033,0.2527323118417216,False,15,-17.42767754453071
Personality/Behavior,-1,1.5390720547430914,0.12817024999958185,False,73,-14.792207411192543
Personality/Behavior,0,-1.019414853822824,0.30977707991155196,False,140,13.261522825763041
Personality/Behavior,1,1.6192950389212648,0.10817148090266536,False,114,-11.53269177961865
Values,-1,-1.3867012195026787,0.17133817189735775,False,54,11.526948745639519
Values,0,0.05633818777564227,0.9641718697514163,False,2,-1.069037698303224
