Category,Type,t_statistic,p_value,statistically significant,count,delta_ratio
Culture/Tradition,-1,1.3979688473209795,0.18551971589504562,False,14,-2.0274775580752147
Ideology/Politics,-1,1.2646772623306106,0.2266349946154116,False,15,-18.73922711856761
Personality/Behavior,-1,2.363774766221376,0.020829914723237686,True,72,-16.397337525476647
Personality/Behavior,0,-0.11906811814122015,0.9053932978316599,False,140,4.548923368050801
Personality/Behavior,1,2.0024375651206223,0.04763241840828958,True,114,-15.273495310674672
Values,-1,-0.11369979138436724,0.9099053901300507,False,54,2.5530047729030083
Values,0,0.41632564865981697,0.7488531732356589,False,2,-8.917484337337989
