Category,Type,t_statistic,p_value,statistically significant,count,delta_ratio
Culture/Tradition,-1,-2.4710435300765687,0.02807950630487796,True,14,21.420761744958842
Ideology/Politics,-1,-0.23868067597710693,0.8148115790267557,False,15,10.340476721364844
Personality/Behavior,-1,1.436558388409409,0.15523546755299325,False,72,5.073278434330929
Personality/Behavior,0,0.3992477791633286,0.6903062630475937,False,144,13.39085239199167
Personality/Behavior,1,-2.681442167851691,0.00842878731551534,True,114,13.190843879025563
Values,-1,-3.4945063777659766,0.0009679452906601035,True,54,14.714255933364514
Values,0,-1.9946808397076603,0.295845935613484,False,2,25.926322366299843
