Category,t_statistic,p_value,statistically significant,count,delta_ratio
Culture/Tradition,1.2981608769401813,0.2167912864457043,False,14,-2.8795600425082415
Ideology/Politics,1.1929047027683033,0.2527323118417216,False,15,-17.42767754453071
Personality/Behavior,0.7304699974394346,0.4656275659302236,False,327,-1.6450911568402324
Values,-1.3665427221733992,0.1773294670961066,False,56,11.077092086927275
