Category,t_statistic,p_value,statistically significant,count,delta_ratio
Culture/Tradition,1.330478317793236,0.20622888689511057,False,14,-0.24245904904614682
Ideology/Politics,1.5001407337164145,0.15578925132904548,False,15,-18.70171879154907
Personality/Behavior,1.6636878105988868,0.09713872308476947,False,326,-6.624171460530135
Values,-0.10780475615567876,0.9145428820700423,False,56,2.8734769493969843
