Category,t_statistic,p_value,statistically significant,count,delta_ratio
Culture/Tradition,-2.3901329923832986,0.03268286903999291,True,14,21.741130782625213
Ideology/Politics,0.034355615881311044,0.9730786043812016,False,15,4.354984606155616
Personality/Behavior,1.2759937128153553,0.20285782603752903,False,330,10.00627651278749
Values,-3.967768865738582,0.0002119431346718345,True,56,13.148287853097882
