,t_statistic,p_value,statistically significant,count,delta_ratio
0,-0.19003956061177776,0.8494311219062418,False,253,15.706599734631435
1,-1.5285548082290519,0.13255395193142613,False,52,13.470492892718644
All,-0.3892270329166579,0.6973798184437063,False,306,15.334498615592382
