Category,t_statistic,p_value,statistically significant,count,delta_ratio
Culture/Tradition,1.4536507712606017,0.16975563211264574,False,14,-1.6040692853844758
Ideology/Politics,1.2137972644739872,0.24490532478598975,False,15,-14.379822756442865
Personality/Behavior,0.6460763596272371,0.5186830466491177,False,328,-1.0698261507855709
Values,-1.5493602951094645,0.12703066532328663,False,56,11.64972785702777
