Category,Type,t_statistic,p_value,statistically significant,count,delta_ratio
Culture/Tradition,-1,1.2068186117425175,0.24900378969795497,False,14,-1.853218897110915
Ideology/Politics,-1,1.1296562242880874,0.2776052293997036,False,15,-10.23999084671941
Personality/Behavior,-1,-0.3770389345422085,0.7072536734603481,False,73,-8.029354409509839
Personality/Behavior,0,-1.1768968868824596,0.24123372826531564,False,141,20.041794186037432
Personality/Behavior,1,-0.33404628709915646,0.7389637741227613,False,114,-7.3911758640016325
Values,-1,-1.6404326347152915,0.10683763539440135,False,54,13.140024134615688
Values,0,-0.7547360703191912,0.5884092045727469,False,2,5.864301838653089
