Category,t_statistic,p_value,statistically significant,count,delta_ratio
Culture/Tradition,1.382960308208729,0.18997046588978886,False,14,-4.317775684220456
Ideology/Politics,1.2159463303862919,0.24411103457131544,False,15,-17.512594547382367
Personality/Behavior,0.5031531782573252,0.6151984507191312,False,325,-3.727131159905614
Values,-0.7500274212046092,0.45643471563005555,False,56,5.993398313622473
