Category,Type,t_statistic,p_value,statistically significant,count,delta_ratio
Culture/Tradition,-1,1.5547298270628644,0.1440104369017863,False,14,-2.4219452891470263
Ideology/Politics,-1,1.6260711029052892,0.1262252134646118,False,15,-20.826958459712912
Personality/Behavior,-1,3.993612092169719,0.00015857410421760612,True,71,-19.87602769784724
Personality/Behavior,0,1.446745084781278,0.15021966415184015,False,140,3.7452659250750933
Personality/Behavior,1,2.1806315354793098,0.0313022842475455,True,113,-16.881541535449383
Values,-1,-0.7764493381398686,0.44093520003263165,False,54,6.361064648448041
Values,0,-0.06691503275055859,0.9574639781912181,False,2,5.0892791684310765
