,t_statistic,p_value,statistically significant,count,delta_ratio
0,1.3655093702321397,0.17331063143158804,False,253,10.919838317693348
1,-0.10435071756334406,0.9173003336650698,False,52,10.075885950521062
All,1.3359010609084796,0.18257754294152925,False,306,10.7804379578425
