Category,t_statistic,p_value,statistically significant,count,delta_ratio
Culture/Tradition,-2.8288894602307963,0.01422081461087788,True,14,121.49292258293653
Ideology/Politics,-0.448668506475438,0.6610583123738271,False,14,78.53984718192105
Personality/Behavior,-3.677461057471191,0.00027582045216407146,True,324,156.31510987225127
Values,-1.5714592925313595,0.12181167229861033,False,56,74.30859904808021
