,t_statistic,p_value,statistically significant,count,delta_ratio
0,-0.7813528179568445,0.4353343134465285,False,251,265.92734446563685
1,-2.5575775449301204,0.013556304686669603,True,52,80.41095822081707
All,-0.8316346385199281,0.40627010819864184,False,304,233.66081712916267
