,t_statistic,p_value,statistically significant,count,delta_ratio
0,-1.8209830592249334,0.06981438043923248,False,249,223.0104826709837
1,-2.2071807802920693,0.031827607250527835,True,52,63.474316425786924
All,-1.874549677763761,0.06182304066203991,False,302,195.08441080944814
