,t_statistic,p_value,statistically significant,count,delta_ratio
0,-3.642271092261694,0.00032951816089213344,True,247,259.0800499256711
1,-2.371872519622334,0.021510263036307112,True,52,77.97702035835272
All,-3.766912787680132,0.00019903764108920047,True,300,227.14486151312826
