,t_statistic,p_value,statistically significant,count,delta_ratio
0,-3.5687031824749793,0.0004315316436860812,True,246,191.1093607725214
1,-2.0880850980395937,0.04180272477511314,True,52,58.793719977316464
All,-3.676333024642009,0.0002805738503089791,True,299,167.79470384237825
