Category,Type,t_statistic,p_value,statistically significant,count,delta_ratio
Culture/Tradition,-1,-2.99083976507493,0.010420846838740285,True,14,110.87857790953551
Ideology/Politics,-1,-1.2662409606206042,0.22764677788948492,False,14,97.35767854373012
Personality/Behavior,-1,0.5321596140603672,0.5963005313779153,False,71,88.73216147607334
Personality/Behavior,0,-3.6105234032575155,0.0004256899709241671,True,140,284.0071209707704
Personality/Behavior,1,-2.4845982935469486,0.014435505815652535,True,114,97.79626949289126
Values,-1,-2.628915100078072,0.011183526494835854,True,54,91.84198399092523
Values,0,-1.0114283990760697,0.4963829353641114,False,2,255.35419894444559
