Category,Type,t_statistic,p_value,statistically significant,count,delta_ratio
Culture/Tradition,-1,-2.8216429498534117,0.014419600313486223,True,14,133.41235086538214
Ideology/Politics,-1,-1.6337798952222122,0.12627723551928435,False,14,130.3142026733356
Personality/Behavior,-1,1.2218626017560328,0.2258008599803027,False,72,127.0464257330771
Personality/Behavior,0,-3.645425947830104,0.0003754118287122543,True,141,384.8516993070945
Personality/Behavior,1,-2.4567792463996634,0.01553956993097337,True,114,138.8756289006967
Values,-1,-2.19369414799183,0.03266460584919244,True,54,108.10787960882769
Values,0,-0.9863831865419473,0.5043640104080926,False,2,364.66225421545846
