,t_statistic,p_value,statistically significant,count,delta_ratio
0,-2.957084889048484,0.0034066058900855227,True,248,299.7123124565601
1,-2.3593480848012036,0.02217393547781134,True,52,82.71661207909584
All,-3.030827177689483,0.002651409815916456,True,301,261.50966733736254
