,t_statistic,p_value,statistically significant,count,delta_ratio
0,-3.286444783506576,0.0011631705258018995,True,246,257.8373176724494
1,-2.236458940808831,0.029723054611255146,True,52,79.58468001741392
All,-3.395891556531765,0.000776897237413227,True,299,226.25294113850444
