Category,Type,t_statistic,p_value,statistically significant,count,delta_ratio
Culture/Tradition,-1,-2.90031150880967,0.012400500331267456,True,14,122.68956289881442
Ideology/Politics,-1,-0.6087518842813058,0.5531780510427249,False,14,110.34450255894936
Personality/Behavior,-1,0.43314327156293475,0.6662424593944762,False,71,128.16057547578848
Personality/Behavior,0,-2.563399010720486,0.011420634047459707,True,141,325.67334956967795
Personality/Behavior,1,-2.299912741670358,0.02328937732733136,True,114,140.07597588989745
Values,-1,-2.24313080414787,0.029092707597802785,True,54,108.99510451147701
Values,0,-0.9933321393510207,0.5021295377784717,False,2,296.0657666998298
