Category,Type,t_statistic,p_value,statistically significant,count,delta_ratio
Culture/Tradition,-1,-2.650273940410088,0.02000132779683052,True,14,98.73884855016924
Ideology/Politics,-1,-0.2781843030798,0.7852462566488942,False,14,79.41378384868261
Personality/Behavior,-1,-2.8060583759321487,0.006559561361239104,True,68,59.32419295434572
Personality/Behavior,0,-5.639298519165021,9.096355491643315e-08,True,141,147.83379597582154
Personality/Behavior,1,-4.773660628650123,5.508594804272315e-06,True,113,81.47397264149163
Values,-1,-4.9222396945687095,8.726172791369831e-06,True,54,52.07580713238252
Values,0,-1.05843478058602,0.4819325106505056,False,2,120.35884670846582
