Category,Type,t_statistic,p_value,statistically significant,count,delta_ratio
Culture/Tradition,-1,-2.548608514951547,0.024256371426782122,True,14,117.78318378682042
Ideology/Politics,-1,0.97749797353489,0.34491240717600957,False,15,105.52662821110368
Personality/Behavior,-1,1.058070160258097,0.29361007212349155,False,72,122.79025156748887
Personality/Behavior,0,-2.3937280448286757,0.017993789754595823,True,142,343.8698499449427
Personality/Behavior,1,-2.421106922108235,0.017065161863525274,True,114,120.67592732494718
Values,-1,-3.145693059917821,0.0027166554157442195,True,54,89.68848028127829
Values,0,-1.0004459313794294,0.49985808727738684,False,2,292.54407480043926
