,t_statistic,p_value,statistically significant,count,delta_ratio
0,-3.1736539959118946,0.0016970517930401344,True,247,219.55541511371797
1,-2.2499875443173587,0.028792908300336484,True,52,61.22153193380887
All,-3.257284496450182,0.0012542799811171466,True,300,191.65594640172444
