Category,t_statistic,p_value,statistically significant,count,delta_ratio
Culture/Tradition,-2.9722565764899613,0.010799876521105619,True,14,135.20629196387134
Ideology/Politics,-0.9663151948994378,0.3515201251109522,False,14,110.96370102533422
Personality/Behavior,-2.9570264081072444,0.003333671298581023,True,326,238.0082169777404
Values,-1.7816754527216183,0.0803234550570093,False,56,119.87737225789894
