Category,t_statistic,p_value,statistically significant,count,delta_ratio
Culture/Tradition,-3.1194698957330007,0.008136050272819155,True,14,124.61232722030036
Ideology/Politics,-1.4567773994899282,0.1689047160381693,False,14,105.45855377807634
Personality/Behavior,-3.271332957683047,0.0011860714533744425,True,324,207.0751457997178
Values,-2.19229493306766,0.03260795609624779,True,56,111.81335587795354
