,t_statistic,p_value,statistically significant,count,delta_ratio
0,-4.550765562930542,8.418731438468317e-06,True,246,326.03252260467667
1,-2.4837919218479523,0.01632595654779415,True,52,80.14345790116344
All,-4.627639579321005,5.5249795311321736e-06,True,299,282.48471869841524
