Category,Type,t_statistic,p_value,statistically significant,count,delta_ratio
Culture/Tradition,-1,-2.9902749670630886,0.010432169825746601,True,14,116.22533527880559
Ideology/Politics,-1,-1.4602024712190607,0.1679766873686287,False,14,110.37903498040858
Personality/Behavior,-1,0.12496946208931718,0.9009111087297861,False,70,103.30138288653087
Personality/Behavior,0,-3.993596054117166,0.00010466737054545193,True,141,330.91473164552644
Personality/Behavior,1,-2.6168430457677907,0.01008859119714476,True,114,125.58285733735597
Values,-1,-2.483066473436949,0.016225012724094923,True,54,96.2278298460283
Values,0,-0.9972071576823305,0.5008902318794426,False,2,331.00512905442645
