Category,Type,t_statistic,p_value,statistically significant,count,delta_ratio
Culture/Tradition,-1,-2.6865662782573754,0.018665883053085804,True,14,124.22054264863966
Ideology/Politics,-1,0.06004575207073987,0.9530324659160272,False,14,79.60057725965129
Personality/Behavior,-1,0.7387000469723165,0.46255884355602883,False,71,86.99892068276021
Personality/Behavior,0,-1.9795756673986993,0.04969849613802812,True,142,289.23298575308917
Personality/Behavior,1,-2.2521857902547144,0.026242527838503737,True,114,109.23964343144202
Values,-1,-2.47472626252964,0.016567583357533743,True,54,74.10750460471017
Values,0,-0.9887444847705924,0.5036029802185735,False,2,174.10892314720996
