Category,t_statistic,p_value,statistically significant,count,delta_ratio
Culture/Tradition,-2.548608514951547,0.024256371426782122,True,14,117.78318378682042
Ideology/Politics,0.97749797353489,0.34491240717600957,False,15,105.52662821110368
Personality/Behavior,-1.4372116080750608,0.15161402965969795,False,328,217.7666845124544
Values,-2.13914621050451,0.03687837219258316,True,56,96.9333229426769
