Category,t_statistic,p_value,statistically significant,count,delta_ratio
Culture/Tradition,-2.99083976507493,0.010420846838740285,True,14,110.87857790953551
Ideology/Politics,-1.2662409606206042,0.22764677788948492,False,14,97.35767854373012
Personality/Behavior,-3.13940030579353,0.00184873766385938,True,325,176.03001576276515
Values,-2.042130821665308,0.04594512946465637,True,56,97.68170595355092
