Category,t_statistic,p_value,statistically significant,count,delta_ratio
Culture/Tradition,-2.650273940410088,0.02000132779683052,True,14,98.73884855016924
Ideology/Politics,-0.2781843030798,0.7852462566488942,False,14,79.41378384868261
Personality/Behavior,-7.849085073208005,6.312053835483486e-14,True,322,105.85456292538788
Values,-2.352639317364205,0.022245917098610877,True,56,54.51448711724265
