Category,Type,t_statistic,p_value,statistically significant,count,delta_ratio
Culture/Tradition,-1,-2.9722565764899613,0.010799876521105619,True,14,135.20629196387134
Ideology/Politics,-1,-0.9663151948994378,0.3515201251109522,False,14,110.96370102533422
Personality/Behavior,-1,-0.09949794529116353,0.9210314331359533,False,70,143.28704884865684
Personality/Behavior,0,-2.339374874116994,0.020719966720582208,True,142,369.5233857195976
Personality/Behavior,1,-2.4779657930759806,0.014692170672116867,True,114,132.35319774696956
Values,-1,-2.709122457855948,0.009065570846078104,True,54,109.50755417056399
Values,0,-0.9979395822375368,0.5006565274713893,False,2,399.8624606159423
