Category,t_statistic,p_value,statistically significant,count,delta_ratio
Culture/Tradition,-2.5410380531379735,0.02460616153639588,True,14,114.61791181223313
Ideology/Politics,-1.008532858098912,0.3316026735748544,False,14,123.10825200754255
Personality/Behavior,-4.554042547309828,7.46684077937378e-06,True,324,260.84964955783005
Values,-2.3397354159922066,0.02295513601225265,True,56,116.03679494361312
