Category,t_statistic,p_value,statistically significant,count,delta_ratio
Culture/Tradition,-2.6865662782573754,0.018665883053085804,True,14,124.22054264863966
Ideology/Politics,0.06004575207073987,0.9530324659160272,False,14,79.60057725965129
Personality/Behavior,-1.8923968107593607,0.059323926921177064,False,327,182.57286451559332
Values,-1.7348685795013155,0.08836526765395449,False,56,77.67898383837087
