Category,t_statistic,p_value,statistically significant,count,delta_ratio
Culture/Tradition,-2.9902749670630886,0.010432169825746601,True,14,116.22533527880559
Ideology/Politics,-1.4602024712190607,0.1679766873686287,False,14,110.37903498040858
Personality/Behavior,-3.665179228720551,0.00028870492195140067,True,325,209.86621446318458
Values,-1.9415240910072806,0.05732460618489482,False,56,104.61273338918542
