Category,t_statistic,p_value,statistically significant,count,delta_ratio
Culture/Tradition,-3.0342341286686443,0.00958640402198448,True,14,134.09982470766374
Ideology/Politics,-1.305758360057747,0.21426976368528433,False,14,87.66731265316004
Personality/Behavior,-5.43869050490602,1.0655193403940068e-07,True,322,165.56555272958067
Values,-1.540003072546373,0.12929371999182898,False,56,69.83238636943764
