,t_statistic,p_value,statistically significant,count,delta_ratio
0,-6.6233708880925715,2.2373091506214898e-10,True,244,121.6824755615007
1,-3.0016214677792097,0.004150202481087252,True,52,62.6168447657007
All,-7.026954565116104,1.457185745690802e-11,True,297,111.13042011691559
