Category,t_statistic,p_value,statistically significant,count,delta_ratio
Culture/Tradition,-2.90031150880967,0.012400500331267456,True,14,122.68956289881442
Ideology/Politics,-0.6087518842813058,0.5531780510427249,False,14,110.34450255894936
Personality/Behavior,-2.5485007613983166,0.011278237192901932,True,326,217.75461472255796
Values,-1.8628408067027677,0.0678284962142005,False,56,115.67619958963249
