,t_statistic,p_value,statistically significant,count,delta_ratio
0,-5.147758653488824,5.442123860185889e-07,True,244,198.0000912798095
1,-2.775702806565681,0.007682301356427117,True,52,69.77827081343797
All,-5.472245866486845,9.477133912405242e-08,True,297,175.11266118470354
