Category,t_statistic,p_value,statistically significant,count,delta_ratio
Culture/Tradition,-2.8216429498534117,0.014419600313486223,True,14,133.41235086538214
Ideology/Politics,-1.6337798952222122,0.12627723551928435,False,14,130.3142026733356
Personality/Behavior,-1.9163699078564307,0.056192217829947815,False,327,242.33410993810796
Values,-1.7398137500280888,0.08748528892039699,False,56,117.27053584477875
