,t_statistic,p_value,statistically significant,count,delta_ratio
0,-2.5175541555817365,0.01245094525108356,True,248,273.1135461830195
1,-2.335271336505738,0.023501465319008763,True,52,76.21169530807357
All,-2.58866579232724,0.010104232494984183,True,301,238.48659913558262
