,t_statistic,p_value,statistically significant,count,delta_ratio
0,-1.9490115317888659,0.05242154475300188,False,249,302.1865685134394
1,-2.0967831648680515,0.04099132166092937,True,52,79.57636935470542
All,-2.0308321263919695,0.043150705117487864,True,302,263.1496815413109
