Category,Type,t_statistic,p_value,statistically significant,count,delta_ratio
Culture/Tradition,-1,-3.0342341286686443,0.00958640402198448,True,14,134.09982470766374
Ideology/Politics,-1,-1.305758360057747,0.21426976368528433,False,14,87.66731265316004
Personality/Behavior,-1,-1.084542259449405,0.2819546980286867,False,69,88.28418688271056
Personality/Behavior,0,-4.797749423315145,4.060903452998434e-06,True,141,258.82279174982716
Personality/Behavior,1,-3.800322852413423,0.00023643964748841428,True,112,95.77219149368136
Values,-1,-1.555986683271861,0.12566304631641506,False,54,64.99803371326125
Values,0,-0.9918605835414701,0.5026014293643055,False,2,200.35990808619982
