Category,Type,t_statistic,p_value,statistically significant,count,delta_ratio
Culture/Tradition,-1,-2.8288894602307963,0.01422081461087788,True,14,121.49292258293653
Ideology/Politics,-1,-0.448668506475438,0.6610583123738271,False,14,78.53984718192105
Personality/Behavior,-1,-0.1395249421011487,0.8894418066667666,False,70,84.66361821950218
Personality/Behavior,0,-4.0209278185773005,9.435564049176157e-05,True,141,241.3301441552945
Personality/Behavior,1,-2.420904634824858,0.017088637257448133,True,113,94.62028316236933
Values,-1,-2.302501555885134,0.02526321428494508,True,54,70.64216879339712
Values,0,-0.9747439255228807,0.5081416327430515,False,2,173.30221592452386
