,t_statistic,p_value,statistically significant,count,delta_ratio
0,-1.9037880126760014,0.05766243424115154,False,397,4.068340941413373
1,1.1266787901428406,0.26141213306333433,False,177,2.3455840820876763
All,-0.8185027653549457,0.4134104218187664,False,574,3.5371075544784456
