,t_statistic,p_value,statistically significant,count,delta_ratio
0,-1.921573468537541,0.05537867398981938,False,396,5.104848684596114
1,0.2598681346282603,0.7952692376478554,False,177,3.1388700620940924
All,-1.7083464034372169,0.08811461006228677,False,573,4.49755685879706
