,t_statistic,p_value,statistically significant,count,delta_ratio
0,-2.1610935025258504,0.031286983185300925,True,397,4.521030269758319
1,0.679327044189629,0.4978281827449055,False,176,3.0825198496120416
All,-1.3709224982514243,0.1709367691795091,False,573,4.079184137217752
