,t_statistic,p_value,statistically significant,count,delta_ratio
0,-3.0691060983834664,0.00229593285829131,True,394,5.287795171469737
1,0.40418578412542266,0.6865724645619509,False,175,2.668201642028713
All,-1.9920047295944603,0.046848837453120115,True,569,4.482120535877154
