,t_statistic,p_value,statistically significant,count,delta_ratio
0,-2.1292920148393013,0.03384802598776967,True,396,4.441081605065588
1,1.0232015470235156,0.30761688295995165,False,177,2.4341631981293266
All,-0.9546419933722289,0.34016203197882855,False,573,3.8211434584203547
