,t_statistic,p_value,statistically significant,count,delta_ratio
0,0.7002353535991056,0.484192554281923,False,396,2.4240760561626655
1,-0.16786573464785454,0.8668838568061268,False,175,2.4853426382736172
All,0.5617040351911817,0.5745384697035079,False,571,2.4428530296642705
