,t_statistic,p_value,statistically significant,count,delta_ratio
0,-3.6766575274786195,0.00026889952140610976,True,397,6.672488960606096
1,0.600924451539339,0.5486634201932046,False,177,3.9551534659061693
All,-2.7039013167096497,0.007056607605087646,True,574,5.834564949174237
