,t_statistic,p_value,statistically significant,count,delta_ratio
0,-3.0436489455057303,0.002494013304984352,True,395,4.801840549026692
1,1.1710363698997772,0.24317620821933808,False,176,1.758310537511754
All,-1.4109639219550898,0.1588007959193117,False,571,3.86372972236009
