,t_statistic,p_value,statistically significant,count,delta_ratio
0,-2.5553689863961426,0.010980342171203588,True,397,5.3963141940752575
1,0.8663309676107724,0.3874881677474411,False,177,2.9964437533187644
All,-1.7892247013604836,0.07410668428681438,False,574,4.656284458859406
