,t_statistic,p_value,statistically significant,count,delta_ratio
0,-2.253328594048947,0.024786264760313887,True,396,5.058881151302623
1,0.8659650363608339,0.3876882638833328,False,177,2.682182117877705
All,-1.2330146975654994,0.21807677030284758,False,573,4.324717575532623
