,t_statistic,p_value,statistically significant,count,delta_ratio
0,-3.86417023699763,0.00013021006854659355,True,397,8.056134097355585
1,0.18740104337439129,0.851563303688119,False,176,3.7530516809692207
All,-3.4852446733181286,0.0005293662935639975,True,573,6.73441942844808
