,t_statistic,p_value,statistically significant,count,delta_ratio
0,-4.3002984118379795,2.151826158107882e-05,True,396,7.521863425529252
1,0.2576010779933858,0.7970174577344022,False,176,3.926742090505466
All,-3.5595091391167575,0.00040248278445258363,True,572,6.415672245521933
