,t_statistic,p_value,statistically significant,count,delta_ratio
0,-2.7908608212948143,0.006297016612754288,True,101,72.5598565220651
1,-3.915506790168595,0.00016065859085859707,True,106,69.52573689946618
All,-4.437580930628931,1.4811553879198085e-05,True,207,71.00615275397097
