,t_statistic,p_value,statistically significant,count,delta_ratio
0,-2.7515002164161952,0.007044113351145067,True,101,64.42994798766155
1,-4.437845071035562,2.2492995435560085e-05,True,106,62.43848721311275
All,-4.471896954503558,1.2801620961307307e-05,True,207,63.41016614175733
