Category,t_statistic,p_value,statistically significant,count,delta_ratio
Culture/Tradition,-2.1294179514624774,0.052905545295236535,False,14,115.00707582930283
Ethnic/Racial Prejudice,-3.395613421625963,0.004782462152663572,True,14,82.43914547471267
Ideology/Politics,-2.2342345239667147,0.030262202396064572,True,48,61.38234181197355
Other,-2.313571966262677,0.0686010177638142,False,6,42.78521888707889
Personality/Behavior,-5.076130423286049,1.482419778251694e-06,True,117,53.33974570410359
Residential area,-1.5539530646481203,0.13228494051520046,False,27,60.40633437894556
Values,-1.6928836645246779,0.10157717637711904,False,29,81.87500474076025
