,t_statistic,p_value,statistically significant,count,delta_ratio
0,-2.962977369652997,0.00380762460564351,True,101,66.87567511584004
1,-4.118313764193487,7.626808620310624e-05,True,106,62.77099584774229
All,-4.70256516614838,4.7012516581269965e-06,True,207,64.77376206067886
