,t_statistic,p_value,statistically significant,count,delta_ratio
0,-2.5041750408389603,0.013874618359334758,True,102,92.71905053043558
1,-4.256228486018449,4.533777442364833e-05,True,106,72.6976852575594
All,-3.679117436208288,0.00029842221774456284,True,208,82.51585476637366
