,t_statistic,p_value,statistically significant,count,delta_ratio
0,-2.7430909906261483,0.007213849584773909,True,101,74.30007028428184
1,-4.539269904445973,1.5090942263466415e-05,True,106,68.33547995506636
All,-4.3902154552916794,1.8089404796630358e-05,True,207,71.24573900458694
