Category,t_statistic,p_value,statistically significant,count,delta_ratio
Culture/Tradition,-2.2176330428314817,0.045014455050638356,True,14,107.08746023917593
Ethnic/Racial Prejudice,-3.204961698737051,0.00690135264950928,True,14,81.28980919547163
Ideology/Politics,-2.306433964700327,0.025543004106704643,True,48,56.11950376378082
Other,-2.554228139174846,0.05100313230029376,False,6,39.91130810463819
Personality/Behavior,-4.882199751943979,3.3827590361884e-06,True,117,47.102188800165905
Residential area,-1.4799887514498284,0.15089253260145136,False,27,50.4176951886917
Values,-1.7804874674748317,0.08585076644818669,False,29,72.17380754449712
