,t_statistic,p_value,statistically significant,count,delta_ratio
0,-2.793808049719771,0.00624409838998004,True,101,65.4283517661305
1,-3.9004526365194505,0.0001696300377351075,True,106,64.22013091004055
All,-4.52046524459572,1.0399358526465096e-05,True,207,64.80964929876077
