Category,Type,t_statistic,p_value,statistically significant,count,delta_ratio
Culture/Tradition,-1,1.1282683155967324,0.2795990810886605,False,14,5.6869663331012825
Ideology/Politics,-1,0.49429196151341304,0.6287654478986484,False,15,20.965718821511654
Personality/Behavior,-1,-0.17027682505745884,0.8652836251130398,False,71,10.848420420513865
Personality/Behavior,0,0.8394828372679944,0.40262964352132513,False,141,22.304400180076204
Personality/Behavior,1,-0.7074063523824397,0.4807703907791475,False,114,9.644347815106977
Values,-1,-0.797755485668208,0.42857228198532027,False,54,6.135094756222511
Values,0,-0.3302533025360066,0.7969335905555323,False,2,8.468400135899055
