,t_statistic,p_value,statistically significant,count,delta_ratio
0,-1.4528934464842924,0.1475174464955908,False,249,29.852069834829454
1,-0.9734269290532482,0.334935695226255,False,52,8.173686776927132
All,-1.4786061482194353,0.1402912966583632,False,302,26.14429970993487
