,t_statistic,p_value,statistically significant,count,delta_ratio
0,-4.733970593083136,3.6753245340060724e-06,True,253,33.233264551990956
1,-2.066245199759136,0.043902028617174974,True,52,21.09857530592493
All,-5.069174188466927,6.942190395926257e-07,True,306,31.204365830321777
