,t_statistic,p_value,statistically significant,count,delta_ratio
0,-4.514532026354254,9.748232119590944e-06,True,253,31.965001203597488
1,-1.9863722593643722,0.05237837372940527,False,52,23.038580913750355
All,-4.862751954132192,1.8571517790709253e-06,True,306,30.53844561493569
