,t_statistic,p_value,statistically significant,count,delta_ratio
0,-4.591433941835721,6.9537976875298504e-06,True,253,31.095245699736257
1,-2.111915649288863,0.03961239478873183,True,52,22.957464540812627
All,-4.965365931582743,1.143261461823839e-06,True,306,29.758361951037
