Category,t_statistic,p_value,statistically significant,count,delta_ratio
Culture/Tradition,0.9043890859293078,0.38224349507261335,False,14,5.959285211292147
Ideology/Politics,0.39279083557445077,0.7003896413355459,False,15,33.4245981571413
Personality/Behavior,-2.537495868020953,0.011633244821625248,True,325,27.112972815309544
Values,-1.8690566110148918,0.06694328424845133,False,56,12.151061206118818
