Category,t_statistic,p_value,statistically significant,count,delta_ratio
Culture/Tradition,0.7526874149493014,0.46505000976109834,False,14,9.214072801690284
Ideology/Politics,-1.058137324208426,0.3079094379264408,False,15,26.06329246506655
Personality/Behavior,-2.340929052111723,0.0198418579478293,True,325,21.795523998533643
Values,-1.4643838427179001,0.14878190247276593,False,56,10.251068307089175
