,t_statistic,p_value,statistically significant,count,delta_ratio
0,-2.8243173986013352,0.005126472998864327,True,247,30.2599030854938
1,-1.3715302375467928,0.1762140186693855,False,52,10.335946823615132
All,-2.905412176836507,0.003941480535716685,True,300,26.803186778985005
