Category,Type,t_statistic,p_value,statistically significant,count,delta_ratio
Culture/Tradition,-1,0.9043890859293078,0.38224349507261335,False,14,5.959285211292147
Ideology/Politics,-1,0.39279083557445077,0.7003896413355459,False,15,33.4245981571413
Personality/Behavior,-1,-1.086964221538267,0.2807813470214196,False,71,20.982276868269683
Personality/Behavior,0,-2.07241808131579,0.04006072550370158,True,141,37.9796786614297
Personality/Behavior,1,-1.4119060609076128,0.16074993854864547,False,113,17.40566208908732
Values,-1,-1.6876381453342286,0.09735798615423766,False,54,11.903674018899082
Values,0,-1.1385944457328125,0.45880062515991654,False,2,18.830515261051815
