Category,t_statistic,p_value,statistically significant,count,delta_ratio
Culture/Tradition,-1.7330794417663904,0.10671948562972589,False,14,33.30478252588893
Ideology/Politics,-1.1189373185275708,0.2819984297140627,False,15,40.60870201232183
Personality/Behavior,-4.4722954283785885,1.0669394312347248e-05,True,330,23.695499762513023
Values,-3.047274079141364,0.00354416709278299,True,56,16.31245279301434
