Category,Type,t_statistic,p_value,statistically significant,count,delta_ratio
Culture/Tradition,-1,-1.7358410786680822,0.10621605427860766,False,14,38.1375961745138
Ideology/Politics,-1,-1.347877514903117,0.1991047046245088,False,15,43.27979685886936
Personality/Behavior,-1,-2.4130389626705933,0.018403971177985156,True,72,33.50445858501911
Personality/Behavior,0,-4.021764103700704,9.316285748147134e-05,True,144,27.149913350887562
Personality/Behavior,1,-2.7825273132757244,0.006323032461845347,True,114,27.439699604906654
Values,-1,-2.5972349226295757,0.012137999001837846,True,54,18.25919986415471
Values,0,-1.525646177511661,0.3693693017216266,False,2,54.59581485650021
