,t_statistic,p_value,statistically significant,count,delta_ratio
0,-7.964690074720943,6.220960070913917e-14,True,246,47.46842303027596
1,-3.959651031243725,0.0002334348833054116,True,52,27.80407876300225
All,-8.318780148496778,3.2224705324066513e-15,True,299,43.97269129011411
