Category,t_statistic,p_value,statistically significant,count,delta_ratio
Culture/Tradition,-1.8702476422075904,0.08413170465304354,False,14,36.773157655264264
Ideology/Politics,-1.1546636830553278,0.2675573057700641,False,15,46.032500958376126
Personality/Behavior,-4.703249382329407,3.7740539961242775e-06,True,330,26.59385731553023
Values,-2.696145709899027,0.009289957295945265,True,56,17.679521442184402
