Category,t_statistic,p_value,statistically significant,count,delta_ratio
Culture/Tradition,0.3310231572240309,0.7459019862580936,False,14,7.471383730125523
Ideology/Politics,-2.559246309650453,0.023772975693945823,True,14,42.556213310217785
Personality/Behavior,-8.329115233532546,2.348725716264972e-15,True,324,41.41740736512524
Values,-4.064146416613216,0.0001545867941617999,True,56,33.05724479729488
