,t_statistic,p_value,statistically significant,count,delta_ratio
0,-4.237518004359534,3.1726588369900565e-05,True,253,28.070426853301395
1,-2.165291503352777,0.03506712266149062,True,52,21.02058092589462
All,-4.604471661477257,6.078354784375539e-06,True,306,26.93477551809975
