,t_statistic,p_value,statistically significant,count,delta_ratio
0,-2.2203925072911703,0.027300127398684135,True,248,32.74717492394218
1,-1.5137599779908297,0.1362598637677317,False,52,11.58312706184079
All,-2.257374209484011,0.024703638231576182,True,301,29.059945635991163
