Category,Type,t_statistic,p_value,statistically significant,count,delta_ratio
Culture/Tradition,-1,1.1216035956281745,0.28232163952156974,False,14,8.669967761524138
Ideology/Politics,-1,0.530878491265766,0.6038233900888841,False,15,33.484443553021606
Personality/Behavior,-1,-1.1763610743097517,0.24337972723379936,False,72,17.512855710630667
Personality/Behavior,0,-0.612047155079768,0.5414992901037842,False,141,36.42084717749044
Personality/Behavior,1,-1.3640853495714482,0.175275674955044,False,113,13.134750915998893
Values,-1,-1.7849454589299145,0.07999350991677136,False,54,13.17006266004178
Values,0,-0.35944047505066834,0.7803278781385192,False,2,14.139499187708665
