Category,Type,t_statistic,p_value,statistically significant,count,delta_ratio
Culture/Tradition,-1,-1.7877927754593999,0.09713048863823572,False,14,43.71960952486531
Ideology/Politics,-1,-1.2511627083463253,0.23137966272536659,False,15,54.93754428812103
Personality/Behavior,-1,-3.0171350928970684,0.003540612748086874,True,72,41.90069533021607
Personality/Behavior,0,-3.758944429786628,0.0002479280610501955,True,144,33.0164837536078
Personality/Behavior,1,-3.0595027921226947,0.002769262020777856,True,114,33.71360867332451
Values,-1,-2.8746273416765438,0.0058108261570328,True,54,22.866709043999744
Values,0,-1.4479036702001045,0.3847893429271405,False,2,76.90457045494483
