,t_statistic,p_value,statistically significant,count,delta_ratio
0,0.349105052592119,0.7273066685971392,False,249,18.936078572441396
1,-0.6726316292997689,0.5042180198584555,False,52,4.00841582334465
All,0.32003541439885125,0.7491635201557449,False,302,16.38299417443218
