Category,t_statistic,p_value,statistically significant,count,delta_ratio
Culture/Tradition,-2.183608921429518,0.04791722193295536,True,14,49.92192422869692
Ideology/Politics,-1.649175830299742,0.12136065276078088,False,15,65.15321931357167
Personality/Behavior,-8.525788554394142,5.697411872395352e-16,True,328,48.92966240477332
Values,-4.310987429421277,6.787100944058769e-05,True,56,39.678990487962054
