Category,Type,t_statistic,p_value,statistically significant,count,delta_ratio
Culture/Tradition,-1,0.9128240728872983,0.37795303537241165,False,14,8.071694939067454
Ideology/Politics,-1,0.5445881166181168,0.5946056324345572,False,15,30.69347163470776
Personality/Behavior,-1,-0.9728160649451221,0.3339944421942297,False,71,18.2726481471644
Personality/Behavior,0,-2.377422473407926,0.01879576714998115,True,140,36.31905179572631
Personality/Behavior,1,-1.4332939347955869,0.15455950940903113,False,113,16.29770633021083
Values,-1,-1.7232433057852696,0.0906747338096351,False,54,12.770026955251696
Values,0,-0.9897896347184713,0.503266708830487,False,2,15.761155990103642
