Category,t_statistic,p_value,statistically significant,count,delta_ratio
Culture/Tradition,1.0703240477490497,0.30394379012157946,False,14,7.207045567335549
Ideology/Politics,0.6108614416677388,0.5510807278338963,False,15,27.034911405251698
Personality/Behavior,-2.9076560113705145,0.0038919211275966255,True,326,26.951619346290357
Values,-2.0964799260095286,0.040653005412188456,True,56,16.13229602751625
