Category,t_statistic,p_value,statistically significant,count,delta_ratio
Culture/Tradition,0.9128240728872983,0.37795303537241165,False,14,8.071694939067454
Ideology/Politics,0.5445881166181168,0.5946056324345572,False,15,30.69347163470776
Personality/Behavior,-2.8024254768073877,0.005378242191056934,True,324,25.38168544803759
Values,-1.8873647531431232,0.06439255435336792,False,56,12.876852992210692
