Category,t_statistic,p_value,statistically significant,count,delta_ratio
Culture/Tradition,1.1282683155967324,0.2795990810886605,False,14,5.6869663331012825
Ideology/Politics,0.49429196151341304,0.6287654478986484,False,15,20.965718821511654
Personality/Behavior,0.09187645705317907,0.9268528012425407,False,326,15.382251307268174
Values,-0.8700672153691208,0.38804523190501383,False,56,6.218427091210959
