Category,Type,t_statistic,p_value,statistically significant,count,delta_ratio
Culture/Tradition,-1,0.9024650661428593,0.3832268118184885,False,14,7.253591796134276
Ideology/Politics,-1,0.42035804853546466,0.6806045139897865,False,15,18.49199007796873
Personality/Behavior,-1,-0.009207965360970453,0.9926794027445953,False,71,13.025569351812441
Personality/Behavior,0,-1.161502346909245,0.24742831804401316,False,140,23.653663906324063
Personality/Behavior,1,-0.9349087097864504,0.3518289395334886,False,114,10.439053533686542
Values,-1,-0.9684217110129268,0.33723247544561197,False,54,5.309246449037321
Values,0,-0.15966045465590273,0.8992076999376764,False,2,6.634591407138826
