,t_statistic,p_value,statistically significant,count,delta_ratio
0,-5.433956643281324,1.2992219759173215e-07,True,253,39.21470253849693
1,-2.028786583937538,0.047716344267336806,True,52,25.73487973024359
All,-5.770757095805454,1.939055522359228e-08,True,306,36.958244122770125
