Category,t_statistic,p_value,statistically significant,count,delta_ratio
Culture/Tradition,1.115799819090907,0.2847088359666805,False,14,6.480187796753596
Ideology/Politics,0.7545606218918804,0.46301723275499007,False,15,22.263672115107145
Personality/Behavior,-1.7203153117461982,0.08633290639771678,False,324,17.43851085972132
Values,-1.1180460112708825,0.26840716914868273,False,56,6.80441142541439
