Category,Type,t_statistic,p_value,statistically significant,count,delta_ratio
Culture/Tradition,-1,0.9613178037416596,0.3539328972035941,False,14,12.114720639880806
Ideology/Politics,-1,-0.4414385194007914,0.6656369659178629,False,15,33.35251718087988
Personality/Behavior,-1,-1.8463436824576946,0.06907014481518384,False,71,18.277586982018732
Personality/Behavior,0,-2.167593385904689,0.03189275572047787,True,140,38.266085876493875
Personality/Behavior,1,-1.784797638324654,0.07700134117143122,False,113,13.072005543112777
Values,-1,-2.04160846995206,0.046181935079742116,True,54,16.055328049636795
Values,0,-0.543165901809627,0.6832299915271911,False,2,19.102303074041068
