Category,Type,t_statistic,p_value,statistically significant,count,delta_ratio
Culture/Tradition,-1,0.7526874149493014,0.46505000976109834,False,14,9.214072801690284
Ideology/Politics,-1,-1.058137324208426,0.3079094379264408,False,15,26.06329246506655
Personality/Behavior,-1,-1.3860925780605222,0.17011829996515046,False,71,15.403541974133091
Personality/Behavior,0,-2.232508101535239,0.02718087746664496,True,140,33.71391643417782
Personality/Behavior,1,-0.6376153630183035,0.5250139707385018,False,114,11.139872969956917
Values,-1,-1.4703798022883512,0.14737106771769332,False,54,10.307911277438308
Values,0,-0.06533858013224583,0.9584632095016601,False,2,8.71630810766261
