Category,Type,t_statistic,p_value,statistically significant,count,delta_ratio
Culture/Tradition,-1,1.477846793911756,0.16326353458094658,False,14,3.5478840959976243
Ideology/Politics,-1,0.6792761514046682,0.5080385017720075,False,15,22.018306744728715
Personality/Behavior,-1,0.7180928768045785,0.4750899308868123,False,71,3.052787039600944
Personality/Behavior,0,1.6314643286296262,0.1050398619822794,False,141,14.994645863543427
Personality/Behavior,1,0.055561081641276586,0.9557895880526883,False,114,3.9495792073165767
Values,-1,-0.4047653420779979,0.6872790337477344,False,54,3.0292297066319733
Values,0,0.21363143445632374,0.86601210449777,False,2,-2.1026610974311133
