Category,Type,t_statistic,p_value,statistically significant,count,delta_ratio
Culture/Tradition,-1,1.115799819090907,0.2847088359666805,False,14,6.480187796753596
Ideology/Politics,-1,0.7545606218918804,0.46301723275499007,False,15,22.263672115107145
Personality/Behavior,-1,-0.38907280820502144,0.6984033401976224,False,71,9.648376380502791
Personality/Behavior,0,-1.3372985402737407,0.18330945004467997,False,140,27.59914353314826
Personality/Behavior,1,-1.0779348218395588,0.28337901650953107,False,113,9.744802662772141
Values,-1,-1.0297760456950928,0.30779182423556184,False,54,6.40461547483903
Values,0,-0.33918187564200697,0.7918221673653043,False,2,17.598902090949128
