,t_statistic,p_value,statistically significant,count,delta_ratio
0,-0.833639503369979,0.4052928611702994,False,247,21.41963019432075
1,-0.564008072401751,0.575220631381971,False,52,4.242981436424991
All,-0.8545422442253732,0.39348877127536996,False,300,18.401868734386024
