,t_statistic,p_value,statistically significant,count,delta_ratio
0,-2.2891006511031917,0.022914618877156803,True,249,32.749291126313715
1,-1.2477097065304092,0.21783607535959706,False,52,9.48010331845165
All,-2.327979897574472,0.020575701884744887,True,302,28.742201806822344
