Category,t_statistic,p_value,statistically significant,count,delta_ratio
Culture/Tradition,1.1216035956281745,0.28232163952156974,False,14,8.669967761524138
Ideology/Politics,0.530878491265766,0.6038233900888841,False,15,33.484443553021606
Personality/Behavior,-1.798221033701718,0.0730698815241508,False,326,24.17328808803508
Values,-1.8476858621707548,0.07002829521342503,False,56,13.204685393172738
