Category,t_statistic,p_value,statistically significant,count,delta_ratio
Culture/Tradition,1.477846793911756,0.16326353458094658,False,14,3.5478840959976243
Ideology/Politics,0.6792761514046682,0.5080385017720075,False,15,22.018306744728715
Personality/Behavior,1.5607102654944012,0.11956532465206517,False,326,8.531426307378466
Values,-0.3221955953094591,0.7485260309444588,False,56,2.8459478922011474
