,t_statistic,p_value,statistically significant,count,delta_ratio
0,-2.2645636112522407,0.024406797877943028,True,248,26.21253746424958
1,-0.8691761857246731,0.3888229950627511,False,52,6.992549689274988
All,-2.30317347979499,0.02195292777405463,True,301,22.853252006784576
