Category,t_statistic,p_value,statistically significant,count,delta_ratio
Culture/Tradition,0.9024650661428593,0.3832268118184885,False,14,7.253591796134276
Ideology/Politics,0.42035804853546466,0.6806045139897865,False,15,18.49199007796873
Personality/Behavior,-1.4379939350130369,0.15140092461431107,False,325,16.696555303705594
Values,-0.9934292190531384,0.32485145445586516,False,56,5.356580197540946
