Category,Type,t_statistic,p_value,statistically significant,count,delta_ratio
Culture/Tradition,-1,-1.7003913583261796,0.11284066642272284,False,14,36.53090878564009
Ideology/Politics,-1,-1.2024534761125534,0.24913134123370245,False,15,45.174815181568434
Personality/Behavior,-1,-2.623212605625431,0.010653956296088713,True,72,29.30685955916601
Personality/Behavior,0,-3.331701103803484,0.0010986864912381088,True,144,24.030998497430474
Personality/Behavior,1,-2.737441703920751,0.007194631967512287,True,114,26.38966569692105
Values,-1,-2.672164092380508,0.009991059730236356,True,54,16.11463059175856
Values,0,-1.5832541281740058,0.35863264888239554,False,2,56.33808241607
