Category,Type,t_statistic,p_value,statistically significant,count,delta_ratio
Culture/Tradition,-1,-1.7330794417663904,0.10671948562972589,False,14,33.30478252588893
Ideology/Politics,-1,-1.1189373185275708,0.2819984297140627,False,15,40.60870201232183
Personality/Behavior,-1,-2.1223518508087604,0.037297508097887566,True,72,27.417767892691735
Personality/Behavior,0,-3.0964303595138594,0.0023576278250739807,True,144,21.502213620932892
Personality/Behavior,1,-2.8602246840784784,0.005043872655963374,True,114,24.115060280185567
Values,-1,-2.71032496241613,0.009036824810356284,True,54,15.114272093000286
Values,0,-1.7698641886877138,0.3274122699119749,False,2,48.66333169339383
