Category,Type,t_statistic,p_value,statistically significant,count,delta_ratio
Culture/Tradition,-1,1.2230566826752973,0.24301716843339616,False,14,4.811833657665984
Ideology/Politics,-1,0.6468619809955114,0.528185002391267,False,15,21.379951627959716
Personality/Behavior,-1,-0.08399686199866675,0.9332986845081198,False,71,7.177603625169425
Personality/Behavior,0,-0.14557595153192737,0.8844670458568528,False,140,23.598463499426572
Personality/Behavior,1,-0.5575500608545658,0.5782643242137,False,113,6.921246915485519
Values,-1,-0.6972707668227074,0.4886808219454962,False,54,6.863581440124375
Values,0,-0.040636869429582466,0.9741439916562269,False,2,5.463975632439204
