Category,t_statistic,p_value,statistically significant,count,delta_ratio
Culture/Tradition,0.9613178037416596,0.3539328972035941,False,14,12.114720639880806
Ideology/Politics,-0.4414385194007914,0.6656369659178629,False,15,33.35251718087988
Personality/Behavior,-3.1495542647781645,0.0017880222529787727,True,324,25.09906581729696
Values,-2.1511429278969834,0.035873845678146755,True,56,16.164148586222662
