,t_statistic,p_value,statistically significant,count,delta_ratio
0,1.7887770434419732,0.07487118181071074,False,249,10.954602769902094
1,-0.3702432916126647,0.7127344554290898,False,52,1.5353352067190313
All,1.767695168683088,0.07812497531795058,False,302,9.355073754090906
