Category,Type,t_statistic,p_value,statistically significant,count,delta_ratio
Culture/Tradition,-1,-1.7501099827543956,0.10364830594384467,False,14,38.866025895872355
Ideology/Politics,-1,-1.2193311880848503,0.24286407125900702,False,15,38.13082370350513
Personality/Behavior,-1,-2.1858502511227726,0.03212580025613467,True,72,32.431663174016904
Personality/Behavior,0,-3.606825398563171,0.0004275196693070099,True,144,26.628035290937696
Personality/Behavior,1,-3.023894667265993,0.0030888493321147748,True,114,26.151944930442365
Values,-1,-2.6440901717462357,0.010751053263425804,True,54,17.839217950765978
Values,0,-1.5107560226635743,0.3722375769034976,False,2,52.25496854816119
