Category,t_statistic,p_value,statistically significant,count,delta_ratio
Culture/Tradition,1.2230566826752973,0.24301716843339616,False,14,4.811833657665984
Ideology/Politics,0.6468619809955114,0.528185002391267,False,15,21.379951627959716
Personality/Behavior,-0.47794429997661825,0.6330131440489286,False,324,14.183628545545105
Values,-0.695293423219738,0.4897987637010196,False,56,6.813595518421332
