Category,t_statistic,p_value,statistically significant,count,delta_ratio
Culture/Tradition,-1.7561776636215096,0.10257320776848046,False,14,42.14700323180622
Ideology/Politics,-1.3514639097916745,0.19798157555427998,False,15,49.97435857361774
Personality/Behavior,-5.436400980692877,1.0612940934874959e-07,True,330,32.29903753789916
Values,-2.8486952345555023,0.006163949366511576,True,56,24.44038857286312
