Category,Type,t_statistic,p_value,statistically significant,count,delta_ratio
Culture/Tradition,-1,0.3310231572240309,0.7459019862580936,False,14,7.471383730125523
Ideology/Politics,-1,-2.559246309650453,0.023772975693945823,True,14,42.556213310217785
Personality/Behavior,-1,-5.323280982065532,1.1681065869486911e-06,True,71,42.861158012278345
Personality/Behavior,0,-5.413957220038694,2.608440439442977e-07,True,141,46.92785114140625
Personality/Behavior,1,-4.607170323805259,1.0956022850701908e-05,True,112,33.56491746866547
Values,-1,-3.7056814585467768,0.0005046420817903113,True,54,31.9610698130021
Values,0,-3.193917739241096,0.19316758524977037,False,2,62.65396937320009
