,t_statistic,p_value,statistically significant,count,delta_ratio
0,-2.1514575022491056,0.03241404498305474,True,247,30.172892009573083
1,-1.5102714479001078,0.13714558472998933,False,52,11.72014784161797
All,-2.2087031691126358,0.02795360894036388,True,300,26.935505863726757
