Category,Type,t_statistic,p_value,statistically significant,count,delta_ratio
Culture/Tradition,-1,-1.8702476422075904,0.08413170465304354,False,14,36.773157655264264
Ideology/Politics,-1,-1.1546636830553278,0.2675573057700641,False,15,46.032500958376126
Personality/Behavior,-1,-2.5500030112811047,0.012931722335930398,True,72,32.73996052568939
Personality/Behavior,0,-2.749343813225303,0.0067426130943647414,True,144,24.029831577009837
Personality/Behavior,1,-2.9817240422945024,0.003511280767906522,True,114,25.950877273560717
Values,-1,-2.3658209848754828,0.02167963320295265,True,54,16.11836962725404
Values,0,-1.508056184088699,0.37276186315812837,False,2,59.83062044530438
