,t_statistic,p_value,statistically significant,count,delta_ratio
0,-1.0636774696966327,0.28851360775304785,False,248,19.745720927852883
1,-0.5996600529045687,0.5513878247116373,False,52,4.9558833503521385
All,-1.0967031023308693,0.2736507439295632,False,301,17.16964168900448
