Category,Type,t_statistic,p_value,statistically significant,count,delta_ratio
Culture/Tradition,-1,1.0703240477490497,0.30394379012157946,False,14,7.207045567335549
Ideology/Politics,-1,0.6108614416677388,0.5510807278338963,False,15,27.034911405251698
Personality/Behavior,-1,-1.2304252176606438,0.2226567268277763,False,71,19.81827620582566
Personality/Behavior,0,-2.113095890565437,0.03636688498194015,True,141,38.724193571721514
Personality/Behavior,1,-1.8432874440725053,0.06790764218221348,False,114,16.833500023371066
Values,-1,-1.9091795408198367,0.061659281231908745,False,54,15.92013102320656
Values,0,-1.5941328999394586,0.3566673306777847,False,2,21.86075114387776
