,t_statistic,p_value,statistically significant,count,delta_ratio
0,-4.845820262492763,2.205351327333735e-06,True,253,34.23068480802956
1,-2.0887074060139885,0.041744211039679215,True,52,24.06846776016964
All,-5.209330227231592,3.495166968757225e-07,True,306,32.52228830630348
