,t_statistic,p_value,statistically significant,count,delta_ratio
0,0.003155978319694857,0.9974844555616136,False,247,17.840920473343676
1,-0.33093522999492775,0.7420492872124989,False,52,2.6830996884517897
All,-0.014922501129270285,0.9881039607547693,False,300,15.215133132399544
