Category,t_statistic,p_value,statistically significant,count,delta_ratio
Culture/Tradition,-1.7501099827543956,0.10364830594384467,False,14,38.866025895872355
Ideology/Politics,-1.2193311880848503,0.24286407125900702,False,15,38.13082370350513
Personality/Behavior,-4.749447371729394,3.0503439761349075e-06,True,330,27.729813795438414
Values,-2.9565974734873968,0.004575270055743279,True,56,19.068351900672948
