,t_statistic,p_value,statistically significant,count,delta_ratio
0,-4.8683277105358504,1.9877711469813952e-06,True,253,36.60668747124297
1,-2.217872574441811,0.031044283558548613,True,52,24.931655245275984
All,-5.204463230227472,3.5803271396916274e-07,True,306,34.633691547616664
