,t_statistic,p_value,statistically significant,count,delta_ratio
0,-5.829496617609518,1.9240013462630288e-08,True,225,103.55045470099495
1,-3.053554789735138,0.0036825616479956007,True,49,80.86330299812458
All,-6.493306335761664,3.951054358903547e-10,True,274,99.49326333807288
