Category,t_statistic,p_value,statistically significant,count,delta_ratio
Appearance/Impression,-2.705524634453599,0.01210241572671526,True,26,53.56162747099111
Athletic Ability,-2.9893217275947164,0.02024577914847882,True,8,30.150580185695897
Culture/Tradition,-7.649347362078857,2.025386600649159e-11,True,92,50.3923209501958
Drinking,-3.4284152760206648,0.0013090291301149737,True,46,56.8348405363474
Ideology/Politics,-2.031013685913522,0.05259507366367235,False,27,106.03640352413291
Institutions,-4.446952090445239,2.4810608530019748e-05,True,91,113.63778408658351
Personality/Behavior,-2.851573929545869,0.006996724494519336,True,39,121.7738979259425
Residential area,-2.235465300769869,0.047073703886419314,True,12,83.70932810396636
