,t_statistic,p_value,statistically significant,count,delta_ratio
0,-5.351699073953162,2.1427470469776493e-07,True,226,100.81131092897823
1,-3.0627087900577976,0.0035898279574418145,True,49,77.5119732186522
All,-5.9719778923132125,7.250112058901407e-09,True,275,96.65979257332015
