,t_statistic,p_value,statistically significant,count,delta_ratio
0,-5.770604453792159,2.6108752300457432e-08,True,225,105.02526945806233
1,-3.1264596810644485,0.0030022803534697855,True,49,79.38144029677184
All,-6.411494178828585,6.312121632193171e-10,True,274,100.43932920659064
