,t_statistic,p_value,statistically significant,count,delta_ratio
0,-5.895507445354935,1.3630269973355378e-08,True,225,105.05484007253105
1,-3.1297803202283534,0.00297430237210711,True,49,79.70292599923253
All,-6.5650241625036,2.6115154925472723e-10,True,274,100.52110361416744
