Category,t_statistic,p_value,statistically significant,count,delta_ratio
Appearance/Impression,-2.4115800231614424,0.02355589382382033,True,26,59.20406338001756
Athletic Ability,-3.0708121858988386,0.018046889724319816,True,8,46.1949544461448
Culture/Tradition,-7.079876774326571,2.9332302023558475e-10,True,92,61.402830401877495
Drinking,-3.4875188728200777,0.0011011480363613772,True,46,68.03737471738506
Ideology/Politics,-2.01497047940469,0.054357142259356804,False,27,148.9114618806137
Institutions,-4.37730491590383,3.2317154896945445e-05,True,91,138.45007858015052
Personality/Behavior,-2.7558851771493806,0.008939590533451822,True,39,157.31230340697894
Residential area,-2.2179445595271705,0.04853958898139561,True,12,78.24180627447072
