,t_statistic,p_value,statistically significant,count,delta_ratio
0,-5.523507718586879,9.142006582533718e-08,True,226,103.62471428702953
1,-3.2807407884817468,0.0019328495336869648,True,49,77.77048556409852
All,-6.118570723488754,3.2507789561192273e-09,True,275,99.0179608054891
