Category,t_statistic,p_value,statistically significant,count,delta_ratio
Appearance/Impression,-2.434675930441585,0.022380647055255245,True,26,52.629677469100876
Athletic Ability,-2.954407644661177,0.02127328431508408,True,8,35.29859272778175
Culture/Tradition,-7.44837508844592,5.228727187846586e-11,True,92,55.117465663165454
Drinking,-3.6919555033054157,0.0005993316650460092,True,46,63.714081268138735
Ideology/Politics,-2.665659765290261,0.013269843394080341,True,26,110.48387425615643
Institutions,-4.790442134984328,6.517820201700594e-06,True,91,124.41039861222984
Personality/Behavior,-2.7285044855918725,0.009581537670811014,True,39,140.365268615767
Residential area,-2.2282895362366872,0.0476688738369376,True,12,79.07149530801301
