Category,t_statistic,p_value,statistically significant,count,delta_ratio
Culture/Tradition,-1.7358410786680822,0.10621605427860766,False,14,38.1375961745138
Ideology/Politics,-1.347877514903117,0.1991047046245088,False,15,43.27979685886936
Personality/Behavior,-4.839307789242481,2.006515141193974e-06,True,330,28.63646756245013
Values,-2.910706041229362,0.005197680098892744,True,56,19.55693611388133
