Category,t_statistic,p_value,statistically significant,count,delta_ratio
Culture/Tradition,-1.7901469802709917,0.09673570270083023,False,14,39.175984053007745
Ideology/Politics,-1.2616623871451589,0.2276867284311019,False,15,48.269790423979444
Personality/Behavior,-4.901526579916146,1.4959025567604515e-06,True,330,30.437329872894285
Values,-2.6960204549929254,0.009293035729347768,True,56,22.28216533569036
