,t_statistic,p_value,statistically significant,count,delta_ratio
0,-8.167541730254314,1.565068854551463e-14,True,251,60.065525874762194
1,-3.0898889563272034,0.003239339325367774,True,52,37.33828383919136
All,-8.700710099982857,2.1445700969569438e-16,True,304,56.128854491244965
