Category,Type,t_statistic,p_value,statistically significant,count,delta_ratio
Culture/Tradition,-1,-1.836483196514256,0.08925228893855136,False,14,34.44233307948794
Ideology/Politics,-1,-1.131916268194613,0.276685573623579,False,15,41.81818532480378
Personality/Behavior,-1,-2.664657283263424,0.009532294011886782,True,72,30.55867057874978
Personality/Behavior,0,-3.4835378719582986,0.0006569842539875322,True,144,25.742732574046855
Personality/Behavior,1,-2.914990043533336,0.004289760338488205,True,114,25.33267062072505
Values,-1,-2.551747023633783,0.013638567472325423,True,54,19.357379735194737
Values,0,-1.4220306084634158,0.39017381736858975,False,2,62.69241237612603
