Category,Type,t_statistic,p_value,statistically significant,count,delta_ratio
Culture/Tradition,-1,-1.969277298775864,0.0706119166030167,False,14,39.79423228321634
Ideology/Politics,-1,-1.2200093484587777,0.24261483911896714,False,15,37.0371714266161
Personality/Behavior,-1,-3.101202667998205,0.002764251305477472,True,72,35.07554293336084
Personality/Behavior,0,-3.2672552515628714,0.00135976865147828,True,144,28.59526055857884
Personality/Behavior,1,-3.152725877438233,0.002071793571625131,True,114,27.759543162252502
Values,-1,-2.9505404387271565,0.004714704920538654,True,54,19.856092404397398
Values,0,-1.3719624212205284,0.40097410078096835,False,2,61.43243676211759
