Category,Type,t_statistic,p_value,statistically significant,count,delta_ratio
Culture/Tradition,-1,-1.875501723202736,0.08335920349304361,False,14,40.14679071244976
Ideology/Politics,-1,-1.183239433442969,0.2564180667418402,False,15,42.178055029352564
Personality/Behavior,-1,-2.9076679603010502,0.004855911859736191,True,72,32.16744491988678
Personality/Behavior,0,-3.1259020831489535,0.00214738529590062,True,144,23.527033538101538
Personality/Behavior,1,-3.6014149536622995,0.00047164060882577636,True,114,25.36312606727917
Values,-1,-3.567215936639456,0.0007751522171865094,True,54,15.764257293073886
Values,0,-2.2858485876487964,0.26253490618132336,False,2,54.90766147007356
