,t_statistic,p_value,statistically significant,count,delta_ratio
0,-5.207350249544763,3.980372310599396e-07,True,253,42.473800774505065
1,-2.021767395864147,0.048462150051891216,True,52,28.232180774888217
All,-5.56343338628081,5.790899501021343e-08,True,306,40.09931044686149
