Category,t_statistic,p_value,statistically significant,count,delta_ratio
Culture/Tradition,-1.875501723202736,0.08335920349304361,False,14,40.14679071244976
Ideology/Politics,-1.183239433442969,0.2564180667418402,False,15,42.178055029352564
Personality/Behavior,-5.379665613802481,1.4194721889706664e-07,True,330,26.04650071329786
Values,-3.806744584709444,0.00035626747588515237,True,56,17.162236013681014
