Category,Type,t_statistic,p_value,statistically significant,count,delta_ratio
Culture/Tradition,-1,-1.7901469802709917,0.09673570270083023,False,14,39.175984053007745
Ideology/Politics,-1,-1.2616623871451589,0.2276867284311019,False,15,48.269790423979444
Personality/Behavior,-1,-2.460684819423531,0.016301231892335732,True,72,35.67299238802961
Personality/Behavior,0,-3.498921604800164,0.0006230565095799146,True,144,29.144274620452425
Personality/Behavior,1,-2.8944030263143286,0.004560176520620858,True,114,28.763928603261697
Values,-1,-2.3922835090051175,0.020321916320440527,True,54,20.79708875848859
Values,0,-1.4307935757035017,0.3883354850016009,False,2,62.379232920138165
