,t_statistic,p_value,statistically significant,count,delta_ratio
0,-4.943165447608629,1.4035683875609874e-06,True,253,31.14985331694196
1,-2.564594206478603,0.013316534733779967,True,52,22.570707364011106
All,-5.359449272454572,1.6493009067874898e-07,True,306,29.733304471840288
