Category,t_statistic,p_value,statistically significant,count,delta_ratio
Culture/Tradition,-1.7003913583261796,0.11284066642272284,False,14,36.53090878564009
Ideology/Politics,-1.2024534761125534,0.24913134123370245,False,15,45.174815181568434
Personality/Behavior,-4.73946577535449,3.1943817551395998e-06,True,330,25.996907761633153
Values,-2.992049300262267,0.00414271364296333,True,56,17.55118244262682
