,t_statistic,p_value,statistically significant,count,delta_ratio
0,-4.700621272012962,4.272364668381956e-06,True,253,32.09500313444136
1,-2.1259148914578803,0.03837300170944152,True,52,22.34749370455953
All,-5.041511711877841,7.93542569920414e-07,True,306,30.518372931399213
