,t_statistic,p_value,statistically significant,count,delta_ratio
0,-5.2764635231485135,2.839526744849631e-07,True,253,35.292987670209165
1,-2.2228186178655793,0.03068771482210337,True,52,23.17355573656745
All,-5.637958050406651,3.921566522278487e-08,True,306,33.269919547162544
