Category,Type,t_statistic,p_value,statistically significant,count,delta_ratio
Culture/Tradition,-1,-1.7561776636215096,0.10257320776848046,False,14,42.14700323180622
Ideology/Politics,-1,-1.3514639097916745,0.19798157555427998,False,15,49.97435857361774
Personality/Behavior,-1,-3.1287157498331153,0.002546818839307725,True,72,38.197533485723035
Personality/Behavior,0,-3.792956207836646,0.00021901053591127714,True,144,31.34442392541698
Personality/Behavior,1,-2.811891390614623,0.005808335127501897,True,114,29.77949939714578
Values,-1,-2.5355676137308825,0.01421168326921514,True,54,22.591280849206964
Values,0,-1.5085422212756336,0.37266738253121157,False,2,74.36629711157931
