Category,t_statistic,p_value,statistically significant,count,delta_ratio
Culture/Tradition,-1.7877927754593999,0.09713048863823572,False,14,43.71960952486531
Ideology/Politics,-1.2511627083463253,0.23137966272536659,False,15,54.93754428812103
Personality/Behavior,-5.498080055449589,7.715670835632122e-08,True,330,35.19568216076992
Values,-3.1545109215284053,0.0026057283581691886,True,56,24.796632665819214
