Category,t_statistic,p_value,statistically significant,count,delta_ratio
Culture/Tradition,-1.969277298775864,0.0706119166030167,False,14,39.79423228321634
Ideology/Politics,-1.2200093484587777,0.24261483911896714,False,15,37.0371714266161
Personality/Behavior,-5.482683512648609,8.357002221437815e-08,True,330,29.720437976163993
Values,-3.2105173381910967,0.0022138243078821396,True,56,21.34096184574455
