Category,Type,t_statistic,p_value,statistically significant,count,delta_ratio
Culture/Tradition,-1,-2.183608921429518,0.04791722193295536,True,14,49.92192422869692
Ideology/Politics,-1,-1.649175830299742,0.12136065276078088,False,15,65.15321931357167
Personality/Behavior,-1,-4.569501412693105,2.0818337933774523e-05,True,70,58.43697667095389
Personality/Behavior,0,-5.631302111770916,9.162044451317268e-08,True,144,49.578454854881116
Personality/Behavior,1,-4.668102590198501,8.421862808635498e-06,True,114,42.27231054996487
Values,-1,-4.178949664085306,0.00011003021561344645,True,54,36.22770887001896
Values,0,-1.597918635452118,0.35598791907239113,False,2,132.86359417242565
