Category,t_statistic,p_value,statistically significant,count,delta_ratio
Culture/Tradition,-1.836483196514256,0.08925228893855136,False,14,34.44233307948794
Ideology/Politics,-1.131916268194613,0.276685573623579,False,15,41.81818532480378
Personality/Behavior,-4.990266167463776,9.789614651432065e-07,True,330,26.65182491847087
Values,-2.855947164969455,0.006042924802468782,True,56,20.90505947237085
