,t_statistic,p_value,statistically significant,count,delta_ratio
0,-2.5251975034521252,0.013118636842481612,True,102,64.77514157524492
1,-5.2085636037714895,9.540953363419202e-07,True,106,48.89349066645531
All,-3.612297473588927,0.0003809171963889281,True,208,56.68160793903484
