,t_statistic,p_value,statistically significant,count,delta_ratio
0,-2.5715654484780592,0.011580406212311623,True,102,57.78548967222584
1,-5.234572930289723,8.534638049834333e-07,True,106,44.67620310463853
All,-3.718377774603199,0.00025814107460917483,True,208,51.10479555605154
