,t_statistic,p_value,statistically significant,count,delta_ratio
0,-2.578777353231487,0.01135632815369955,True,102,72.95023557305292
1,-4.60042035701939,1.183289145083368e-05,True,106,55.16270159875643
All,-3.7366119780263163,0.00024123217990250383,True,208,63.885434605382606
