,t_statistic,p_value,statistically significant,count,delta_ratio
0,-2.3749444761616973,0.019439773018965736,True,102,66.33394924842919
1,-4.83217497276068,4.627705548021077e-06,True,106,48.31047748017619
All,-3.3150559832410944,0.0010817793400622747,True,208,57.14891075114642
