,t_statistic,p_value,statistically significant,count,delta_ratio
0,-2.50504766753079,0.013842477620015186,True,102,72.39958965630481
1,-4.479230905249141,1.912510043016844e-05,True,106,54.275010129456646
All,-3.5555144100811504,0.00046744854663238625,True,208,63.16302508973796
