,t_statistic,p_value,statistically significant,count,delta_ratio
0,-3.1069980083022917,0.002460340274138281,True,101,48.4850630375606
1,-5.729297459389181,9.89396127869311e-08,True,105,37.1418370234552
All,-4.684692703351258,5.101254493798321e-06,True,206,42.703321622603966
