,t_statistic,p_value,statistically significant,count,delta_ratio
0,-2.7492828033413264,0.007088513820231194,True,101,47.9206935356853
1,-4.771196871479696,5.998974544935719e-06,True,105,36.4468645222034
All,-4.071971449577535,6.6570757013968e-05,True,206,42.07238263075519
