,t_statistic,p_value,statistically significant,count,delta_ratio
0,2.183439483540292,0.0312959853131397,True,103,0.47097871144819065
1,3.6336049410038305,0.0004452377605322849,True,100,-7.135365696951719
All,4.1178745549561,5.5724916060883925e-05,True,203,-3.275988977418761
