,t_statistic,p_value,statistically significant,count,delta_ratio
0,1.7872579277878018,0.07689535359594686,False,102,-5.334107580200094
1,1.8049759890201327,0.07400020710222018,False,104,-14.04808903500719
All,2.5141552682105703,0.012700501608764524,True,206,-9.733399188452218
