Category,t_statistic,p_value,statistically significant,count,delta_ratio
Culture/Tradition,-2.452039973797961,0.029101206937764735,True,14,81.43388903165413
Ethnic/Racial Prejudice,-2.668569280472572,0.019316870792680275,True,14,63.369112369649706
Ideology/Politics,-1.422243281132248,0.1615586205937674,False,48,62.60705413043891
Other,-1.8503809115543794,0.1234882378268051,False,6,18.16833166313679
Personality/Behavior,-6.029419555268178,2.0041558871000254e-08,True,117,39.26756069495935
Residential area,-1.566853682068374,0.12924033792167508,False,27,44.995785814021815
Values,-1.4893382712853782,0.14757689028464058,False,29,48.56069888614412
