,t_statistic,p_value,statistically significant,count,delta_ratio
0,1.7686657028543586,0.079939053715464,False,103,0.6240527135281184
1,1.8558974640507566,0.06635511745566239,False,103,-9.30568789841294
All,2.5610235636841545,0.01115523734491669,True,206,-4.34081759244241
