,t_statistic,p_value,statistically significant,count,delta_ratio
0,1.5291323317674224,0.12935760965589604,False,102,-0.29144836481498654
1,1.4551225469935234,0.14867631418763308,False,104,-10.792135879192816
All,2.095378659577082,0.03736515496513403,True,206,-5.592766333238745
