Category,t_statistic,p_value,statistically significant,count,delta_ratio
Culture/Tradition,-0.3956656848931652,0.6992958333994459,False,13,30.49262282260241
Ethnic/Racial Prejudice,1.6126569883081538,0.1308199152340963,False,14,-9.401421093068178
Ideology/Politics,1.8501549227615108,0.07072043568725066,False,47,-8.474037912348651
Other,-0.488184927345581,0.6460736632386159,False,6,41.723498674428896
Personality/Behavior,2.4644830286445627,0.01517412807445657,True,118,-5.4207446699179425
Residential area,1.5507015724979962,0.13306151740253444,False,27,12.391711773616022
Values,2.813222944939428,0.00886783356450428,True,29,-39.20003999061351
