Category,t_statistic,p_value,statistically significant,count,delta_ratio
Culture/Tradition,-1.1122176856714552,0.28618983584626956,False,14,37.17877850055949
Ethnic/Racial Prejudice,1.4769576993215516,0.16349833632352267,False,14,-5.22602069608231
Ideology/Politics,1.6971251268543166,0.09643024896168842,False,47,-5.8476496368872395
Other,-0.9620104902152549,0.3802268348324249,False,6,48.83889607269516
Personality/Behavior,2.3990499376636647,0.01801699925754412,True,118,-6.9976646229712935
Residential area,1.5850383720131758,0.12504672943512338,False,27,12.152152266910948
Values,2.6697769751333658,0.012491214714369845,True,29,-39.16063005087008
