,t_statistic,p_value,statistically significant,count,delta_ratio
0,-7.666160653522779,1.2986580604162448e-11,True,99,36.11357933952001
1,-6.436459564531258,3.831270896242064e-09,True,105,28.89863305313167
All,-9.921975469867354,3.6102610434279825e-19,True,204,32.400004045055425
