,t_statistic,p_value,statistically significant,count,delta_ratio
0,-2.6864528098336136,0.008457529505506082,True,101,53.868464280935434
1,-5.624837196871767,1.576375434693129e-07,True,105,40.89187973436352
All,-3.9971828215860863,8.94077801644383e-05,True,206,47.25418574991577
