,t_statistic,p_value,statistically significant,count,delta_ratio
0,-3.0839244722764185,0.0026411545874642332,True,101,52.208210713018254
1,-5.732327757753693,9.760584490029033e-08,True,105,39.49532338151355
All,-4.651559207961863,5.9013281551653e-06,True,206,45.72834095666877
