Category,t_statistic,p_value,statistically significant,count,delta_ratio
Culture/Tradition,-2.756912185007179,0.016320838624193288,True,14,88.52447841059691
Ethnic/Racial Prejudice,-2.6286926747703814,0.02083911481019333,True,14,58.00969982802429
Ideology/Politics,-4.23152380260102,0.00010956033406253149,True,47,39.114213443968005
Other,-1.7987965923676215,0.13196187346622437,False,6,21.402769864247748
Personality/Behavior,-5.617797780632408,1.3474462374954662e-07,True,117,44.385068207040085
Residential area,-1.6863367781804197,0.10369599342471661,False,27,36.57915207365082
Values,-1.5905934292730475,0.1229299001476517,False,29,58.59810080390844
