,t_statistic,p_value,statistically significant,count,delta_ratio
0,1.5981157796757957,0.1131411444265799,False,102,6.6357048006212
1,2.1397645067576003,0.03473546835615214,True,104,-6.644906436333237
All,2.634572121149793,0.009067569290548975,True,206,-0.06906980444317672
