Category,t_statistic,p_value,statistically significant,count,delta_ratio
Culture/Tradition,-0.5802209288827793,0.5724999228417702,False,13,37.542390591660826
Ethnic/Racial Prejudice,1.3543277910147427,0.19870511414793443,False,14,-0.0983782731944664
Ideology/Politics,1.7665441234291006,0.08393966946665891,False,47,-4.873381592016428
Other,-0.4280364496742758,0.6864352189994792,False,6,50.62101939104494
Personality/Behavior,2.4062579149939762,0.017682203952519703,True,118,-2.014230406212666
Residential area,1.3520501926152624,0.18800417914302273,False,27,21.694244639454364
Values,2.675881536249628,0.012312291398133293,True,29,-37.5319774633828
