Category,t_statistic,p_value,statistically significant,count,delta_ratio
Culture/Tradition,-3.335640468692671,0.005366877233907487,True,14,70.72526188383344
Ethnic/Racial Prejudice,-2.953682398593101,0.01119237641856705,True,14,53.30396933261563
Ideology/Politics,-4.859379860338531,1.4069003550593905e-05,True,47,34.88107326431965
Other,-2.2901824562386603,0.0706332507428705,False,6,15.903763413321597
Personality/Behavior,-7.647312503402972,6.549898639336107e-12,True,117,32.09023615187377
Residential area,-3.049412684840702,0.005360558832426878,True,26,27.739448128320976
Values,-1.9557174886416562,0.06054369861157363,False,29,44.074610093130126
