,t_statistic,p_value,statistically significant,count,delta_ratio
0,1.9152546890442106,0.05826093543215156,False,103,-2.2749827978309316
1,2.9478385505043647,0.0039669935143269676,True,103,-13.595087589539137
All,3.4221838186190734,0.000749854975424305,True,206,-7.935035193685033
