Category,t_statistic,p_value,statistically significant,count,delta_ratio
Culture/Tradition,-0.6622960846455503,0.5193506905845842,False,14,39.23502378624582
Ethnic/Racial Prejudice,1.3069815955443858,0.2138660034913327,False,14,-1.903794969633953
Ideology/Politics,1.7215694145577376,0.09186709486951279,False,47,-4.788054565620076
Other,-0.2736117789574218,0.7953256435661531,False,6,29.42203762161743
Personality/Behavior,2.1367430184551988,0.03471960674412264,True,117,6.508950117135958
Residential area,1.481587490012109,0.15046905457431892,False,27,15.017147162898198
Values,2.927380358848552,0.006717488606007382,True,29,-37.26646773371567
