,t_statistic,p_value,statistically significant,count,delta_ratio
0,1.981359700802386,0.05024255766778263,False,103,-2.8526317637872443
1,2.811996104441057,0.005916061074938358,True,102,-12.001608173672338
All,3.3053541876332693,0.0011205805461666533,True,205,-7.404805392120315
