Category,t_statistic,p_value,statistically significant,count,delta_ratio
Culture/Tradition,-3.4549508769364463,0.00426737203404808,True,14,68.05600079062948
Ethnic/Racial Prejudice,-2.3335115337767935,0.036324710740555356,True,14,33.51254461922058
Ideology/Politics,-5.663002525568116,9.238051432524849e-07,True,47,28.664669672160937
Other,-1.7221207165188719,0.14566331589561007,False,6,10.692404829674944
Personality/Behavior,-9.849895442020348,5.313580163467252e-17,True,117,29.69490212206192
Residential area,-3.6375634067473235,0.001248536431573,True,26,27.88714558032926
Values,-2.9605756101742005,0.006327314644994781,True,28,23.909487872310233
