,t_statistic,p_value,statistically significant,count,delta_ratio
0,1.6600927467540711,0.09999755670226045,False,102,2.694766887339966
1,2.6355455487377375,0.009724529115413185,True,102,-8.590426902598981
All,3.0996039850976933,0.0022127450557643076,True,204,-2.947830007629508
