,t_statistic,p_value,statistically significant,count,delta_ratio
0,1.7951663906058,0.07558868561006885,False,103,-2.6784871904204106
1,1.9822119702775414,0.050119417496946796,False,104,-11.536407344308177
All,2.659279068866658,0.008446450457201117,True,207,-7.12884320976499
