Category,t_statistic,p_value,statistically significant,count,delta_ratio
Culture/Tradition,-1.1031536588901112,0.28996325664794476,False,14,40.95517333529751
Ethnic/Racial Prejudice,1.4174431384065833,0.1798735454364746,False,14,-6.0976919019383615
Ideology/Politics,1.655248798659443,0.10468187048019977,False,47,-5.893024898968634
Other,-0.5780037978099309,0.5883157053117374,False,6,43.626632406925474
Personality/Behavior,2.1463084256783422,0.03393145531041444,True,117,-3.620291780852646
Residential area,1.672557601933386,0.10640715519009768,False,27,8.223092499521572
Values,2.7910955627582874,0.00935353028010823,True,29,-38.09171110133331
