,t_statistic,p_value,statistically significant,count,delta_ratio
0,1.381431220274335,0.1701948563363473,False,102,10.12359654217098
1,1.4770629338351737,0.14273970807753505,False,103,-3.5364988014037126
All,1.9620089567219328,0.051121481315372544,False,205,3.260231564667597
