Category,t_statistic,p_value,statistically significant,count,delta_ratio
Culture/Tradition,-0.9201252734989939,0.3742661655392059,False,14,44.26502814971538
Ethnic/Racial Prejudice,1.2931408022130486,0.21847045762748143,False,14,2.3794990055651133
Ideology/Politics,1.565562559029973,0.1243052791713976,False,47,-3.8386245303156317
Other,-1.835883829497468,0.12581186707381609,False,6,44.49984483907377
Personality/Behavior,1.8506843044737442,0.06678130880250926,False,116,10.763161453006841
Residential area,1.1956865883357772,0.24261054670804594,False,27,19.265573730579806
Values,2.5544267287800864,0.016362153364756236,True,29,-35.220377207793696
