,t_statistic,p_value,statistically significant,count,delta_ratio
0,-3.85507788039377,0.00020577502093896766,True,100,45.493912337346295
1,-6.712163189718333,1.0355795810292516e-09,True,105,33.929718720340915
All,-6.253264303642285,2.315295894444171e-09,True,205,39.5707887774167
