,t_statistic,p_value,statistically significant,count,delta_ratio
0,1.505192825661988,0.1353649629871157,False,103,9.277335433377743
1,2.994950961970271,0.0034525397746814693,True,102,-2.5877791711114426
All,3.0787983472558613,0.002364267200340069,True,205,3.3737174350465375
