Category,t_statistic,p_value,statistically significant,count,delta_ratio
Culture/Tradition,-1.0949122051627034,0.2934266403034583,False,14,36.66392345334465
Ethnic/Racial Prejudice,1.4889374192617928,0.16035842125725047,False,14,-9.291367102225468
Ideology/Politics,1.8092381072021664,0.07695156662241061,False,47,-6.254748419643451
Other,-0.5754696042851349,0.5899016585938994,False,6,31.935665373605065
Personality/Behavior,2.4392304053152354,0.01623326620895538,True,117,-11.971807376841923
Residential area,1.6299947826384036,0.11515960477544694,False,27,14.508483772386516
Values,2.555669874029338,0.016315072818865916,True,29,-40.67816500067823
