,t_statistic,p_value,statistically significant,count,delta_ratio
0,-2.6417343965800746,0.009573633704241259,True,101,54.76216930572125
1,-2.231607227482896,0.02776577479868771,True,106,51.85288195222396
All,-3.422410522470881,0.0007486035283837751,True,207,53.2723893082782
