,t_statistic,p_value,statistically significant,count,delta_ratio
0,1.695027432902418,0.09312108132056852,False,103,3.1590455117331655
1,2.6332069707683456,0.009773900518275654,True,103,-10.540490931918397
All,3.0633491484175353,0.0024825735367106543,True,206,-3.690722710092616
