,t_statistic,p_value,statistically significant,count,delta_ratio
0,-2.943264193984248,0.003768228263270562,True,150,32.14434692596352
1,-1.919933156391718,0.05954581015372473,False,62,24.013427773519755
All,-3.3890221482635767,0.0008369621331700353,True,212,29.76643660779601
