Category,t_statistic,p_value,statistically significant,count,delta_ratio
Ideology/Politics,-4.20652541879967,5.0524718237267214e-05,True,120,18.670424032096122
Institutions,-4.038652305406986,0.0007705671378804649,True,19,20.41300002162732
Occupation/Social Status,-2.985240244104433,0.003648698363280763,True,91,16.929374324532027
Other,-1.1808567495063482,0.2679246583641285,False,10,11.313991015818429
Personality/Behavior,-1.2475452476244306,0.22125050817982472,False,33,19.238243995690123
Residential Area,-1.6972549294203805,0.09935555920976986,False,33,32.37403277323935
