Category,t_statistic,p_value,statistically significant,count,delta_ratio
Ideology/Politics,-4.144766773451577,6.400459177828328e-05,True,120,16.61322933772453
Institutions,-3.748038013454708,0.001472365548901369,True,19,21.328015434511606
Occupation/Social Status,-2.946217475821146,0.004095094296778825,True,91,18.46329821981357
Other,-1.5580816428349789,0.15364190575571116,False,10,12.430732350130128
Personality/Behavior,-1.2015315417779269,0.23836246930439964,False,33,17.632463588614478
Residential Area,-1.8989953198191745,0.06661274710359807,False,33,34.7940178732038
