,t_statistic,p_value,statistically significant,count,delta_ratio
0,-3.9611550251833916,0.00011525410089939857,True,150,18.916987865420932
1,-2.2064715671114996,0.031125981783402704,True,62,18.628358631429457
All,-4.527464507782967,9.973647110144354e-06,True,212,18.83257742906493
