Category,t_statistic,p_value,statistically significant,count,delta_ratio
Ideology/Politics,-3.9264203948902865,0.00014495562319712224,True,120,16.942383173287894
Institutions,-2.954000814392691,0.008492674795765336,True,19,18.878095653066232
Occupation/Social Status,-3.3029388529984316,0.0013737468922557308,True,91,18.287506037283872
Other,-1.3556630180047011,0.20824452476765554,False,10,13.948664851230893
Personality/Behavior,-1.1865195365158945,0.24415189168773474,False,33,23.177994202468405
Residential Area,-1.8642233851313303,0.07148660340244568,False,33,28.749767775424996
