Category,t_statistic,p_value,statistically significant,count,delta_ratio
Ideology/Politics,-4.448748318424479,1.9554751574986992e-05,True,120,19.40642713648775
Institutions,-3.111125088194283,0.00603071606612707,True,19,23.891358615309297
Occupation/Social Status,-3.2630108328242358,0.001558738767790146,True,91,21.478536207474818
Other,-1.7679760693343745,0.11085980099551097,False,10,16.637491766919783
Personality/Behavior,-1.3020453158480416,0.2021956352532478,False,33,22.76120316248144
Residential Area,-2.026400138254266,0.05112649481007984,False,33,34.454734572707956
