,t_statistic,p_value,statistically significant,count,delta_ratio
0,-3.0317454553897156,0.0028683189780636525,True,150,23.797974227009426
1,-1.880324261674873,0.06484066602353024,False,62,20.928786744770328
All,-3.5150626876074162,0.0005379907944071821,True,212,22.95887222748667
