,t_statistic,p_value,statistically significant,count,delta_ratio
0,-3.0983537483916703,0.0023265605904052465,True,150,23.753724980624316
1,-2.172787488625411,0.033690512893913276,True,62,22.267445039789465
All,-3.6126901922352883,0.0003788015329097111,True,212,23.3190582054745
