Category,t_statistic,p_value,statistically significant,count,delta_ratio
Culture/Tradition,-1.790200991674713,0.09672666216667822,False,14,260.92769705031907
Ethnic/Racial Prejudice,-3.011645889441776,0.010012123452652219,True,14,135.1288271712409
Ideology/Politics,-2.686290622880746,0.010154771035418085,True,45,57.32684192333344
Other,-1.2928236927199277,0.25258472312513447,False,6,88.59548793042379
Personality/Behavior,-3.93125459799836,0.00014418445502546162,True,117,179.3434017923582
Residential area,-0.28520253375193844,0.7778384803681252,False,26,43.52539572098587
Values,-1.4932175584307918,0.14656409277952653,False,29,30.494780902166102
