,t_statistic,p_value,statistically significant,count,delta_ratio
0,-2.397524086375486,0.018307385767123683,True,104,109.50318468067069
1,-2.422077336538908,0.017214407083784494,True,102,69.37598970855316
All,-3.395643366891509,0.0008221312699072662,True,206,89.63437940321444
