,t_statistic,p_value,statistically significant,count,delta_ratio
0,-3.959118095225162,0.00014015737800298668,True,102,178.4269658357286
1,-2.964624062677007,0.0037810288993488797,True,102,116.32211329731355
All,-4.690492365795538,5.000039001850611e-06,True,204,147.3745395665211
