Category,t_statistic,p_value,statistically significant,count,delta_ratio
Culture/Tradition,-2.07206559402978,0.05871000608291842,False,14,248.70066618522722
Ethnic/Racial Prejudice,-1.9917918127811407,0.06782946073450453,False,14,111.65466117610788
Ideology/Politics,-2.5384878059220854,0.014747135443761755,True,45,57.13727870921682
Other,-1.3924665464934634,0.22253405120608638,False,6,95.21432982564052
Personality/Behavior,-3.567064134097791,0.0005242400018512303,True,118,186.43561361962844
Residential area,-0.5529387373642037,0.5852163133005863,False,26,44.9148958649169
Values,-0.7609054961464801,0.45307430870624776,False,29,27.287150619706356
