,t_statistic,p_value,statistically significant,count,delta_ratio
0,-3.478906935428633,0.0007444246581143199,True,102,179.0918348908071
1,-3.096701498031438,0.0025333829919113875,True,102,108.76566894068978
All,-4.6606723410379445,5.7007370435171036e-06,True,204,143.92875191574842
