,t_statistic,p_value,statistically significant,count,delta_ratio
0,-3.4821370724029834,0.0007364605546165577,True,102,169.45402214181078
1,-3.108935844781826,0.002445690055908121,True,101,106.96410408471877
All,-4.672079223689185,5.437222072775595e-06,True,203,138.36297916759256
