,t_statistic,p_value,statistically significant,count,delta_ratio
0,-3.001227063393406,0.003387939966929734,True,102,156.86948623940856
1,-2.857849284555097,0.005171078135241416,True,103,97.37580174079604
All,-4.15376343919029,4.807519478975361e-05,True,205,126.9775374425447
