,t_statistic,p_value,statistically significant,count,delta_ratio
0,-5.464677179562131,3.466657259363591e-07,True,100,122.64253840661877
1,-3.9567050610913332,0.00014300880344788705,True,100,82.46202085140042
All,-6.5956644368489,3.7346704444259863e-10,True,200,102.55227962900962
