,t_statistic,p_value,statistically significant,count,delta_ratio
0,-3.4506132762980255,0.0008177376146235106,True,102,188.60164365361817
1,-2.9203049232448746,0.004313147981650417,True,102,124.97592077267328
All,-4.435543799302361,1.504143281606104e-05,True,204,156.78878221314574
