Category,t_statistic,p_value,statistically significant,count,delta_ratio
Culture/Tradition,-1.8362298115547053,0.08929175560707507,False,14,261.5450955147735
Ethnic/Racial Prejudice,-2.2697431237239054,0.04088791157899488,True,14,139.33722972065152
Ideology/Politics,-0.1711475179319122,0.8648750463319932,False,46,62.59644527643067
Other,-1.3665166231992727,0.2300210825448892,False,6,94.54869686216973
Personality/Behavior,-3.8649354533781692,0.0001836440823327935,True,117,186.4422861377687
Residential area,-0.34703357936152146,0.7314704623543078,False,26,35.59640968464327
Values,-1.666633458283037,0.10673671854370134,False,29,43.87762735570182
