Category,t_statistic,p_value,statistically significant,count,delta_ratio
Culture/Tradition,-1.7995205468551623,0.09517800162850741,False,14,226.93402470522614
Ethnic/Racial Prejudice,-2.2221494482295183,0.0446418189449057,True,14,119.72446311915633
Ideology/Politics,-1.5107802214010637,0.13799348367386272,False,45,56.34617638936517
Other,-1.6299550273905652,0.16403975548640437,False,6,75.08941864532494
Personality/Behavior,-3.5279657859630693,0.0005976462599507397,True,119,164.40729419842287
Residential area,-0.17757166196755536,0.8604903098842619,False,26,38.633568609750824
Values,1.2263124544610722,0.23029454080016853,False,29,7.129547785368115
