,t_statistic,p_value,statistically significant,count,delta_ratio
0,-3.7358183582594173,0.00031003677207689886,True,102,176.9817949247925
1,-3.2456698569979623,0.001599144490202158,True,100,116.11376439809398
All,-4.953763573718854,1.540674252692399e-06,True,202,146.84910654523878
