,t_statistic,p_value,statistically significant,count,delta_ratio
0,-4.407772397289339,2.6308424565277804e-05,True,101,208.0057730241092
1,-2.8228530134606418,0.005733734753329685,True,102,130.61113783456585
All,-4.834469541997535,2.6400969492188417e-06,True,203,169.1178282490677
