Category,t_statistic,p_value,statistically significant,count,delta_ratio
Culture/Tradition,-2.455087576285462,0.028934984714100685,True,14,176.0795452574568
Ethnic/Racial Prejudice,-1.5131259105765862,0.15613082121937114,False,13,56.0717872206784
Ideology/Politics,-1.7549978189345186,0.08622092575747771,False,45,42.8489168862245
Other,-2.0571114691258043,0.09478096034003133,False,6,82.19563515479865
Personality/Behavior,-4.347319571127861,2.956267212406679e-05,True,118,121.94744812233813
Residential area,-1.2102739691275077,0.2374928888386159,False,26,55.132710795629826
Values,0.19360505342485748,0.8478827986318719,False,29,8.496198946781451
