,t_statistic,p_value,statistically significant,count,delta_ratio
0,-4.30030477326724,3.9722087556882985e-05,True,101,174.4868633899937
1,-3.051230358965587,0.002911789996609759,True,102,110.75045885636973
All,-5.024983667518041,1.105914796257961e-06,True,203,142.4616749051186
