Category,t_statistic,p_value,statistically significant,count,delta_ratio
Culture/Tradition,-1.7578580699954398,0.10227722410263544,False,14,309.25686239081665
Ethnic/Racial Prejudice,-2.248695844927414,0.04250966049308276,True,14,128.47192745077248
Ideology/Politics,-1.505519260834145,0.13933634528847794,False,45,67.7175007562879
Other,-1.360285694263618,0.23185369675818257,False,6,99.14121155989115
Personality/Behavior,-4.233616461144451,4.625101716223663e-05,True,117,218.05763975910622
Residential area,-0.14904487840969927,0.8827140203717849,False,26,47.06318247724827
Values,-1.577615107356277,0.12588649892703774,False,29,41.82062329950188
