,t_statistic,p_value,statistically significant,count,delta_ratio
0,-4.0413627469665245,0.00010448817270739844,True,101,246.49232683251992
1,-2.8459463827634996,0.005362900664576457,True,102,139.84924721759802
All,-4.734146538652095,4.134042820024849e-06,True,203,192.90811934127836
