,t_statistic,p_value,statistically significant,count,delta_ratio
0,-4.3350282051623195,3.4526833122985985e-05,True,102,116.95666894844439
1,-2.4502751090412724,0.016011749876154485,True,101,72.59057934449932
All,-4.7396594875888,4.034128549696461e-06,True,203,94.88290022924016
