Category,t_statistic,p_value,statistically significant,count,delta_ratio
Culture/Tradition,-1.9771537056729642,0.069626820073081,False,14,237.8161171849699
Ethnic/Racial Prejudice,-2.311071726485156,0.039399624826511756,True,13,117.89312965457712
Ideology/Politics,-1.3195057863677437,0.19382512571355476,False,45,67.24296530233977
Other,-1.559124999405907,0.17970935258521598,False,6,78.4841957222707
Personality/Behavior,-4.119704010018063,7.109039999840877e-05,True,118,178.38398331956674
Residential area,-0.8410468590526118,0.4082945040415157,False,26,44.767044844936535
Values,1.2062394895952313,0.23781883004445,False,29,9.11274826540285
